DatasetFile,ImageID,Topic,Subset,OriginalURL,OriginalLandingURL,License,AuthorProfileURL,Author,Title,OriginalSize,OriginalMD5,Thumbnail300KURL,Rotation,PerceptualHash
image_0751.hdf5,193547116,nature_landscape,wikimedia_commons,https://upload.wikimedia.org/wikipedia/commons/c/c5/Xerochrysum_macsweeneyorum%2C_D%E2%80%99Aguilar_National_Park%2C_Dundas%2C_QLD%2C_AU_imported_from_iNaturalist_photo_322600854.jpg,"https://commons.wikimedia.org/wiki/File:Xerochrysum_macsweeneyorum,_D%E2%80%99Aguilar_National_Park,_Dundas,_QLD,_AU_imported_from_iNaturalist_photo_322600854.jpg",CC BY 4.0,,"(c) Martin Hannan-Jones, some rights reserved (CC BY)","File:Xerochrysum macsweeneyorum, D’Aguilar National Park, Dundas, QLD, AU imported from iNaturalist photo 322600854.jpg","(1536, 2048)",74bc568d5912b565174bb58827f9fe46,https://upload.wikimedia.org/wikipedia/commons/c/c5/Xerochrysum_macsweeneyorum%2C_D%E2%80%99Aguilar_National_Park%2C_Dundas%2C_QLD%2C_AU_imported_from_iNaturalist_photo_322600854.jpg,0,0cc1ccc6860d6131
image_0752.hdf5,179251583,nature_landscape,wikimedia_commons,https://upload.wikimedia.org/wikipedia/commons/a/aa/Autumn_Nature_of_Golestan_Lal_Spring_17_%282025%29_Tasnim.jpg,https://commons.wikimedia.org/wiki/File:Autumn_Nature_of_Golestan_Lal_Spring_17_(2025)_Tasnim.jpg,CC BY 4.0,,علی اصغر سلیمی,File:Autumn Nature of Golestan Lal Spring 17 (2025) Tasnim.jpg,"(800, 557)",abcbc0702dfbba26717b9f9fe8915e73,https://upload.wikimedia.org/wikipedia/commons/a/aa/Autumn_Nature_of_Golestan_Lal_Spring_17_%282025%29_Tasnim.jpg,0,e77b3c1d0d052465
image_0753.hdf5,156699197,building_exterior,wikimedia_commons,https://upload.wikimedia.org/wikipedia/commons/8/8c/Post_and_Telegraph_Offices%2C_Bowen.jpg,"https://commons.wikimedia.org/wiki/File:Post_and_Telegraph_Offices,_Bowen.jpg",CC BY 4.0,,"Unknown author<span style=""display: none;"">Unknown author</span>","File:Post and Telegraph Offices, Bowen.jpg","(1400, 902)",e0d1ef468c7e8a2f506bc659ca5ea232,https://upload.wikimedia.org/wikipedia/commons/8/8c/Post_and_Telegraph_Offices%2C_Bowen.jpg,0,3f9bf8dcdcbc591d
image_0754.hdf5,182431706,building_exterior,wikimedia_commons,https://upload.wikimedia.org/wikipedia/commons/2/20/Cour_d%27honneur_du_coll%C3%A8ge_de_France._D%C3%A9cor_de_la_fa%C3%A7ade.jpg,https://commons.wikimedia.org/wiki/File:Cour_d%27honneur_du_coll%C3%A8ge_de_France._D%C3%A9cor_de_la_fa%C3%A7ade.jpg,CC BY 4.0,,Collège de France,File:Cour d'honneur du collège de France. Décor de la façade.jpg,"(6000, 8195)",fe1b125b39eebd53a1d672ab28cb11e0,https://upload.wikimedia.org/wikipedia/commons/thumb/2/20/Cour_d%27honneur_du_coll%C3%A8ge_de_France._D%C3%A9cor_de_la_fa%C3%A7ade.jpg/1920px-Cour_d%27honneur_du_coll%C3%A8ge_de_France._D%C3%A9cor_de_la_fa%C3%A7ade.jpg,0,797133696b777149
image_0755.hdf5,96962216,building_exterior,wikimedia_commons,https://upload.wikimedia.org/wikipedia/commons/9/98/1399090215061015221661584_%D8%AF%D9%88%D9%85%DB%8C%D9%86_%D8%B1%D9%88%D8%B2_%D8%A7%D8%B9%D9%85%D8%A7%D9%84_%D9%85%D8%AD%D8%AF%D9%88%D8%AF%DB%8C%D8%AA_%D9%87%D8%A7_%D8%AF%D8%B1_%D8%A7%D9%87%D9%88%D8%A7%D8%B2.jpg,https://commons.wikimedia.org/wiki/File:1399090215061015221661584_%D8%AF%D9%88%D9%85%DB%8C%D9%86_%D8%B1%D9%88%D8%B2_%D8%A7%D8%B9%D9%85%D8%A7%D9%84_%D9%85%D8%AD%D8%AF%D9%88%D8%AF%DB%8C%D8%AA_%D9%87%D8%A7_%D8%AF%D8%B1_%D8%A7%D9%87%D9%88%D8%A7%D8%B2.jpg,CC BY 4.0,,Mehdi Pedramkhoo,File:1399090215061015221661584 دومین روز اعمال محدودیت ها در اهواز.jpg,"(800, 492)",60f7c0afa26a47a9e0bd432a66811313,https://upload.wikimedia.org/wikipedia/commons/9/98/1399090215061015221661584_%D8%AF%D9%88%D9%85%DB%8C%D9%86_%D8%B1%D9%88%D8%B2_%D8%A7%D8%B9%D9%85%D8%A7%D9%84_%D9%85%D8%AD%D8%AF%D9%88%D8%AF%DB%8C%D8%AA_%D9%87%D8%A7_%D8%AF%D8%B1_%D8%A7%D9%87%D9%88%D8%A7%D8%B2.jpg,0,19486c49a9fa566d
image_0756.hdf5,54149500,building_exterior,wikimedia_commons,https://upload.wikimedia.org/wikipedia/commons/a/a2/Exterior_de_la_capilla_de_los_Manuel%2C_Pe%C3%B1afiel.jpg,"https://commons.wikimedia.org/wiki/File:Exterior_de_la_capilla_de_los_Manuel,_Pe%C3%B1afiel.jpg",CC BY 4.0,,José Luis Filpo Cabana,"File:Exterior de la capilla de los Manuel, Peñafiel.jpg","(2975, 3966)",1e51fc3f4c28894b42c383e9e55b1fba,https://upload.wikimedia.org/wikipedia/commons/thumb/a/a2/Exterior_de_la_capilla_de_los_Manuel%2C_Pe%C3%B1afiel.jpg/1920px-Exterior_de_la_capilla_de_los_Manuel%2C_Pe%C3%B1afiel.jpg,0,09fcd0125010091b
image_0757.hdf5,151250276,nature_landscape,wikimedia_commons,https://upload.wikimedia.org/wikipedia/commons/9/91/Camel_Rock%2C_New_South_Wales.jpg,"https://commons.wikimedia.org/wiki/File:Camel_Rock,_New_South_Wales.jpg",CC BY 4.0,,Jtneill,"File:Camel Rock, New South Wales.jpg","(4080, 3072)",b0f8c5f94bded0f2171faf976eb0edd2,https://upload.wikimedia.org/wikipedia/commons/thumb/9/91/Camel_Rock%2C_New_South_Wales.jpg/1920px-Camel_Rock%2C_New_South_Wales.jpg,0,c6e3898dca46c389
image_0758.hdf5,175123247,building_exterior,wikimedia_commons,https://upload.wikimedia.org/wikipedia/commons/4/41/Polling_booth_sign_outside_Hastings_District_Council_building%2C_September_2025.jpg,"https://commons.wikimedia.org/wiki/File:Polling_booth_sign_outside_Hastings_District_Council_building,_September_2025.jpg",CC BY 4.0,,TheLoyalOrder,"File:Polling booth sign outside Hastings District Council building, September 2025.jpg","(3072, 4096)",b8e957faee1d7fe5f2d0e1212c0efffb,https://upload.wikimedia.org/wikipedia/commons/thumb/4/41/Polling_booth_sign_outside_Hastings_District_Council_building%2C_September_2025.jpg/1920px-Polling_booth_sign_outside_Hastings_District_Council_building%2C_September_2025.jpg,0,ea8c213274725309
image_0759.hdf5,170854766,building_exterior,wikimedia_commons,https://upload.wikimedia.org/wikipedia/commons/9/9c/Rebel-exterior-2025.jpg,https://commons.wikimedia.org/wiki/File:Rebel-exterior-2025.jpg,CC BY 4.0,,Dkpedersen,File:Rebel-exterior-2025.jpg,"(1920, 1280)",5ca760bb47e3136ea97bfb80f3784c3d,https://upload.wikimedia.org/wikipedia/commons/9/9c/Rebel-exterior-2025.jpg,0,03294dce0cd566e6
image_0760.hdf5,151135453,nature_landscape,wikimedia_commons,https://upload.wikimedia.org/wikipedia/commons/e/e2/0_Heracleum_mantegazzianum%2C_native%2C_Dilijan_National_Park%2C_Armenia_1.jpg,"https://commons.wikimedia.org/wiki/File:0_Heracleum_mantegazzianum,_native,_Dilijan_National_Park,_Armenia_1.jpg",CC BY 4.0,https://www.inaturalist.org/people/ivanovdg19,ivanovdg19,"File:0 Heracleum mantegazzianum, native, Dilijan National Park, Armenia 1.jpg","(1536, 2048)",39f0b389956f5ddd5ede7847dab033c8,https://upload.wikimedia.org/wikipedia/commons/e/e2/0_Heracleum_mantegazzianum%2C_native%2C_Dilijan_National_Park%2C_Armenia_1.jpg,0,39a302100e9a9bd7
image_0761.hdf5,89041209,building_exterior,wikimedia_commons,https://upload.wikimedia.org/wikipedia/commons/e/ee/1396092910395132812836674_%D9%BE%DB%8C%D8%B1%D9%88%D8%B2%DB%8C.jpg,https://commons.wikimedia.org/wiki/File:1396092910395132812836674_%D9%BE%DB%8C%D8%B1%D9%88%D8%B2%DB%8C.jpg,CC BY 4.0,,M.Saeed Sajjadi,File:1396092910395132812836674 پیروزی.jpg,"(800, 490)",4905d05d15dd4e051621dec8b0a030e8,https://upload.wikimedia.org/wikipedia/commons/e/ee/1396092910395132812836674_%D9%BE%DB%8C%D8%B1%D9%88%D8%B2%DB%8C.jpg,0,bd76527b1a343199
image_0762.hdf5,175771780,building_exterior,wikimedia_commons,https://upload.wikimedia.org/wikipedia/commons/5/5c/Tap_House%2C_The_Old_Post_Office%2C_Liphook.jpg,"https://commons.wikimedia.org/wiki/File:Tap_House,_The_Old_Post_Office,_Liphook.jpg",CC BY 4.0,,Tim Sheerman-Chase,"File:Tap House, The Old Post Office, Liphook.jpg","(4608, 3456)",d82f5803c075b3b020a8119afc07042d,https://upload.wikimedia.org/wikipedia/commons/thumb/5/5c/Tap_House%2C_The_Old_Post_Office%2C_Liphook.jpg/1920px-Tap_House%2C_The_Old_Post_Office%2C_Liphook.jpg,0,a3de7127b19c070c
image_0763.hdf5,86251489,building_exterior,wikimedia_commons,https://upload.wikimedia.org/wikipedia/commons/2/23/Zaventem_Kerkplein_Sint-Martinuskerk_-_202905_-_onroerenderfgoed.jpg,https://commons.wikimedia.org/wiki/File:Zaventem_Kerkplein_Sint-Martinuskerk_-_202905_-_onroerenderfgoed.jpg,CC BY 4.0,,"Kennes, Hilde",File:Zaventem Kerkplein Sint-Martinuskerk - 202905 - onroerenderfgoed.jpg,"(480, 640)",e4bb4cfea396bfbc014689421fa40bd7,https://upload.wikimedia.org/wikipedia/commons/2/23/Zaventem_Kerkplein_Sint-Martinuskerk_-_202905_-_onroerenderfgoed.jpg,0,2396ccc8d8383010
image_0764.hdf5,109086153,nature_landscape,wikimedia_commons,https://upload.wikimedia.org/wikipedia/commons/d/dc/Mares_dans_l%27Espace_nature_des_%C3%8Eles_et_L%C3%B4nes_du_Rh%C3%B4ne_%28Entre_Grigny_et_Millery%29.jpg,https://commons.wikimedia.org/wiki/File:Mares_dans_l%27Espace_nature_des_%C3%8Eles_et_L%C3%B4nes_du_Rh%C3%B4ne_(Entre_Grigny_et_Millery).jpg,CC BY 4.0,,Maciej Poltorak / Vanupied,File:Mares dans l'Espace nature des Îles et Lônes du Rhône (Entre Grigny et Millery).jpg,"(3008, 2000)",441354d6f160d289a54073a7e22cd603,https://upload.wikimedia.org/wikipedia/commons/thumb/d/dc/Mares_dans_l%27Espace_nature_des_%C3%8Eles_et_L%C3%B4nes_du_Rh%C3%B4ne_%28Entre_Grigny_et_Millery%29.jpg/1920px-Mares_dans_l%27Espace_nature_des_%C3%8Eles_et_L%C3%B4nes_du_Rh%C3%B4ne_%28Entre_Grigny_et_Millery%29.jpg,0,0b0b0b161e3f1f03
image_0765.hdf5,193495851,nature_landscape,wikimedia_commons,https://upload.wikimedia.org/wikipedia/commons/0/03/Fringed_Daisy_Bush%2C_Grampians_National_Park%2C_Ararat%2C_Victoria%2C_Australia_imported_from_iNaturalist_photo_619496216.jpg,"https://commons.wikimedia.org/wiki/File:Fringed_Daisy_Bush,_Grampians_National_Park,_Ararat,_Victoria,_Australia_imported_from_iNaturalist_photo_619496216.jpg",CC BY 4.0,,"(c) grampianshiker, some rights reserved (CC BY)","File:Fringed Daisy Bush, Grampians National Park, Ararat, Victoria, Australia imported from iNaturalist photo 619496216.jpg","(2048, 1536)",e38d84b3cf9578b6ab498e2fa2770943,https://upload.wikimedia.org/wikipedia/commons/thumb/0/03/Fringed_Daisy_Bush%2C_Grampians_National_Park%2C_Ararat%2C_Victoria%2C_Australia_imported_from_iNaturalist_photo_619496216.jpg/1920px-Fringed_Daisy_Bush%2C_Grampians_National_Park%2C_Ararat%2C_Victoria%2C_Australia_imported_from_iNaturalist_photo_619496216.jpg,0,899b515a5acd89c3
image_0766.hdf5,135718842,nature_landscape,wikimedia_commons,https://upload.wikimedia.org/wikipedia/commons/2/29/Mossman_River%2C_Daintree_National_park%2C_1989_QUT-510.jpg,"https://commons.wikimedia.org/wiki/File:Mossman_River,_Daintree_National_park,_1989_QUT-510.jpg",CC BY 4.0,https://commons.wikimedia.org/wiki/User:Harbison,Harbison,"File:Mossman River, Daintree National park, 1989 QUT-510.jpg","(5222, 3461)",bcc6dc3b6c67c8f0244f1404b447627c,https://upload.wikimedia.org/wikipedia/commons/thumb/2/29/Mossman_River%2C_Daintree_National_park%2C_1989_QUT-510.jpg/1920px-Mossman_River%2C_Daintree_National_park%2C_1989_QUT-510.jpg,0,7fdb7e7d6c78783c
image_0767.hdf5,175564326,building_exterior,wikimedia_commons,https://upload.wikimedia.org/wikipedia/commons/3/36/Pannonhalma_Archabbey%2C_buildings.jpg,"https://commons.wikimedia.org/wiki/File:Pannonhalma_Archabbey,_buildings.jpg",CC BY 4.0,,Dguendel,"File:Pannonhalma Archabbey, buildings.jpg","(2762, 4006)",a2d0b63970ff7d0c49a319d9e933065b,https://upload.wikimedia.org/wikipedia/commons/thumb/3/36/Pannonhalma_Archabbey%2C_buildings.jpg/1920px-Pannonhalma_Archabbey%2C_buildings.jpg,0,67b6d0f4193abccc
image_0768.hdf5,167708943,nature_landscape,wikimedia_commons,https://upload.wikimedia.org/wikipedia/commons/4/42/Deutsche_Post_for_Hainich_National_Park.png,https://commons.wikimedia.org/wiki/File:Deutsche_Post_for_Hainich_National_Park.png,CC BY 4.0,,Astra Travasso,File:Deutsche Post for Hainich National Park.png,"(4108, 2743)",41fbfb458f587ab4f0ea31df7a165ee6,https://upload.wikimedia.org/wikipedia/commons/thumb/4/42/Deutsche_Post_for_Hainich_National_Park.png/1920px-Deutsche_Post_for_Hainich_National_Park.png,0,9686a4d4e6e29a0c
image_0769.hdf5,148902360,nature_landscape,wikimedia_commons,https://upload.wikimedia.org/wikipedia/commons/b/b7/Fuyuan_National_Park_Lee%2C_Yan-Nian_IMG_2214_WDPA_555593997.jpg,"https://commons.wikimedia.org/wiki/File:Fuyuan_National_Park_Lee,_Yan-Nian_IMG_2214_WDPA_555593997.jpg",CC BY 4.0,,Yannian Lee,"File:Fuyuan National Park Lee, Yan-Nian IMG 2214 WDPA 555593997.jpg","(3024, 4032)",a2d799e3f82530e49a88a7504fdf2fbe,https://upload.wikimedia.org/wikipedia/commons/thumb/b/b7/Fuyuan_National_Park_Lee%2C_Yan-Nian_IMG_2214_WDPA_555593997.jpg/1920px-Fuyuan_National_Park_Lee%2C_Yan-Nian_IMG_2214_WDPA_555593997.jpg,0,cfc27267cda86cbe
image_0770.hdf5,149010544,building_exterior,wikimedia_commons,https://upload.wikimedia.org/wikipedia/commons/5/57/Seaside_High_School_-_Seaside_Oregon_-_new_hillside_location.jpg,https://commons.wikimedia.org/wiki/File:Seaside_High_School_-_Seaside_Oregon_-_new_hillside_location.jpg,CC BY 4.0,,Tedder,File:Seaside High School - Seaside Oregon - new hillside location.jpg,"(2917, 2140)",bb0b75b9dd9b6943b6ea8631b8267735,https://upload.wikimedia.org/wikipedia/commons/thumb/5/57/Seaside_High_School_-_Seaside_Oregon_-_new_hillside_location.jpg/1920px-Seaside_High_School_-_Seaside_Oregon_-_new_hillside_location.jpg,0,67a47a53251e35bc
image_0771.hdf5,154654460,building_exterior,wikimedia_commons,https://upload.wikimedia.org/wikipedia/commons/8/80/MAS_Exterior_Building.jpg,https://commons.wikimedia.org/wiki/File:MAS_Exterior_Building.jpg,CC BY 4.0,,ISOA Media Group,File:MAS Exterior Building.jpg,"(3526, 3475)",48e60367b520499ff2fc18a6f8bd6deb,https://upload.wikimedia.org/wikipedia/commons/thumb/8/80/MAS_Exterior_Building.jpg/1920px-MAS_Exterior_Building.jpg,0,e3b47205f8b8bc34
image_0772.hdf5,149203934,nature_landscape,wikimedia_commons,https://upload.wikimedia.org/wikipedia/commons/6/64/Bouhedma_National_Park_in_Tunisia.jpg,https://commons.wikimedia.org/wiki/File:Bouhedma_National_Park_in_Tunisia.jpg,CC BY 4.0,,Faouz Kilani,File:Bouhedma National Park in Tunisia.jpg,"(5184, 3456)",6845f07d30fc6b5148e9c4eb0ab5de7a,https://upload.wikimedia.org/wikipedia/commons/thumb/6/64/Bouhedma_National_Park_in_Tunisia.jpg/1920px-Bouhedma_National_Park_in_Tunisia.jpg,0,1b1366b9998b8a8e
image_0773.hdf5,158390900,building_exterior,wikimedia_commons,https://upload.wikimedia.org/wikipedia/commons/f/f4/Museo_de_Arte_Matanzas.jpg,https://commons.wikimedia.org/wiki/File:Museo_de_Arte_Matanzas.jpg,CC BY 4.0,,Daniel Garbade,File:Museo de Arte Matanzas.jpg,"(2077, 2344)",860d3e14a37de41c40b02ef8b93c1c58,https://upload.wikimedia.org/wikipedia/commons/thumb/f/f4/Museo_de_Arte_Matanzas.jpg/1920px-Museo_de_Arte_Matanzas.jpg,0,0100e0c9c9c9d93f
image_0774.hdf5,192715324,building_exterior,wikimedia_commons,https://upload.wikimedia.org/wikipedia/commons/3/31/Harrods_exterior_sign.jpg,https://commons.wikimedia.org/wiki/File:Harrods_exterior_sign.jpg,CC BY 4.0,,APK,File:Harrods exterior sign.jpg,"(2678, 3516)",64848343c7d8a581b45be821596423f2,https://upload.wikimedia.org/wikipedia/commons/thumb/3/31/Harrods_exterior_sign.jpg/1920px-Harrods_exterior_sign.jpg,0,3170cc894d454915
image_0775.hdf5,175638140,nature_landscape,wikimedia_commons,https://upload.wikimedia.org/wikipedia/commons/5/5c/Characteristic_landscape_of_Chenopodiaceae_%2810.3897-BDJ.12.e121541%29_Figure_80a.jpg,https://commons.wikimedia.org/wiki/File:Characteristic_landscape_of_Chenopodiaceae_(10.3897-BDJ.12.e121541)_Figure_80a.jpg,CC BY 4.0,,Ya. Golovanov,File:Characteristic landscape of Chenopodiaceae (10.3897-BDJ.12.e121541) Figure 80a.jpg,"(4928, 3264)",fc23754bd4412a572f61c35896a7ef04,https://upload.wikimedia.org/wikipedia/commons/thumb/5/5c/Characteristic_landscape_of_Chenopodiaceae_%2810.3897-BDJ.12.e121541%29_Figure_80a.jpg/1920px-Characteristic_landscape_of_Chenopodiaceae_%2810.3897-BDJ.12.e121541%29_Figure_80a.jpg,0,1f3f1b077f777f73
image_0776.hdf5,171008545,building_exterior,wikimedia_commons,https://upload.wikimedia.org/wikipedia/commons/c/ca/Exterior_of_Rotterdam_Central_station.jpg,https://commons.wikimedia.org/wiki/File:Exterior_of_Rotterdam_Central_station.jpg,CC BY 4.0,,Thomas Dahlstrøm Nielsen,File:Exterior of Rotterdam Central station.jpg,"(6000, 4000)",a75133416fab4cf3a2f4644b8864809d,https://upload.wikimedia.org/wikipedia/commons/thumb/c/ca/Exterior_of_Rotterdam_Central_station.jpg/1920px-Exterior_of_Rotterdam_Central_station.jpg,0,a9d93979d1c368e0
image_0777.hdf5,191807683,building_exterior,wikimedia_commons,https://upload.wikimedia.org/wikipedia/commons/9/97/Av._de_Diogo_Leite_%2855242004282%29.jpg,https://commons.wikimedia.org/wiki/File:Av._de_Diogo_Leite_(55242004282).jpg,CC BY 4.0,https://www.flickr.com/people/16564965@N04,Michael Gaylard,File:Av. de Diogo Leite (55242004282).jpg,"(6048, 4032)",434dc2f68c36117ffb2a218a738f924c,https://upload.wikimedia.org/wikipedia/commons/thumb/9/97/Av._de_Diogo_Leite_%2855242004282%29.jpg/1920px-Av._de_Diogo_Leite_%2855242004282%29.jpg,0,8f85040d9db90204
image_0778.hdf5,164358197,building_exterior,wikimedia_commons,https://upload.wikimedia.org/wikipedia/commons/5/5c/Casa_Loma_Toronto_Exterior_Architecture_detail_2006_08.jpg,https://commons.wikimedia.org/wiki/File:Casa_Loma_Toronto_Exterior_Architecture_detail_2006_08.jpg,CC BY 4.0,,ImagePerson,File:Casa Loma Toronto Exterior Architecture detail 2006 08.jpg,"(2184, 2606)",6e631ca243e3c3e7014b1906d7417101,https://upload.wikimedia.org/wikipedia/commons/thumb/5/5c/Casa_Loma_Toronto_Exterior_Architecture_detail_2006_08.jpg/1920px-Casa_Loma_Toronto_Exterior_Architecture_detail_2006_08.jpg,0,eceaa3adefdc21bc
image_0779.hdf5,86170766,building_exterior,wikimedia_commons,https://upload.wikimedia.org/wikipedia/commons/6/64/Brugge_Burg_Heilig_Bloed-basiliek_-_236373_-_onroerenderfgoed.jpg,https://commons.wikimedia.org/wiki/File:Brugge_Burg_Heilig_Bloed-basiliek_-_236373_-_onroerenderfgoed.jpg,CC BY 4.0,,"Van Den Broucke, Dries",File:Brugge Burg Heilig Bloed-basiliek - 236373 - onroerenderfgoed.jpg,"(1000, 1500)",daf66162ddc052b5697408cd126bb64b,https://upload.wikimedia.org/wikipedia/commons/6/64/Brugge_Burg_Heilig_Bloed-basiliek_-_236373_-_onroerenderfgoed.jpg,0,c9c44fabea80e988
image_0780.hdf5,116062912,building_exterior,wikimedia_commons,https://upload.wikimedia.org/wikipedia/commons/0/02/Elystan_Street_exterior_building.jpg,https://commons.wikimedia.org/wiki/File:Elystan_Street_exterior_building.jpg,CC BY 4.0,,Chris Pople,File:Elystan Street exterior building.jpg,"(1600, 1200)",9276c9354566cda2f836083af039c612,https://upload.wikimedia.org/wikipedia/commons/0/02/Elystan_Street_exterior_building.jpg,0,df8f9a8c9c1c1c1b
image_0781.hdf5,181882337,building_exterior,wikimedia_commons,https://upload.wikimedia.org/wikipedia/commons/b/b0/Outside_view_of_diocesan_building_remains_near_Our_Lady_of_Sorrows_Cathedral%2C_Kirkuk_Citadel.jpg,"https://commons.wikimedia.org/wiki/File:Outside_view_of_diocesan_building_remains_near_Our_Lady_of_Sorrows_Cathedral,_Kirkuk_Citadel.jpg",CC BY 4.0,,Enasiqph,"File:Outside view of diocesan building remains near Our Lady of Sorrows Cathedral, Kirkuk Citadel.jpg","(6000, 4000)",1584e7b10b625665d764f310cb23c79b,https://upload.wikimedia.org/wikipedia/commons/thumb/b/b0/Outside_view_of_diocesan_building_remains_near_Our_Lady_of_Sorrows_Cathedral%2C_Kirkuk_Citadel.jpg/1920px-Outside_view_of_diocesan_building_remains_near_Our_Lady_of_Sorrows_Cathedral%2C_Kirkuk_Citadel.jpg,0,574787093013902e
image_0782.hdf5,44833331,building_exterior,wikimedia_commons,https://upload.wikimedia.org/wikipedia/commons/b/bf/Lichfield_Cathedral_%28exterior_1%29.jpg,https://commons.wikimedia.org/wiki/File:Lichfield_Cathedral_(exterior_1).jpg,CC BY 4.0,,Harry Mitchell,File:Lichfield Cathedral (exterior 1).jpg,"(4608, 3440)",c3177a4c9c656304fe0f7ed8495b5c4d,https://upload.wikimedia.org/wikipedia/commons/thumb/b/bf/Lichfield_Cathedral_%28exterior_1%29.jpg/1920px-Lichfield_Cathedral_%28exterior_1%29.jpg,0,01d80c1c8a8f4c4a
image_0783.hdf5,187805135,building_exterior,wikimedia_commons,https://upload.wikimedia.org/wikipedia/commons/c/cf/Historic_building_at_University_of_Allahabad%2C_Prayagraj%2C_India.jpg,"https://commons.wikimedia.org/wiki/File:Historic_building_at_University_of_Allahabad,_Prayagraj,_India.jpg",CC BY 4.0,,Sanskritidubey,"File:Historic building at University of Allahabad, Prayagraj, India.jpg","(2760, 3679)",f445c7bd6194add6fe52ceace3b8bd01,https://upload.wikimedia.org/wikipedia/commons/thumb/c/cf/Historic_building_at_University_of_Allahabad%2C_Prayagraj%2C_India.jpg/1920px-Historic_building_at_University_of_Allahabad%2C_Prayagraj%2C_India.jpg,0,2030702465e78787
image_0784.hdf5,194517718,nature_landscape,wikimedia_commons,https://upload.wikimedia.org/wikipedia/commons/b/b4/Rhino_at_Kaziranga_National_Park.jpg,https://commons.wikimedia.org/wiki/File:Rhino_at_Kaziranga_National_Park.jpg,CC BY 4.0,,Sowlspace,File:Rhino at Kaziranga National Park.jpg,"(1599, 1200)",ed6c7ffb838df19cac80f9c0ab542bea,https://upload.wikimedia.org/wikipedia/commons/b/b4/Rhino_at_Kaziranga_National_Park.jpg,0,c7ff94d1c9c4d3f9
image_0785.hdf5,151240183,building_exterior,wikimedia_commons,https://upload.wikimedia.org/wikipedia/commons/0/0d/Wikimania_2024_venue_Katowice_Poland_Aug_2024.jpg,https://commons.wikimedia.org/wiki/File:Wikimania_2024_venue_Katowice_Poland_Aug_2024.jpg,CC BY 4.0,,Heidi Meudt,File:Wikimania 2024 venue Katowice Poland Aug 2024.jpg,"(4080, 3060)",2f922034fba8a5d1c6d0b085e670cbe3,https://upload.wikimedia.org/wikipedia/commons/thumb/0/0d/Wikimania_2024_venue_Katowice_Poland_Aug_2024.jpg/1920px-Wikimania_2024_venue_Katowice_Poland_Aug_2024.jpg,0,0b0f9e3961294480
image_0786.hdf5,186110686,building_exterior,wikimedia_commons,https://upload.wikimedia.org/wikipedia/commons/e/ed/Rechte_en_diagionale_lijnen_met_Harlinger_gevels_2.jpg,https://commons.wikimedia.org/wiki/File:Rechte_en_diagionale_lijnen_met_Harlinger_gevels_2.jpg,CC BY 4.0,,Roepers,File:Rechte en diagionale lijnen met Harlinger gevels 2.jpg,"(2600, 3900)",1d9aed1d831e72ff9fcfde9422c28cef,https://upload.wikimedia.org/wikipedia/commons/thumb/e/ed/Rechte_en_diagionale_lijnen_met_Harlinger_gevels_2.jpg/1920px-Rechte_en_diagionale_lijnen_met_Harlinger_gevels_2.jpg,0,3ada7830c1e0e663
image_0787.hdf5,117808446,nature_landscape,wikimedia_commons,https://upload.wikimedia.org/wikipedia/commons/2/2a/Pamukkale_landscape_in_turkey.jpg,https://commons.wikimedia.org/wiki/File:Pamukkale_landscape_in_turkey.jpg,CC BY 4.0,,Almakmak,File:Pamukkale landscape in turkey.jpg,"(2112, 2112)",0bb98d6b4b82d56ba6e52d645a5cac1b,https://upload.wikimedia.org/wikipedia/commons/thumb/2/2a/Pamukkale_landscape_in_turkey.jpg/1920px-Pamukkale_landscape_in_turkey.jpg,0,1010071ddf0b097c
image_0788.hdf5,179168144,nature_landscape,wikimedia_commons,https://upload.wikimedia.org/wikipedia/commons/9/9c/Climber_in_Arches_National_Park.jpg,https://commons.wikimedia.org/wiki/File:Climber_in_Arches_National_Park.jpg,CC BY 4.0,,Ort2233,File:Climber in Arches National Park.jpg,"(2359, 1697)",38f15f6de61cde5bdf560d2a98a3f910,https://upload.wikimedia.org/wikipedia/commons/thumb/9/9c/Climber_in_Arches_National_Park.jpg/1920px-Climber_in_Arches_National_Park.jpg,0,47071317362d0d19
image_0789.hdf5,86927495,building_exterior,wikimedia_commons,https://upload.wikimedia.org/wikipedia/commons/2/29/Riemst_Statiestraat_11_-_148815_-_onroerenderfgoed.jpg,https://commons.wikimedia.org/wiki/File:Riemst_Statiestraat_11_-_148815_-_onroerenderfgoed.jpg,CC BY 4.0,,"Meganck, Leen",File:Riemst Statiestraat 11 - 148815 - onroerenderfgoed.jpg,"(480, 640)",7c8ae764000cd50137756e9bd5068b3d,https://upload.wikimedia.org/wikipedia/commons/2/29/Riemst_Statiestraat_11_-_148815_-_onroerenderfgoed.jpg,0,e9e1286a2b8e070f
image_0790.hdf5,155491608,nature_landscape,wikimedia_commons,https://upload.wikimedia.org/wikipedia/commons/d/d9/2016-07-23_Germany%2C_MV%2C_Jasmund_National_Park_DSC_8747_DxO.jpg,"https://commons.wikimedia.org/wiki/File:2016-07-23_Germany,_MV,_Jasmund_National_Park_DSC_8747_DxO.jpg",CC BY 4.0,,Laurens R. Krol,"File:2016-07-23 Germany, MV, Jasmund National Park DSC 8747 DxO.jpg","(2750, 4141)",62534555d554bf3cf2a6fd113d7fade7,https://upload.wikimedia.org/wikipedia/commons/thumb/d/d9/2016-07-23_Germany%2C_MV%2C_Jasmund_National_Park_DSC_8747_DxO.jpg/1920px-2016-07-23_Germany%2C_MV%2C_Jasmund_National_Park_DSC_8747_DxO.jpg,0,164d4d45250f47b1
image_0791.hdf5,87061271,building_exterior,wikimedia_commons,https://upload.wikimedia.org/wikipedia/commons/5/54/Antwerpen_Tweelingenstraat_53-59_-_223821_-_onroerenderfgoed.jpg,https://commons.wikimedia.org/wiki/File:Antwerpen_Tweelingenstraat_53-59_-_223821_-_onroerenderfgoed.jpg,CC BY 4.0,,"Hooft, Elise",File:Antwerpen Tweelingenstraat 53-59 - 223821 - onroerenderfgoed.jpg,"(1500, 1000)",a599d71ba7a9330212e0107a39e2a64c,https://upload.wikimedia.org/wikipedia/commons/5/54/Antwerpen_Tweelingenstraat_53-59_-_223821_-_onroerenderfgoed.jpg,0,38f2d2d2d2c20a88
image_0792.hdf5,89821591,nature_landscape,wikimedia_commons,https://upload.wikimedia.org/wikipedia/commons/5/5d/Waterway_in_Buch%27s_Nature_Reserve.jpg,https://commons.wikimedia.org/wiki/File:Waterway_in_Buch%27s_Nature_Reserve.jpg,CC BY 4.0,,Einhverfr,File:Waterway in Buch's Nature Reserve.jpg,"(6000, 4000)",7e567638a387c486023ffbb427245868,https://upload.wikimedia.org/wikipedia/commons/thumb/5/5d/Waterway_in_Buch%27s_Nature_Reserve.jpg/1920px-Waterway_in_Buch%27s_Nature_Reserve.jpg,0,07868ecc96978505
image_0793.hdf5,194890308,nature_landscape,wikimedia_commons,https://upload.wikimedia.org/wikipedia/commons/1/17/%E2%81%A0Lan_Nab_Dao_Namphong_National_Park_Khon_Kaen%E2%81%A0.jpg,https://commons.wikimedia.org/wiki/File:%E2%81%A0Lan_Nab_Dao_Namphong_National_Park_Khon_Kaen%E2%81%A0.jpg,CC BY 4.0,,Laksaniya,File:⁠Lan Nab Dao Namphong National Park Khon Kaen⁠.jpg,"(3024, 4032)",454bac3c4851efc3e9c1d26915664deb,https://upload.wikimedia.org/wikipedia/commons/thumb/1/17/%E2%81%A0Lan_Nab_Dao_Namphong_National_Park_Khon_Kaen%E2%81%A0.jpg/1920px-%E2%81%A0Lan_Nab_Dao_Namphong_National_Park_Khon_Kaen%E2%81%A0.jpg,0,1d1d97c70327874d
image_0794.hdf5,157354615,nature_landscape,wikimedia_commons,https://upload.wikimedia.org/wikipedia/commons/d/d5/Krasnoyarsk_Stolby_National_Park_in_2023_03.jpg,https://commons.wikimedia.org/wiki/File:Krasnoyarsk_Stolby_National_Park_in_2023_03.jpg,CC BY 4.0,,MBH,File:Krasnoyarsk Stolby National Park in 2023 03.jpg,"(6936, 9248)",60d28e551f824c6534a7308e107efc38,https://upload.wikimedia.org/wikipedia/commons/thumb/d/d5/Krasnoyarsk_Stolby_National_Park_in_2023_03.jpg/1920px-Krasnoyarsk_Stolby_National_Park_in_2023_03.jpg,0,444b929646999f03
image_0795.hdf5,153834065,nature_landscape,wikimedia_commons,https://upload.wikimedia.org/wikipedia/commons/6/61/Balak%C9%99n_District_Nature_-_View_of_the_Greater_Caucasus_Mountains.jpg,https://commons.wikimedia.org/wiki/File:Balak%C9%99n_District_Nature_-_View_of_the_Greater_Caucasus_Mountains.jpg,CC BY 4.0,,Golden,File:Balakən District Nature - View of the Greater Caucasus Mountains.jpg,"(5712, 4284)",1c1e66272c832057b656f169c11a57ed,https://upload.wikimedia.org/wikipedia/commons/thumb/6/61/Balak%C9%99n_District_Nature_-_View_of_the_Greater_Caucasus_Mountains.jpg/1920px-Balak%C9%99n_District_Nature_-_View_of_the_Greater_Caucasus_Mountains.jpg,0,6661e6ac1c8cc7c3
image_0796.hdf5,152310807,building_exterior,wikimedia_commons,https://upload.wikimedia.org/wikipedia/commons/3/39/202409_%E8%87%BA%E5%8C%97%E6%B5%81%E8%A1%8C%E9%9F%B3%E6%A8%82%E4%B8%AD%E5%BF%83%E8%A1%A8%E6%BC%94%E5%BB%B3_%E6%99%9A%E9%96%93%E6%99%AF%E8%B1%A1A.jpg,https://commons.wikimedia.org/wiki/File:202409_%E8%87%BA%E5%8C%97%E6%B5%81%E8%A1%8C%E9%9F%B3%E6%A8%82%E4%B8%AD%E5%BF%83%E8%A1%A8%E6%BC%94%E5%BB%B3_%E6%99%9A%E9%96%93%E6%99%AF%E8%B1%A1A.jpg,CC BY 4.0,,Junyu-K,File:202409 臺北流行音樂中心表演廳 晚間景象A.jpg,"(5440, 3627)",e9909f0dac7a3c078688ce973b4ba46e,https://upload.wikimedia.org/wikipedia/commons/thumb/3/39/202409_%E8%87%BA%E5%8C%97%E6%B5%81%E8%A1%8C%E9%9F%B3%E6%A8%82%E4%B8%AD%E5%BF%83%E8%A1%A8%E6%BC%94%E5%BB%B3_%E6%99%9A%E9%96%93%E6%99%AF%E8%B1%A1A.jpg/1920px-202409_%E8%87%BA%E5%8C%97%E6%B5%81%E8%A1%8C%E9%9F%B3%E6%A8%82%E4%B8%AD%E5%BF%83%E8%A1%A8%E6%BC%94%E5%BB%B3_%E6%99%9A%E9%96%93%E6%99%AF%E8%B1%A1A.jpg,0,e4f08e0b6172527c
image_0797.hdf5,169802682,building_exterior,wikimedia_commons,https://upload.wikimedia.org/wikipedia/commons/d/dc/London_Necropolis_railway_station_frontage_2025-06-15.jpg,https://commons.wikimedia.org/wiki/File:London_Necropolis_railway_station_frontage_2025-06-15.jpg,CC BY 4.0,,Matt Brown,File:London Necropolis railway station frontage 2025-06-15.jpg,"(4032, 3024)",03ae54ab0a4943c3c7d588cc4a971704,https://upload.wikimedia.org/wikipedia/commons/thumb/d/dc/London_Necropolis_railway_station_frontage_2025-06-15.jpg/1920px-London_Necropolis_railway_station_frontage_2025-06-15.jpg,0,3039d8e6e11c0e44
image_0798.hdf5,131935083,nature_landscape,wikimedia_commons,https://upload.wikimedia.org/wikipedia/commons/d/d0/%D0%9E%D0%B1%D0%BB%D0%B0%D0%BA%D0%B0_%D0%BF%D0%BB%D1%8B%D0%B2%D1%83%D1%82_%D0%BA_%D0%92%D0%BE%D0%BB%D0%B3%D0%B5.jpg,https://commons.wikimedia.org/wiki/File:%D0%9E%D0%B1%D0%BB%D0%B0%D0%BA%D0%B0_%D0%BF%D0%BB%D1%8B%D0%B2%D1%83%D1%82_%D0%BA_%D0%92%D0%BE%D0%BB%D0%B3%D0%B5.jpg,CC BY 4.0,,ИринаЯ,File:Облака плывут к Волге.jpg,"(4000, 3000)",cf04120fa4394fc15f7e85da74e3fa73,https://upload.wikimedia.org/wikipedia/commons/thumb/d/d0/%D0%9E%D0%B1%D0%BB%D0%B0%D0%BA%D0%B0_%D0%BF%D0%BB%D1%8B%D0%B2%D1%83%D1%82_%D0%BA_%D0%92%D0%BE%D0%BB%D0%B3%D0%B5.jpg/1920px-%D0%9E%D0%B1%D0%BB%D0%B0%D0%BA%D0%B0_%D0%BF%D0%BB%D1%8B%D0%B2%D1%83%D1%82_%D0%BA_%D0%92%D0%BE%D0%BB%D0%B3%D0%B5.jpg,0,836164b39a4e161d
image_0799.hdf5,167273972,nature_landscape,wikimedia_commons,https://upload.wikimedia.org/wikipedia/commons/e/ef/Moraine_Lake_-_Banff_National_Park_-_Alberta.jpg,https://commons.wikimedia.org/wiki/File:Moraine_Lake_-_Banff_National_Park_-_Alberta.jpg,CC BY 4.0,,Ashish Pithadiya Photography,File:Moraine Lake - Banff National Park - Alberta.jpg,"(4032, 3024)",4d0a8820a18f7415398bb0c7c0bb86e1,https://upload.wikimedia.org/wikipedia/commons/thumb/e/ef/Moraine_Lake_-_Banff_National_Park_-_Alberta.jpg/1920px-Moraine_Lake_-_Banff_National_Park_-_Alberta.jpg,0,3f1f0d4f0f09813b
image_0800.hdf5,89480579,building_exterior,wikimedia_commons,https://upload.wikimedia.org/wikipedia/commons/0/01/Rennes_Quartier_J-dArc_avril_2020_20.jpg,https://commons.wikimedia.org/wiki/File:Rennes_Quartier_J-dArc_avril_2020_20.jpg,CC BY 4.0,,Abujoy,File:Rennes Quartier J-dArc avril 2020 20.jpg,"(2189, 1459)",e2acb08e789ab8ea40ada0e6761b5c23,https://upload.wikimedia.org/wikipedia/commons/thumb/0/01/Rennes_Quartier_J-dArc_avril_2020_20.jpg/1920px-Rennes_Quartier_J-dArc_avril_2020_20.jpg,0,341e0f84c41c386a
image_0801.hdf5,70159987,nature_landscape,wikimedia_commons,https://upload.wikimedia.org/wikipedia/commons/4/47/Dominique_%281%29.JPG,https://commons.wikimedia.org/wiki/File:Dominique_(1).JPG,CC BY 4.0,,Remi Jouan,File:Dominique (1).JPG,"(1600, 1067)",5b828352cbe26e820616abf7053c7a81,https://upload.wikimedia.org/wikipedia/commons/4/47/Dominique_%281%29.JPG,0,fcdc3e1e1e2e799c
image_0802.hdf5,164547857,building_exterior,wikimedia_commons,https://upload.wikimedia.org/wikipedia/commons/7/7c/Gutshaus_Stellenfleth_III_Denkmalatlas_Niedersachsen.jpg,https://commons.wikimedia.org/wiki/File:Gutshaus_Stellenfleth_III_Denkmalatlas_Niedersachsen.jpg,CC BY 4.0,,Friedrich Schröder,File:Gutshaus Stellenfleth III Denkmalatlas Niedersachsen.jpg,"(720, 494)",dd2c3a9af0cab9763758b2d096ba8cff,https://upload.wikimedia.org/wikipedia/commons/7/7c/Gutshaus_Stellenfleth_III_Denkmalatlas_Niedersachsen.jpg,0,8673edcc321c1403
image_0803.hdf5,192828532,building_exterior,wikimedia_commons,https://upload.wikimedia.org/wikipedia/commons/c/cd/Washington%2C_D.C.%2C_United_States_%2819%29.jpg,"https://commons.wikimedia.org/wiki/File:Washington,_D.C.,_United_States_(19).jpg",CC BY 4.0,,European Union,"File:Washington, D.C., United States (19).jpg","(4000, 2668)",4a2aa89d35b16e28db2c2a4aee01f1b8,https://upload.wikimedia.org/wikipedia/commons/thumb/c/cd/Washington%2C_D.C.%2C_United_States_%2819%29.jpg/1920px-Washington%2C_D.C.%2C_United_States_%2819%29.jpg,0,0496768692422626
image_0804.hdf5,186866164,nature_landscape,wikimedia_commons,https://upload.wikimedia.org/wikipedia/commons/2/24/Nationals_Park_-_June_2024_-_3.jpg,https://commons.wikimedia.org/wiki/File:Nationals_Park_-_June_2024_-_3.jpg,CC BY 4.0,,APK,File:Nationals Park - June 2024 - 3.jpg,"(3924, 3024)",a0d2bc3e8161010d45017c42ab012dcc,https://upload.wikimedia.org/wikipedia/commons/thumb/2/24/Nationals_Park_-_June_2024_-_3.jpg/1920px-Nationals_Park_-_June_2024_-_3.jpg,0,d998d03f0b0f2a30
image_0805.hdf5,169326319,building_exterior,wikimedia_commons,https://upload.wikimedia.org/wikipedia/commons/6/60/Dutch_Maid_Bakery_exterior.jpg,https://commons.wikimedia.org/wiki/File:Dutch_Maid_Bakery_exterior.jpg,CC BY 4.0,,Ke4roh,File:Dutch Maid Bakery exterior.jpg,"(3264, 2448)",a6f2d587c5fe2b66b72a7eafda3615c8,https://upload.wikimedia.org/wikipedia/commons/thumb/6/60/Dutch_Maid_Bakery_exterior.jpg/1920px-Dutch_Maid_Bakery_exterior.jpg,0,1850636c1a9a8ecf
image_0806.hdf5,160158360,nature_landscape,wikimedia_commons,https://upload.wikimedia.org/wikipedia/commons/1/1a/Silvermine_nature_reserve.jpg,https://commons.wikimedia.org/wiki/File:Silvermine_nature_reserve.jpg,CC BY 4.0,,Brendansoloughlin,File:Silvermine nature reserve.jpg,"(2983, 3994)",3c002d64fc7cfd3c43e5d5733040e968,https://upload.wikimedia.org/wikipedia/commons/thumb/1/1a/Silvermine_nature_reserve.jpg/1920px-Silvermine_nature_reserve.jpg,0,c8c301189d338c80
image_0807.hdf5,153522640,nature_landscape,wikimedia_commons,https://upload.wikimedia.org/wikipedia/commons/1/1a/Schmidt-Zabierow_H%C3%BCtte_02.jpg,https://commons.wikimedia.org/wiki/File:Schmidt-Zabierow_H%C3%BCtte_02.jpg,CC BY 4.0,,Wikitarisch,File:Schmidt-Zabierow Hütte 02.jpg,"(2048, 1536)",b35d32425e3c4e33954336d7c3aec215,https://upload.wikimedia.org/wikipedia/commons/thumb/1/1a/Schmidt-Zabierow_H%C3%BCtte_02.jpg/1920px-Schmidt-Zabierow_H%C3%BCtte_02.jpg,0,1f2c3dfbf3f7b6de
image_0808.hdf5,159218885,nature_landscape,wikimedia_commons,https://upload.wikimedia.org/wikipedia/commons/4/4d/Nido_con_huevos_de_Colibr%C3%AD_en_una_rama_de_Bougainvillea.jpg,https://commons.wikimedia.org/wiki/File:Nido_con_huevos_de_Colibr%C3%AD_en_una_rama_de_Bougainvillea.jpg,CC BY 4.0,,Nathaly 1106,File:Nido con huevos de Colibrí en una rama de Bougainvillea.jpg,"(1200, 1600)",00b6533a82faa91aed6ebedee0b5e0dc,https://upload.wikimedia.org/wikipedia/commons/4/4d/Nido_con_huevos_de_Colibr%C3%AD_en_una_rama_de_Bougainvillea.jpg,0,813624e9d36637db
image_0809.hdf5,80956187,building_exterior,wikimedia_commons,https://upload.wikimedia.org/wikipedia/commons/9/91/Abd_al-Razzaq_Kashani_House_2017-10-09_19.jpg,https://commons.wikimedia.org/wiki/File:Abd_al-Razzaq_Kashani_House_2017-10-09_19.jpg,CC BY 4.0,,Alireza Vasigh Ansari,File:Abd al-Razzaq Kashani House 2017-10-09 19.jpg,"(800, 557)",9244a2d2ff5243acd854ff88b4206716,https://upload.wikimedia.org/wikipedia/commons/9/91/Abd_al-Razzaq_Kashani_House_2017-10-09_19.jpg,0,1b8d891b17131b4f
image_0810.hdf5,165080221,nature_landscape,wikimedia_commons,https://upload.wikimedia.org/wikipedia/commons/3/3a/Erica_carnea_in_a_National_natural_monument_K%C5%99%C3%AD%C5%BEky_in_a_Protected_Landscape_Area_of_Slavkov_Forest_%282%29.jpg,https://commons.wikimedia.org/wiki/File:Erica_carnea_in_a_National_natural_monument_K%C5%99%C3%AD%C5%BEky_in_a_Protected_Landscape_Area_of_Slavkov_Forest_(2).jpg,CC BY 4.0,,Lubor Ferenc,File:Erica carnea in a National natural monument Křížky in a Protected Landscape Area of Slavkov Forest (2).jpg,"(7728, 5152)",a15abe01588af1dc1e798f23e71eee25,https://upload.wikimedia.org/wikipedia/commons/thumb/3/3a/Erica_carnea_in_a_National_natural_monument_K%C5%99%C3%AD%C5%BEky_in_a_Protected_Landscape_Area_of_Slavkov_Forest_%282%29.jpg/1920px-Erica_carnea_in_a_National_natural_monument_K%C5%99%C3%AD%C5%BEky_in_a_Protected_Landscape_Area_of_Slavkov_Forest_%282%29.jpg,0,8c490329d4e43115
image_0811.hdf5,141800557,nature_landscape,wikimedia_commons,https://upload.wikimedia.org/wikipedia/commons/1/19/Sortie_photo_au_parc_national_de_la_Montagne_d%27Ambre_Antsiranana_05.jpg,https://commons.wikimedia.org/wiki/File:Sortie_photo_au_parc_national_de_la_Montagne_d%27Ambre_Antsiranana_05.jpg,CC BY 4.0,,Chirocca77,File:Sortie photo au parc national de la Montagne d'Ambre Antsiranana 05.jpg,"(3840, 5120)",15f06869ec08d5454c69e99ebc3e1105,https://upload.wikimedia.org/wikipedia/commons/thumb/1/19/Sortie_photo_au_parc_national_de_la_Montagne_d%27Ambre_Antsiranana_05.jpg/1920px-Sortie_photo_au_parc_national_de_la_Montagne_d%27Ambre_Antsiranana_05.jpg,0,cdcbdacd0e8dc5e4
image_0812.hdf5,153330476,nature_landscape,wikimedia_commons,https://upload.wikimedia.org/wikipedia/commons/1/15/Leitenbach_%28Gaistal%29.jpg,https://commons.wikimedia.org/wiki/File:Leitenbach_(Gaistal).jpg,CC BY 4.0,,Ricardalovesmonuments,File:Leitenbach (Gaistal).jpg,"(11216, 14127)",4e2348b7a1028e88b84ec698f1e36c2a,https://upload.wikimedia.org/wikipedia/commons/thumb/1/15/Leitenbach_%28Gaistal%29.jpg/1920px-Leitenbach_%28Gaistal%29.jpg,0,0f1e3899ccdfcbcb
image_0813.hdf5,148563627,nature_landscape,wikimedia_commons,https://upload.wikimedia.org/wikipedia/commons/8/8a/Japan_Hokkaido%2C_Daisetsuzan_National_Park.jpg,"https://commons.wikimedia.org/wiki/File:Japan_Hokkaido,_Daisetsuzan_National_Park.jpg",CC BY 4.0,,Marie-Sophie Mejan,"File:Japan Hokkaido, Daisetsuzan National Park.jpg","(3385, 4920)",da0ce988aab45d949af84b40274c88d4,https://upload.wikimedia.org/wikipedia/commons/thumb/8/8a/Japan_Hokkaido%2C_Daisetsuzan_National_Park.jpg/1920px-Japan_Hokkaido%2C_Daisetsuzan_National_Park.jpg,0,4f0f0b0e4d49cb39
image_0814.hdf5,171178602,nature_landscape,wikimedia_commons,https://upload.wikimedia.org/wikipedia/commons/7/70/Velyka_Vys_Nature_Reserve-2025-2.jpg,https://commons.wikimedia.org/wiki/File:Velyka_Vys_Nature_Reserve-2025-2.jpg,CC BY 4.0,,Maxim Gavrilyuk,File:Velyka Vys Nature Reserve-2025-2.jpg,"(5184, 3888)",563c4440aefe7f6263df24810a768d58,https://upload.wikimedia.org/wikipedia/commons/thumb/7/70/Velyka_Vys_Nature_Reserve-2025-2.jpg/1920px-Velyka_Vys_Nature_Reserve-2025-2.jpg,0,0330301b803c6445
image_0815.hdf5,146120186,nature_landscape,wikimedia_commons,https://upload.wikimedia.org/wikipedia/commons/7/70/0283Aa._Shchuchye_Lake_Nature_Reserve.jpg,https://commons.wikimedia.org/wiki/File:0283Aa._Shchuchye_Lake_Nature_Reserve.jpg,CC BY 4.0,,Александровы АГ,File:0283Aa. Shchuchye Lake Nature Reserve.jpg,"(3072, 2304)",b3c03c7621ca7f0c2856ad9f64dd6033,https://upload.wikimedia.org/wikipedia/commons/thumb/7/70/0283Aa._Shchuchye_Lake_Nature_Reserve.jpg/1920px-0283Aa._Shchuchye_Lake_Nature_Reserve.jpg,0,49100f3f0fe9fdff
image_0816.hdf5,86823459,building_exterior,wikimedia_commons,https://upload.wikimedia.org/wikipedia/commons/7/70/Sint-niklaaskerk_-_132153_-_onroerenderfgoed.jpg,https://commons.wikimedia.org/wiki/File:Sint-niklaaskerk_-_132153_-_onroerenderfgoed.jpg,CC BY 4.0,,"Lo, Eva",File:Sint-niklaaskerk - 132153 - onroerenderfgoed.jpg,"(480, 640)",f22e03d682c656d80731c69ad91bac00,https://upload.wikimedia.org/wikipedia/commons/7/70/Sint-niklaaskerk_-_132153_-_onroerenderfgoed.jpg,0,6010b177fedad383
image_0817.hdf5,141624708,nature_landscape,wikimedia_commons,https://upload.wikimedia.org/wikipedia/commons/6/68/Eimeiji_Osmanthus._Natural_monument_stone_monument._B.jpg,https://commons.wikimedia.org/wiki/File:Eimeiji_Osmanthus._Natural_monument_stone_monument._B.jpg,CC BY 4.0,,さかおり,File:Eimeiji Osmanthus. Natural monument stone monument. B.jpg,"(6000, 4000)",ee13c98d9b42e0eb26d89788a89856f2,https://upload.wikimedia.org/wikipedia/commons/thumb/6/68/Eimeiji_Osmanthus._Natural_monument_stone_monument._B.jpg/1920px-Eimeiji_Osmanthus._Natural_monument_stone_monument._B.jpg,0,c373353733109095
image_0818.hdf5,146573545,nature_landscape,wikimedia_commons,https://upload.wikimedia.org/wikipedia/commons/9/92/Ao_Ech%2C_Cat_Ba_National_Park%2C_Vietnam%2C_20240131_1026_4563.jpg,"https://commons.wikimedia.org/wiki/File:Ao_Ech,_Cat_Ba_National_Park,_Vietnam,_20240131_1026_4563.jpg",CC BY 4.0,,Jakub Hałun,"File:Ao Ech, Cat Ba National Park, Vietnam, 20240131 1026 4563.jpg","(5621, 3752)",b6f58281ee258ef41fa3d859b0fdaf61,https://upload.wikimedia.org/wikipedia/commons/thumb/9/92/Ao_Ech%2C_Cat_Ba_National_Park%2C_Vietnam%2C_20240131_1026_4563.jpg/1920px-Ao_Ech%2C_Cat_Ba_National_Park%2C_Vietnam%2C_20240131_1026_4563.jpg,0,572f6a6ce063673f
image_0819.hdf5,155324588,building_exterior,wikimedia_commons,https://upload.wikimedia.org/wikipedia/commons/3/3f/Kaiser-Wilhelm-Ged%C3%A4chtniskirche_2023-05-06_07.jpg,https://commons.wikimedia.org/wiki/File:Kaiser-Wilhelm-Ged%C3%A4chtniskirche_2023-05-06_07.jpg,CC BY 4.0,,Flibust1er,File:Kaiser-Wilhelm-Gedächtniskirche 2023-05-06 07.jpg,"(4080, 3072)",46c6a4dbf3855e24ca95206da8393af2,https://upload.wikimedia.org/wikipedia/commons/thumb/3/3f/Kaiser-Wilhelm-Ged%C3%A4chtniskirche_2023-05-06_07.jpg/1920px-Kaiser-Wilhelm-Ged%C3%A4chtniskirche_2023-05-06_07.jpg,0,91f0ec4cceca95bc
image_0820.hdf5,139957356,nature_landscape,wikimedia_commons,https://upload.wikimedia.org/wikipedia/commons/6/60/Lorenaberge.jpg,https://commons.wikimedia.org/wiki/File:Lorenaberge.jpg,CC BY 4.0,,Robinhood50,File:Lorenaberge.jpg,"(2322, 1490)",fd559ef1ce7a7eaa17aae02984b5093b,https://upload.wikimedia.org/wikipedia/commons/thumb/6/60/Lorenaberge.jpg/1920px-Lorenaberge.jpg,0,008b7f3c63c51286
image_0821.hdf5,168501519,nature_landscape,wikimedia_commons,https://upload.wikimedia.org/wikipedia/commons/1/1e/Stour_valley_nature_reserve_25th_June_2025.jpg,https://commons.wikimedia.org/wiki/File:Stour_valley_nature_reserve_25th_June_2025.jpg,CC BY 4.0,,Felon691,File:Stour valley nature reserve 25th June 2025.jpg,"(4000, 3000)",7fd46a9f874788700fa7e1587f191428,https://upload.wikimedia.org/wikipedia/commons/thumb/1/1e/Stour_valley_nature_reserve_25th_June_2025.jpg/1920px-Stour_valley_nature_reserve_25th_June_2025.jpg,0,3a727a9b3a5b2b27
image_0822.hdf5,153870941,building_exterior,wikimedia_commons,https://upload.wikimedia.org/wikipedia/commons/c/ce/Aizarnazabalgo_Atari_Soro_frontoia.jpg,https://commons.wikimedia.org/wiki/File:Aizarnazabalgo_Atari_Soro_frontoia.jpg,CC BY 4.0,,Ernestobanpiroa,File:Aizarnazabalgo Atari Soro frontoia.jpg,"(4000, 3000)",5d0a7311873f3160575fc2cadf66613c,https://upload.wikimedia.org/wikipedia/commons/thumb/c/ce/Aizarnazabalgo_Atari_Soro_frontoia.jpg/1920px-Aizarnazabalgo_Atari_Soro_frontoia.jpg,0,c37ccbcbcb4afab1
image_0823.hdf5,148372944,nature_landscape,wikimedia_commons,https://upload.wikimedia.org/wikipedia/commons/8/86/Hustai_National_Park_landscape.jpg,https://commons.wikimedia.org/wiki/File:Hustai_National_Park_landscape.jpg,CC BY 4.0,,Chinneeb,File:Hustai National Park landscape.jpg,"(3168, 4752)",2f1e244d2e3150659f5108bcada569bc,https://upload.wikimedia.org/wikipedia/commons/thumb/8/86/Hustai_National_Park_landscape.jpg/1920px-Hustai_National_Park_landscape.jpg,0,40a61f040e106850
image_0824.hdf5,74755193,nature_landscape,wikimedia_commons,https://upload.wikimedia.org/wikipedia/commons/5/5d/Forest-elephants-in-the-Mbeli-River-Nouabal-Ndoki-National-Park-Congo.jpg,https://commons.wikimedia.org/wiki/File:Forest-elephants-in-the-Mbeli-River-Nouabal-Ndoki-National-Park-Congo.jpg,CC BY 4.0,,Liza Gross,File:Forest-elephants-in-the-Mbeli-River-Nouabal-Ndoki-National-Park-Congo.jpg,"(567, 378)",d35783a45cdf60df00284ecc003df8bf,https://upload.wikimedia.org/wikipedia/commons/5/5d/Forest-elephants-in-the-Mbeli-River-Nouabal-Ndoki-National-Park-Congo.jpg,0,6906070662d37232
image_0825.hdf5,160706878,nature_landscape,wikimedia_commons,https://upload.wikimedia.org/wikipedia/commons/6/6a/Dipperu_National_Park%2C_2011.jpg,"https://commons.wikimedia.org/wiki/File:Dipperu_National_Park,_2011.jpg",CC BY 4.0,,"Unknown author<span style=""display: none;"">Unknown author</span>","File:Dipperu National Park, 2011.jpg","(538, 610)",142a9144fd79b95ae54ebaeeebed9bd8,https://upload.wikimedia.org/wikipedia/commons/6/6a/Dipperu_National_Park%2C_2011.jpg,0,3516363711d1b2b3
image_0826.hdf5,194956184,nature_landscape,wikimedia_commons,https://upload.wikimedia.org/wikipedia/commons/a/a8/Isla_Chiloe_-_Islotes_de_Punihuil_Natural_Monument_04.jpg,https://commons.wikimedia.org/wiki/File:Isla_Chiloe_-_Islotes_de_Punihuil_Natural_Monument_04.jpg,CC BY 4.0,,P. Hughes,File:Isla Chiloe - Islotes de Punihuil Natural Monument 04.jpg,"(4245, 2733)",d8362eb17f6f3b32f83f5b8217e96571,https://upload.wikimedia.org/wikipedia/commons/thumb/a/a8/Isla_Chiloe_-_Islotes_de_Punihuil_Natural_Monument_04.jpg/1920px-Isla_Chiloe_-_Islotes_de_Punihuil_Natural_Monument_04.jpg,0,326f8d0fcf0d8d9c
image_0827.hdf5,151055420,nature_landscape,wikimedia_commons,https://upload.wikimedia.org/wikipedia/commons/d/df/Double_Arch_%28Arches_National_Park%29.jpg,https://commons.wikimedia.org/wiki/File:Double_Arch_(Arches_National_Park).jpg,CC BY 4.0,,OrangeJedi,File:Double Arch (Arches National Park).jpg,"(6000, 3750)",de315ab81f88ae0d96e137a5b8426f58,https://upload.wikimedia.org/wikipedia/commons/thumb/d/df/Double_Arch_%28Arches_National_Park%29.jpg/1920px-Double_Arch_%28Arches_National_Park%29.jpg,0,983072a326525830
image_0828.hdf5,153308905,building_exterior,wikimedia_commons,https://upload.wikimedia.org/wikipedia/commons/0/07/San_Martino_%28Polinago%29_-_lateral_exterior_of_the_church.jpg,https://commons.wikimedia.org/wiki/File:San_Martino_(Polinago)_-_lateral_exterior_of_the_church.jpg,CC BY 4.0,,Ermanno Zuccarini,File:San Martino (Polinago) - lateral exterior of the church.jpg,"(3000, 4000)",5c2a7b832a970f192d7e30bb4c098244,https://upload.wikimedia.org/wikipedia/commons/thumb/0/07/San_Martino_%28Polinago%29_-_lateral_exterior_of_the_church.jpg/1920px-San_Martino_%28Polinago%29_-_lateral_exterior_of_the_church.jpg,0,714f0b252527676f
image_0829.hdf5,157987480,building_exterior,wikimedia_commons,https://upload.wikimedia.org/wikipedia/commons/4/40/Indiana_Theatre_exterior_detail%2C_134_West_Washington_Street_%28Indianapolis%2C_Ind.%29_-_DPLA_-_31b3b83a07af931547fd5af3a1aab320.jpg,"https://commons.wikimedia.org/wiki/File:Indiana_Theatre_exterior_detail,_134_West_Washington_Street_(Indianapolis,_Ind.)_-_DPLA_-_31b3b83a07af931547fd5af3a1aab320.jpg",CC BY 4.0,,John Domont; Indiana Landmarks,"File:Indiana Theatre exterior detail, 134 West Washington Street (Indianapolis, Ind.) - DPLA - 31b3b83a07af931547fd5af3a1aab320.jpg","(798, 529)",2c1178dba60d19f2b36624dbf9dc6952,https://upload.wikimedia.org/wikipedia/commons/4/40/Indiana_Theatre_exterior_detail%2C_134_West_Washington_Street_%28Indianapolis%2C_Ind.%29_-_DPLA_-_31b3b83a07af931547fd5af3a1aab320.jpg,0,ac6c6c246c24a496
image_0830.hdf5,167953698,nature_landscape,wikimedia_commons,https://upload.wikimedia.org/wikipedia/commons/3/3e/202506_%E6%97%A9%E6%99%A8%E8%B5%B7%E9%9C%A7%E7%9A%84%E6%93%8E%E5%A4%A9%E5%B4%97%E8%8D%89%E5%8E%9F_01.jpg,https://commons.wikimedia.org/wiki/File:202506_%E6%97%A9%E6%99%A8%E8%B5%B7%E9%9C%A7%E7%9A%84%E6%93%8E%E5%A4%A9%E5%B4%97%E8%8D%89%E5%8E%9F_01.jpg,CC BY 4.0,,Junyu-K,File:202506 早晨起霧的擎天崗草原 01.jpg,"(6192, 3870)",930b35b8b9ac069f37f5c532aca7ea23,https://upload.wikimedia.org/wikipedia/commons/thumb/3/3e/202506_%E6%97%A9%E6%99%A8%E8%B5%B7%E9%9C%A7%E7%9A%84%E6%93%8E%E5%A4%A9%E5%B4%97%E8%8D%89%E5%8E%9F_01.jpg/1920px-202506_%E6%97%A9%E6%99%A8%E8%B5%B7%E9%9C%A7%E7%9A%84%E6%93%8E%E5%A4%A9%E5%B4%97%E8%8D%89%E5%8E%9F_01.jpg,0,18110100e86f1e0e
image_0831.hdf5,191774763,nature_landscape,wikimedia_commons,https://upload.wikimedia.org/wikipedia/commons/5/5d/Scenery_of_stairs_in_Agneshohe_DRESDEN.jpg,https://commons.wikimedia.org/wiki/File:Scenery_of_stairs_in_Agneshohe_DRESDEN.jpg,CC BY 4.0,,Madhansais,File:Scenery of stairs in Agneshohe DRESDEN.jpg,"(3072, 4096)",8f34ed1400e3c763b5a3d32c508dc210,https://upload.wikimedia.org/wikipedia/commons/thumb/5/5d/Scenery_of_stairs_in_Agneshohe_DRESDEN.jpg/1920px-Scenery_of_stairs_in_Agneshohe_DRESDEN.jpg,0,3871719b62ef6cef
image_0832.hdf5,172118256,building_exterior,wikimedia_commons,https://upload.wikimedia.org/wikipedia/commons/b/b5/Colmenas_cuadradas_Villela_2019.jpg,https://commons.wikimedia.org/wiki/File:Colmenas_cuadradas_Villela_2019.jpg,CC BY 4.0,,Javierme,File:Colmenas cuadradas Villela 2019.jpg,"(5184, 3888)",cb6313ecddf576538087e5fb8b8815d6,https://upload.wikimedia.org/wikipedia/commons/thumb/b/b5/Colmenas_cuadradas_Villela_2019.jpg/1920px-Colmenas_cuadradas_Villela_2019.jpg,0,967128abab8b4346
image_0833.hdf5,88801830,building_exterior,wikimedia_commons,https://upload.wikimedia.org/wikipedia/commons/f/f8/15_Khordad_Street_3.jpg,https://commons.wikimedia.org/wiki/File:15_Khordad_Street_3.jpg,CC BY 4.0,,Mostafa Tehrani,File:15 Khordad Street 3.jpg,"(800, 484)",97a70d7e21a6832493998f1f87b6197c,https://upload.wikimedia.org/wikipedia/commons/f/f8/15_Khordad_Street_3.jpg,0,e0e4e4677e3dbff6
image_0834.hdf5,131282743,building_exterior,wikimedia_commons,https://upload.wikimedia.org/wikipedia/commons/b/b6/Dorsolateral_aspect_of_skull_in_Amphicynodon_teilhardi.png,https://commons.wikimedia.org/wiki/File:Dorsolateral_aspect_of_skull_in_Amphicynodon_teilhardi.png,CC BY 4.0,,"WANG, XIAOMING; McKENNA, MALCOLM C.; DASHZEVEG, DEMBERELYIN",File:Dorsolateral aspect of skull in Amphicynodon teilhardi.png,"(1477, 2249)",ae010c5d8371c19160fba291e7b6ab9e,https://upload.wikimedia.org/wikipedia/commons/b/b6/Dorsolateral_aspect_of_skull_in_Amphicynodon_teilhardi.png,0,f878b8a6b2f0e730
image_0835.hdf5,158452692,nature_landscape,wikimedia_commons,https://upload.wikimedia.org/wikipedia/commons/9/9b/Thor%27s_Hammer_in_Bryce_Canyon_National_Park.jpg,https://commons.wikimedia.org/wiki/File:Thor%27s_Hammer_in_Bryce_Canyon_National_Park.jpg,CC BY 4.0,,CBBrit25,File:Thor's Hammer in Bryce Canyon National Park.jpg,"(6000, 4000)",a9225bc8c68143e5471077c2ba79c41a,https://upload.wikimedia.org/wikipedia/commons/thumb/9/9b/Thor%27s_Hammer_in_Bryce_Canyon_National_Park.jpg/1920px-Thor%27s_Hammer_in_Bryce_Canyon_National_Park.jpg,0,21a1a42022ce7471
image_0836.hdf5,127910482,nature_landscape,wikimedia_commons,https://upload.wikimedia.org/wikipedia/commons/0/01/Tiger_-_Ranthambore_National_Park_2012-06-04.jpg,https://commons.wikimedia.org/wiki/File:Tiger_-_Ranthambore_National_Park_2012-06-04.jpg,CC BY 4.0,,Asif N Khan,File:Tiger - Ranthambore National Park 2012-06-04.jpg,"(2048, 1365)",2e26b4603c2776938e9f68f1c703341b,https://upload.wikimedia.org/wikipedia/commons/thumb/0/01/Tiger_-_Ranthambore_National_Park_2012-06-04.jpg/1920px-Tiger_-_Ranthambore_National_Park_2012-06-04.jpg,0,0b41d2462c669bbb
image_0837.hdf5,181984085,nature_landscape,wikimedia_commons,https://upload.wikimedia.org/wikipedia/commons/1/12/Hawthorn%2C_Crataegus_monogyna._Many_vertical_branches._Lochwinnoch_Nature_Reserve._Scotland.png,"https://commons.wikimedia.org/wiki/File:Hawthorn,_Crataegus_monogyna._Many_vertical_branches._Lochwinnoch_Nature_Reserve._Scotland.png",CC BY 4.0,,Rosser1954,"File:Hawthorn, Crataegus monogyna. Many vertical branches. Lochwinnoch Nature Reserve. Scotland.png","(617, 818)",dec314981bb5938c19a1b8f5a273cea9,https://upload.wikimedia.org/wikipedia/commons/1/12/Hawthorn%2C_Crataegus_monogyna._Many_vertical_branches._Lochwinnoch_Nature_Reserve._Scotland.png,0,c4d4c6c4eed4d4e0
image_0838.hdf5,181626205,building_exterior,wikimedia_commons,https://upload.wikimedia.org/wikipedia/commons/7/7e/Exterior_of_the_Palazzo_Building_in_Las_Vegas.jpg,https://commons.wikimedia.org/wiki/File:Exterior_of_the_Palazzo_Building_in_Las_Vegas.jpg,CC BY 4.0,,Lchung9779,File:Exterior of the Palazzo Building in Las Vegas.jpg,"(2830, 3774)",1b224ea727c8276104dd1f97ab858fd6,https://upload.wikimedia.org/wikipedia/commons/thumb/7/7e/Exterior_of_the_Palazzo_Building_in_Las_Vegas.jpg/1920px-Exterior_of_the_Palazzo_Building_in_Las_Vegas.jpg,0,40309c1c9c290604
image_0839.hdf5,184698630,nature_landscape,wikimedia_commons,https://upload.wikimedia.org/wikipedia/commons/c/c2/Roebournea_diversa_-_Alton_National_Park%2C_Queensland_Australia_-_front_02.jpg,"https://commons.wikimedia.org/wiki/File:Roebournea_diversa_-_Alton_National_Park,_Queensland_Australia_-_front_02.jpg",CC BY 4.0,,Thomas Mesaglio,"File:Roebournea diversa - Alton National Park, Queensland Australia - front 02.jpg","(2048, 1536)",d00cc339d24cb56559a6bc400990498b,https://upload.wikimedia.org/wikipedia/commons/thumb/c/c2/Roebournea_diversa_-_Alton_National_Park%2C_Queensland_Australia_-_front_02.jpg/1920px-Roebournea_diversa_-_Alton_National_Park%2C_Queensland_Australia_-_front_02.jpg,0,b2e31d3cf7b3b632
image_0840.hdf5,177634489,nature_landscape,wikimedia_commons,https://upload.wikimedia.org/wikipedia/commons/4/41/Birkkarbach.jpg,https://commons.wikimedia.org/wiki/File:Birkkarbach.jpg,CC BY 4.0,,Wasquewhat,File:Birkkarbach.jpg,"(4032, 3024)",ebecf56d5164bb195bf7dc950f1f0b26,https://upload.wikimedia.org/wikipedia/commons/thumb/4/41/Birkkarbach.jpg/1920px-Birkkarbach.jpg,0,060763169d882318
image_0841.hdf5,105602381,building_exterior,wikimedia_commons,https://upload.wikimedia.org/wikipedia/commons/b/ba/Leicester_Lifeguard_Factory_frontage_in_black_and_white.jpg,https://commons.wikimedia.org/wiki/File:Leicester_Lifeguard_Factory_frontage_in_black_and_white.jpg,CC BY 4.0,,Pierre Marshall,File:Leicester Lifeguard Factory frontage in black and white.jpg,"(5444, 3649)",d517d91efedb4a1bd9fafc068de4feaa,https://upload.wikimedia.org/wikipedia/commons/thumb/b/ba/Leicester_Lifeguard_Factory_frontage_in_black_and_white.jpg/1920px-Leicester_Lifeguard_Factory_frontage_in_black_and_white.jpg,0,17696115070d4d05
image_0842.hdf5,84922796,nature_landscape,wikimedia_commons,https://upload.wikimedia.org/wikipedia/commons/1/11/Rumianek_pospolity.jpg,https://commons.wikimedia.org/wiki/File:Rumianek_pospolity.jpg,CC BY 4.0,,Agnwyb,File:Rumianek pospolity.jpg,"(4608, 3456)",e31a2a5ddce48c89ce7e4cc723682679,https://upload.wikimedia.org/wikipedia/commons/thumb/1/11/Rumianek_pospolity.jpg/1920px-Rumianek_pospolity.jpg,0,cb8b0347ce3343a3
image_0843.hdf5,190086762,building_exterior,wikimedia_commons,https://upload.wikimedia.org/wikipedia/commons/b/b3/Barn_Outside_Glenn%2C_Illinois.jpg,"https://commons.wikimedia.org/wiki/File:Barn_Outside_Glenn,_Illinois.jpg",CC BY 4.0,,TCP04,"File:Barn Outside Glenn, Illinois.jpg","(6000, 4000)",19c40b277e92c606097a464c4f511137,https://upload.wikimedia.org/wikipedia/commons/thumb/b/b3/Barn_Outside_Glenn%2C_Illinois.jpg/1920px-Barn_Outside_Glenn%2C_Illinois.jpg,0,664ea18d1f3b0490
image_0844.hdf5,189138620,nature_landscape,wikimedia_commons,https://upload.wikimedia.org/wikipedia/commons/2/2a/Cart_Path_in_Capen_Hill_Nature_Reserve_1.jpg,https://commons.wikimedia.org/wiki/File:Cart_Path_in_Capen_Hill_Nature_Reserve_1.jpg,CC BY 4.0,,3family6,File:Cart Path in Capen Hill Nature Reserve 1.jpg,"(3072, 4096)",fbba52cfe6c856b8bd1442151cccf95a,https://upload.wikimedia.org/wikipedia/commons/thumb/2/2a/Cart_Path_in_Capen_Hill_Nature_Reserve_1.jpg/1920px-Cart_Path_in_Capen_Hill_Nature_Reserve_1.jpg,0,654d4e6607274a4e
image_0845.hdf5,176995330,building_exterior,wikimedia_commons,https://upload.wikimedia.org/wikipedia/commons/5/51/Exterior_of_Thomaskirche_%28Leipzig%29_2025.jpg,https://commons.wikimedia.org/wiki/File:Exterior_of_Thomaskirche_(Leipzig)_2025.jpg,CC BY 4.0,,Tdn70,File:Exterior of Thomaskirche (Leipzig) 2025.jpg,"(5682, 3906)",44c6f477bb4fb6cc4b2c3b95b9fbaf9b,https://upload.wikimedia.org/wikipedia/commons/thumb/5/51/Exterior_of_Thomaskirche_%28Leipzig%29_2025.jpg/1920px-Exterior_of_Thomaskirche_%28Leipzig%29_2025.jpg,0,a1a5b2394c64191f
image_0846.hdf5,178795049,building_exterior,wikimedia_commons,https://upload.wikimedia.org/wikipedia/commons/4/4d/Facade_of_a_historic_building_in_Bogot%C3%A1%2C_Colombia..jpg,"https://commons.wikimedia.org/wiki/File:Facade_of_a_historic_building_in_Bogot%C3%A1,_Colombia..jpg",CC BY 4.0,,ArmandoCasitasS,"File:Facade of a historic building in Bogotá, Colombia..jpg","(7279, 4853)",81ec9142c82815a4d846c27ea555b1f7,https://upload.wikimedia.org/wikipedia/commons/thumb/4/4d/Facade_of_a_historic_building_in_Bogot%C3%A1%2C_Colombia..jpg/1920px-Facade_of_a_historic_building_in_Bogot%C3%A1%2C_Colombia..jpg,0,cf7fa3070fcff329
image_0847.hdf5,165960324,building_exterior,wikimedia_commons,https://upload.wikimedia.org/wikipedia/commons/5/52/Yellowhead_Highway_Frontage_Road_at_Mattoch-McKeague_Road%2C_Kamloops.jpg,"https://commons.wikimedia.org/wiki/File:Yellowhead_Highway_Frontage_Road_at_Mattoch-McKeague_Road,_Kamloops.jpg",CC BY 4.0,,Kiyoteru Awaji,"File:Yellowhead Highway Frontage Road at Mattoch-McKeague Road, Kamloops.jpg","(4032, 3024)",2e5ffc94b434149162eb7d0fce74d3cd,https://upload.wikimedia.org/wikipedia/commons/thumb/5/52/Yellowhead_Highway_Frontage_Road_at_Mattoch-McKeague_Road%2C_Kamloops.jpg/1920px-Yellowhead_Highway_Frontage_Road_at_Mattoch-McKeague_Road%2C_Kamloops.jpg,0,9acd0d2d039e114f
image_0848.hdf5,190374032,nature_landscape,wikimedia_commons,https://upload.wikimedia.org/wikipedia/commons/7/7c/Bare-throated_Tiger_Heron_in_Corcovado_National_Park%2C_Costa_Rica.jpg,"https://commons.wikimedia.org/wiki/File:Bare-throated_Tiger_Heron_in_Corcovado_National_Park,_Costa_Rica.jpg",CC BY 4.0,,Mikeschafer.wildlife,"File:Bare-throated Tiger Heron in Corcovado National Park, Costa Rica.jpg","(3798, 3038)",8fdf4efac7559b0b693d890c70e2b755,https://upload.wikimedia.org/wikipedia/commons/thumb/7/7c/Bare-throated_Tiger_Heron_in_Corcovado_National_Park%2C_Costa_Rica.jpg/1920px-Bare-throated_Tiger_Heron_in_Corcovado_National_Park%2C_Costa_Rica.jpg,0,9d19dc4ed94ce5c4
image_0849.hdf5,181247622,building_exterior,wikimedia_commons,https://upload.wikimedia.org/wikipedia/commons/a/aa/Driven_to_Sustain_Van_at_Manitoba_Legislative_Building.jpg,https://commons.wikimedia.org/wiki/File:Driven_to_Sustain_Van_at_Manitoba_Legislative_Building.jpg,CC BY 4.0,,Tydziedzic,File:Driven to Sustain Van at Manitoba Legislative Building.jpg,"(4000, 3000)",b5ff8615b0e3eb6d6b0a5bbb5fe6c5f7,https://upload.wikimedia.org/wikipedia/commons/thumb/a/aa/Driven_to_Sustain_Van_at_Manitoba_Legislative_Building.jpg/1920px-Driven_to_Sustain_Van_at_Manitoba_Legislative_Building.jpg,0,0f37373270348acb
image_0850.hdf5,79418306,nature_landscape,wikimedia_commons,https://upload.wikimedia.org/wikipedia/commons/9/9d/R%C3%A9serve_d%27Etat_de_Naryn_Ao%C3%BBt_2018_13.jpg,https://commons.wikimedia.org/wiki/File:R%C3%A9serve_d%27Etat_de_Naryn_Ao%C3%BBt_2018_13.jpg,CC BY 4.0,,Abujoy,File:Réserve d'Etat de Naryn Août 2018 13.jpg,"(6016, 4000)",4c6e849b6e7899758314a2ba234f6a13,https://upload.wikimedia.org/wikipedia/commons/thumb/9/9d/R%C3%A9serve_d%27Etat_de_Naryn_Ao%C3%BBt_2018_13.jpg/1920px-R%C3%A9serve_d%27Etat_de_Naryn_Ao%C3%BBt_2018_13.jpg,0,3820ce9c9c9e3b2f
image_0851.hdf5,144593541,building_exterior,wikimedia_commons,https://upload.wikimedia.org/wikipedia/commons/2/2e/La_Cattedrale_di_San_Lorenzo_a_Genova_vista_da_via_di_Scurreria%2C_agosto_2008.jpg,"https://commons.wikimedia.org/wiki/File:La_Cattedrale_di_San_Lorenzo_a_Genova_vista_da_via_di_Scurreria,_agosto_2008.jpg",CC BY 4.0,,Angelo G. Valle,"File:La Cattedrale di San Lorenzo a Genova vista da via di Scurreria, agosto 2008.jpg","(454, 605)",330dddfe769daeb131cf8addb5c39eb7,https://upload.wikimedia.org/wikipedia/commons/2/2e/La_Cattedrale_di_San_Lorenzo_a_Genova_vista_da_via_di_Scurreria%2C_agosto_2008.jpg,0,21a2a65f54e27a1d
image_0852.hdf5,146915585,nature_landscape,wikimedia_commons,https://upload.wikimedia.org/wikipedia/commons/f/f5/OSM_Parc_national_du_Kirthar_-_Pakistan.png,https://commons.wikimedia.org/wiki/File:OSM_Parc_national_du_Kirthar_-_Pakistan.png,CC BY 4.0,,Wisi eu,File:OSM Parc national du Kirthar - Pakistan.png,"(1046, 688)",4354eb72a8844f1da62cfd7c47ccd70f,https://upload.wikimedia.org/wikipedia/commons/f/f5/OSM_Parc_national_du_Kirthar_-_Pakistan.png,0,34bb222a26250584
image_0853.hdf5,150949440,nature_landscape,wikimedia_commons,https://upload.wikimedia.org/wikipedia/commons/1/14/A_boy_in_Henri_Pittier_National_Park_Maracay_Venezuela.jpg,https://commons.wikimedia.org/wiki/File:A_boy_in_Henri_Pittier_National_Park_Maracay_Venezuela.jpg,CC BY 4.0,,Bobjgalindo,File:A boy in Henri Pittier National Park Maracay Venezuela.jpg,"(1024, 903)",3ad19db77556d0d85ae7d87f67c787df,https://upload.wikimedia.org/wikipedia/commons/1/14/A_boy_in_Henri_Pittier_National_Park_Maracay_Venezuela.jpg,0,0b251d9d75f7d3a6
image_0854.hdf5,109358798,building_exterior,wikimedia_commons,https://upload.wikimedia.org/wikipedia/commons/2/2d/Pair_Of_K6_Telephone_Kiosks_Outside_Number_47_%28Not_Included%29.jpg,https://commons.wikimedia.org/wiki/File:Pair_Of_K6_Telephone_Kiosks_Outside_Number_47_(Not_Included).jpg,CC BY 4.0,,Peter Broster,File:Pair Of K6 Telephone Kiosks Outside Number 47 (Not Included).jpg,"(4000, 2672)",c383f2e7e8535413031add272c814ac6,https://upload.wikimedia.org/wikipedia/commons/thumb/2/2d/Pair_Of_K6_Telephone_Kiosks_Outside_Number_47_%28Not_Included%29.jpg/1920px-Pair_Of_K6_Telephone_Kiosks_Outside_Number_47_%28Not_Included%29.jpg,0,6b6c99cdcfcccd1e
image_0855.hdf5,114260534,nature_landscape,wikimedia_commons,https://upload.wikimedia.org/wikipedia/commons/b/b7/Uphill_Landscape_at_Coetzenburg_Mountain_Bike_Trails%2C_Stellenbosch%2C_Wester_Cape%2C_South_Africa.jpg,"https://commons.wikimedia.org/wiki/File:Uphill_Landscape_at_Coetzenburg_Mountain_Bike_Trails,_Stellenbosch,_Wester_Cape,_South_Africa.jpg",CC BY 4.0,,Frank Taljaard of Gnostika.Blog,"File:Uphill Landscape at Coetzenburg Mountain Bike Trails, Stellenbosch, Wester Cape, South Africa.jpg","(4500, 6000)",be7b521ed8501be2029d9912f31215cb,https://upload.wikimedia.org/wikipedia/commons/thumb/b/b7/Uphill_Landscape_at_Coetzenburg_Mountain_Bike_Trails%2C_Stellenbosch%2C_Wester_Cape%2C_South_Africa.jpg/1920px-Uphill_Landscape_at_Coetzenburg_Mountain_Bike_Trails%2C_Stellenbosch%2C_Wester_Cape%2C_South_Africa.jpg,0,fef8cd8673f26448
image_0856.hdf5,166750463,nature_landscape,wikimedia_commons,https://upload.wikimedia.org/wikipedia/commons/6/6f/Islands_of_Gubi%2C_Nature%27s_Calm_in_Bauchi.jpg,"https://commons.wikimedia.org/wiki/File:Islands_of_Gubi,_Nature%27s_Calm_in_Bauchi.jpg",CC BY 4.0,,Martemmedia,"File:Islands of Gubi, Nature's Calm in Bauchi.jpg","(6000, 4000)",fb9e6d2559899d44bd412e607dd5e1d8,https://upload.wikimedia.org/wikipedia/commons/thumb/6/6f/Islands_of_Gubi%2C_Nature%27s_Calm_in_Bauchi.jpg/1920px-Islands_of_Gubi%2C_Nature%27s_Calm_in_Bauchi.jpg,0,0011126231786620
image_0857.hdf5,151116139,building_exterior,wikimedia_commons,https://upload.wikimedia.org/wikipedia/commons/1/14/Bahnhof_Hagen_Hbf_Info.jpg,https://commons.wikimedia.org/wiki/File:Bahnhof_Hagen_Hbf_Info.jpg,CC BY 4.0,,"Bärwinkel,Klaus",File:Bahnhof Hagen Hbf Info.jpg,"(2422, 2968)",469e0b8ce530031de9f15fa60e88dbcd,https://upload.wikimedia.org/wikipedia/commons/thumb/1/14/Bahnhof_Hagen_Hbf_Info.jpg/1920px-Bahnhof_Hagen_Hbf_Info.jpg,0,2f4b1b2f1b3b1616
image_0858.hdf5,144875586,building_exterior,wikimedia_commons,https://upload.wikimedia.org/wikipedia/commons/9/91/20240201.Eisenbahnbr%C3%BCcken_Dresden-Plauen.-23.jpg,https://commons.wikimedia.org/wiki/File:20240201.Eisenbahnbr%C3%BCcken_Dresden-Plauen.-23.jpg,CC BY 4.0,,Bybbisch94,File:20240201.Eisenbahnbrücken Dresden-Plauen.-23.jpg,"(8000, 6000)",4cb880fcf8a815846e72383f052eeb4c,https://upload.wikimedia.org/wikipedia/commons/thumb/9/91/20240201.Eisenbahnbr%C3%BCcken_Dresden-Plauen.-23.jpg/1920px-20240201.Eisenbahnbr%C3%BCcken_Dresden-Plauen.-23.jpg,0,414f9f46f7f7d7f3
image_0859.hdf5,184268035,nature_landscape,wikimedia_commons,https://upload.wikimedia.org/wikipedia/commons/e/e8/2026-02-14_Landscape_in_Amoreira%2C_%C3%93bidos_1.jpg,"https://commons.wikimedia.org/wiki/File:2026-02-14_Landscape_in_Amoreira,_%C3%93bidos_1.jpg",CC BY 4.0,,Alexkom000,"File:2026-02-14 Landscape in Amoreira, Óbidos 1.jpg","(5319, 3546)",61dc982db4d3890b284d7403045401bd,https://upload.wikimedia.org/wikipedia/commons/thumb/e/e8/2026-02-14_Landscape_in_Amoreira%2C_%C3%93bidos_1.jpg/1920px-2026-02-14_Landscape_in_Amoreira%2C_%C3%93bidos_1.jpg,0,67072f0717bf1bc3
image_0860.hdf5,141355261,building_exterior,wikimedia_commons,https://upload.wikimedia.org/wikipedia/commons/f/f6/Curtin_Building_410_outside_deck.jpg,https://commons.wikimedia.org/wiki/File:Curtin_Building_410_outside_deck.jpg,CC BY 4.0,,Orderinchaos,File:Curtin Building 410 outside deck.jpg,"(4624, 3468)",5d4b18245d55b1270750039f4539165d,https://upload.wikimedia.org/wikipedia/commons/thumb/f/f6/Curtin_Building_410_outside_deck.jpg/1920px-Curtin_Building_410_outside_deck.jpg,0,e666260603b0d073
image_0861.hdf5,170233266,building_exterior,wikimedia_commons,https://upload.wikimedia.org/wikipedia/commons/a/a1/The_dome_of_the_United_States_Capitol_building.jpg,https://commons.wikimedia.org/wiki/File:The_dome_of_the_United_States_Capitol_building.jpg,CC BY 4.0,,peakfocus.agency,File:The dome of the United States Capitol building.jpg,"(5327, 3551)",5a356fe73839bfa5929c94698018b10f,https://upload.wikimedia.org/wikipedia/commons/thumb/a/a1/The_dome_of_the_United_States_Capitol_building.jpg/1920px-The_dome_of_the_United_States_Capitol_building.jpg,0,03252626460c2547
image_0862.hdf5,41960382,nature_landscape,wikimedia_commons,https://upload.wikimedia.org/wikipedia/commons/f/fe/Western_ringtail_possum_at_Locke_Nature_Reserve.jpg,https://commons.wikimedia.org/wiki/File:Western_ringtail_possum_at_Locke_Nature_Reserve.jpg,CC BY 4.0,,"Kaori Yokochi, Roberta Bencini",File:Western ringtail possum at Locke Nature Reserve.jpg,"(744, 846)",f7bc5f87baa51643e38d65a6a25a2015,https://upload.wikimedia.org/wikipedia/commons/f/fe/Western_ringtail_possum_at_Locke_Nature_Reserve.jpg,0,227272b9d9393836
image_0863.hdf5,103258832,nature_landscape,wikimedia_commons,https://upload.wikimedia.org/wikipedia/commons/b/b1/%D0%91%D0%BE%D0%BB%D0%BE%D1%82%D0%BE-%D1%81%D0%BC%D0%B0%D0%B9%D0%BB%D0%B8%D0%BA.jpg,https://commons.wikimedia.org/wiki/File:%D0%91%D0%BE%D0%BB%D0%BE%D1%82%D0%BE-%D1%81%D0%BC%D0%B0%D0%B9%D0%BB%D0%B8%D0%BA.jpg,CC BY 4.0,,Ted.ns,File:Болото-смайлик.jpg,"(3756, 2504)",5b0c0c657b05bb5191a3ccc822d6da95,https://upload.wikimedia.org/wikipedia/commons/thumb/b/b1/%D0%91%D0%BE%D0%BB%D0%BE%D1%82%D0%BE-%D1%81%D0%BC%D0%B0%D0%B9%D0%BB%D0%B8%D0%BA.jpg/1920px-%D0%91%D0%BE%D0%BB%D0%BE%D1%82%D0%BE-%D1%81%D0%BC%D0%B0%D0%B9%D0%BB%D0%B8%D0%BA.jpg,0,450a290b29b3d30e
image_0864.hdf5,74425243,nature_landscape,wikimedia_commons,https://upload.wikimedia.org/wikipedia/commons/5/51/1130_Auhofstra%C3%9Fe_6_Hietzinger_Kai_7-9_-_Steinitzhof_-_Stiege_6_-_Landschaftsmosaik-Hauszeichen_IMG_0527.jpg,https://commons.wikimedia.org/wiki/File:1130_Auhofstra%C3%9Fe_6_Hietzinger_Kai_7-9_-_Steinitzhof_-_Stiege_6_-_Landschaftsmosaik-Hauszeichen_IMG_0527.jpg,CC BY 4.0,http://austria-forum.org/af/Infos_zum_AF/Editorial_Board/Judt%2C_Dr._Ewald_%28Wirtschaftswissenschaft%29,Ewald Judt,File:1130 Auhofstraße 6 Hietzinger Kai 7-9 - Steinitzhof - Stiege 6 - Landschaftsmosaik-Hauszeichen IMG 0527.jpg,"(2000, 1500)",d6c4a57e4c84a1915a24595463aade0c,https://upload.wikimedia.org/wikipedia/commons/thumb/5/51/1130_Auhofstra%C3%9Fe_6_Hietzinger_Kai_7-9_-_Steinitzhof_-_Stiege_6_-_Landschaftsmosaik-Hauszeichen_IMG_0527.jpg/1920px-1130_Auhofstra%C3%9Fe_6_Hietzinger_Kai_7-9_-_Steinitzhof_-_Stiege_6_-_Landschaftsmosaik-Hauszeichen_IMG_0527.jpg,0,13133cdcc4c4d9e2
image_0865.hdf5,105549326,building_exterior,wikimedia_commons,https://upload.wikimedia.org/wikipedia/commons/3/3b/Architecture_Detail_02.jpg,https://commons.wikimedia.org/wiki/File:Architecture_Detail_02.jpg,CC BY 4.0,,dweeb,File:Architecture Detail 02.jpg,"(800, 600)",366d672dc499bc95775d321c422a5d05,https://upload.wikimedia.org/wikipedia/commons/3/3b/Architecture_Detail_02.jpg,0,9e1e0f5b51ded898
image_0866.hdf5,87464093,nature_landscape,wikimedia_commons,https://upload.wikimedia.org/wikipedia/commons/5/55/Day_at_Rock_Mountain_National_Park.jpg,https://commons.wikimedia.org/wiki/File:Day_at_Rock_Mountain_National_Park.jpg,CC BY 4.0,,Prairie Astronomer,File:Day at Rock Mountain National Park.jpg,"(4288, 3216)",7b1f5f69c57e6b903ef1c798d1ce1998,https://upload.wikimedia.org/wikipedia/commons/thumb/5/55/Day_at_Rock_Mountain_National_Park.jpg/1920px-Day_at_Rock_Mountain_National_Park.jpg,0,1f7fb33377d74767
image_0867.hdf5,165133820,building_exterior,wikimedia_commons,https://upload.wikimedia.org/wikipedia/commons/6/68/The_Exterior_of_A_Typical_Halifax_Branch_%28Walsall%29.jpg,https://commons.wikimedia.org/wiki/File:The_Exterior_of_A_Typical_Halifax_Branch_(Walsall).jpg,CC BY 4.0,,Halifax (Bank of Scotland PLC),File:The Exterior of A Typical Halifax Branch (Walsall).jpg,"(4032, 3024)",e738be2c04093cc1f90f83b4dfa66102,https://upload.wikimedia.org/wikipedia/commons/thumb/6/68/The_Exterior_of_A_Typical_Halifax_Branch_%28Walsall%29.jpg/1920px-The_Exterior_of_A_Typical_Halifax_Branch_%28Walsall%29.jpg,0,7c64e4f1b2aacad0
image_0868.hdf5,194559815,nature_landscape,wikimedia_commons,https://upload.wikimedia.org/wikipedia/commons/f/f7/Naracoorte_Caves_National_Park_-_Wonambi_Visitor_Centre_20260623-111628.jpg,https://commons.wikimedia.org/wiki/File:Naracoorte_Caves_National_Park_-_Wonambi_Visitor_Centre_20260623-111628.jpg,CC BY 4.0,,RegionVisitor90,File:Naracoorte Caves National Park - Wonambi Visitor Centre 20260623-111628.jpg,"(4284, 5712)",7d9ab03ba48d45c4805876f9e570d7ea,https://upload.wikimedia.org/wikipedia/commons/thumb/f/f7/Naracoorte_Caves_National_Park_-_Wonambi_Visitor_Centre_20260623-111628.jpg/1920px-Naracoorte_Caves_National_Park_-_Wonambi_Visitor_Centre_20260623-111628.jpg,0,6369b33118f47d1f
image_0869.hdf5,173605799,nature_landscape,wikimedia_commons,https://upload.wikimedia.org/wikipedia/commons/6/64/Wikimedian_Kingshuk_Mondal_beside_the_UNESCO_Heritage_Monument_at_Netidhopani_Beat_Office%2C_Sundarban_National_Park_01.jpg,"https://commons.wikimedia.org/wiki/File:Wikimedian_Kingshuk_Mondal_beside_the_UNESCO_Heritage_Monument_at_Netidhopani_Beat_Office,_Sundarban_National_Park_01.jpg",CC BY 4.0,,Sajal Bar,"File:Wikimedian Kingshuk Mondal beside the UNESCO Heritage Monument at Netidhopani Beat Office, Sundarban National Park 01.jpg","(6000, 4000)",57825716cf9ec13642ce691617765e28,https://upload.wikimedia.org/wikipedia/commons/thumb/6/64/Wikimedian_Kingshuk_Mondal_beside_the_UNESCO_Heritage_Monument_at_Netidhopani_Beat_Office%2C_Sundarban_National_Park_01.jpg/1920px-Wikimedian_Kingshuk_Mondal_beside_the_UNESCO_Heritage_Monument_at_Netidhopani_Beat_Office%2C_Sundarban_National_Park_01.jpg,0,9035144ec9f9b02f
image_0870.hdf5,186312902,nature_landscape,wikimedia_commons,https://upload.wikimedia.org/wikipedia/commons/d/df/Wave_ripples_and_tracks_of_Theropod_Dinosaurs%2C_part_of_the_Uppermost_Cretaceous_Carreras_Pampa_tracksite_in_Torotoro_National_Park%2C_Bolivia.png,"https://commons.wikimedia.org/wiki/File:Wave_ripples_and_tracks_of_Theropod_Dinosaurs,_part_of_the_Uppermost_Cretaceous_Carreras_Pampa_tracksite_in_Torotoro_National_Park,_Bolivia.png",CC BY 4.0,,"Esperante et al., 2025","File:Wave ripples and tracks of Theropod Dinosaurs, part of the Uppermost Cretaceous Carreras Pampa tracksite in Torotoro National Park, Bolivia.png","(792, 585)",dc647449ee04d8f4280f0a50f492ca30,https://upload.wikimedia.org/wikipedia/commons/d/df/Wave_ripples_and_tracks_of_Theropod_Dinosaurs%2C_part_of_the_Uppermost_Cretaceous_Carreras_Pampa_tracksite_in_Torotoro_National_Park%2C_Bolivia.png,0,4df23f379717460d
image_0871.hdf5,173786550,building_exterior,wikimedia_commons,https://upload.wikimedia.org/wikipedia/commons/5/5a/Z%C3%BCrich_Hauptbahnhof_fa%C3%A7ade%2C_statue_and_flower_parterre.jpg,"https://commons.wikimedia.org/wiki/File:Z%C3%BCrich_Hauptbahnhof_fa%C3%A7ade,_statue_and_flower_parterre.jpg",CC BY 4.0,,Balise42,"File:Zürich Hauptbahnhof façade, statue and flower parterre.jpg","(7360, 4912)",dd1fdad384dc27c48fbc8fa6ff282b1c,https://upload.wikimedia.org/wikipedia/commons/thumb/5/5a/Z%C3%BCrich_Hauptbahnhof_fa%C3%A7ade%2C_statue_and_flower_parterre.jpg/1920px-Z%C3%BCrich_Hauptbahnhof_fa%C3%A7ade%2C_statue_and_flower_parterre.jpg,0,1b8b86c14fc11137
image_0872.hdf5,113391920,nature_landscape,wikimedia_commons,https://upload.wikimedia.org/wikipedia/commons/6/64/Padule_di_Fucecchio_-_Massimo_Brizzi-.jpg,https://commons.wikimedia.org/wiki/File:Padule_di_Fucecchio_-_Massimo_Brizzi-.jpg,CC BY 4.0,,MaxNikon,File:Padule di Fucecchio - Massimo Brizzi-.jpg,"(5730, 3632)",9ee0a1717f79f30f0bab2906fcb8f657,https://upload.wikimedia.org/wikipedia/commons/thumb/6/64/Padule_di_Fucecchio_-_Massimo_Brizzi-.jpg/1920px-Padule_di_Fucecchio_-_Massimo_Brizzi-.jpg,0,cccc943023331686
image_0873.hdf5,109666470,nature_landscape,wikimedia_commons,https://upload.wikimedia.org/wikipedia/commons/8/88/Kagga_Kamma_Nature_Reserve_%2810.3897-AfrInvertebr.57.8696%29_Figure_15.jpg,https://commons.wikimedia.org/wiki/File:Kagga_Kamma_Nature_Reserve_(10.3897-AfrInvertebr.57.8696)_Figure_15.jpg,CC BY 4.0,https://doi.org/10.3897/AfrInvertebr.57.8696,https://doi.org/10.3897/AfrInvertebr.57.8696,File:Kagga Kamma Nature Reserve (10.3897-AfrInvertebr.57.8696) Figure 15.jpg,"(1512, 901)",8ddad7b2cac3e779a2099a33cd92db0e,https://upload.wikimedia.org/wikipedia/commons/8/88/Kagga_Kamma_Nature_Reserve_%2810.3897-AfrInvertebr.57.8696%29_Figure_15.jpg,0,f8f47dcbcccf0f1d
image_0874.hdf5,170359072,nature_landscape,wikimedia_commons,https://upload.wikimedia.org/wikipedia/commons/d/d1/Mossy_rock_in_Poledn%C3%ADk_national_nature_reserve_in_2025.jpg,https://commons.wikimedia.org/wiki/File:Mossy_rock_in_Poledn%C3%ADk_national_nature_reserve_in_2025.jpg,CC BY 4.0,,RobbieIanMorrison,File:Mossy rock in Poledník national nature reserve in 2025.jpg,"(6034, 4128)",fc5fdb7213a544d431ddc0f185d45cd7,https://upload.wikimedia.org/wikipedia/commons/thumb/d/d1/Mossy_rock_in_Poledn%C3%ADk_national_nature_reserve_in_2025.jpg/1920px-Mossy_rock_in_Poledn%C3%ADk_national_nature_reserve_in_2025.jpg,0,3839989a06747969
image_0875.hdf5,186314414,building_exterior,wikimedia_commons,https://upload.wikimedia.org/wikipedia/commons/c/c0/Bureau_Of_Prisons_Officers_at_Bishop_Henry_Whipple_Building_%2855096518683%29.jpg,https://commons.wikimedia.org/wiki/File:Bureau_Of_Prisons_Officers_at_Bishop_Henry_Whipple_Building_(55096518683).jpg,CC BY 4.0,https://chaddavis.photography,Chad Davis,File:Bureau Of Prisons Officers at Bishop Henry Whipple Building (55096518683).jpg,"(4096, 2731)",26d7f0fe9ec05c2ffb332d3f9b9e5c66,https://upload.wikimedia.org/wikipedia/commons/thumb/c/c0/Bureau_Of_Prisons_Officers_at_Bishop_Henry_Whipple_Building_%2855096518683%29.jpg/1920px-Bureau_Of_Prisons_Officers_at_Bishop_Henry_Whipple_Building_%2855096518683%29.jpg,0,201d3fdf973f671f
image_0876.hdf5,163854340,nature_landscape,wikimedia_commons,https://upload.wikimedia.org/wikipedia/commons/5/59/Mal%C3%A1_Fatra_National_Park_from_%C5%BDilina.jpg,https://commons.wikimedia.org/wiki/File:Mal%C3%A1_Fatra_National_Park_from_%C5%BDilina.jpg,CC BY 4.0,,Jakub CA,File:Malá Fatra National Park from Žilina.jpg,"(4064, 3048)",19d31ba27f0717688d31d79c739c8638,https://upload.wikimedia.org/wikipedia/commons/thumb/5/59/Mal%C3%A1_Fatra_National_Park_from_%C5%BDilina.jpg/1920px-Mal%C3%A1_Fatra_National_Park_from_%C5%BDilina.jpg,0,42128bf8f8424202
image_0877.hdf5,181450433,nature_landscape,wikimedia_commons,https://upload.wikimedia.org/wikipedia/commons/1/1d/Guidage-Isalo-national-park.jpg,https://commons.wikimedia.org/wiki/File:Guidage-Isalo-national-park.jpg,CC BY 4.0,,Gaël RAKOTOVAO,File:Guidage-Isalo-national-park.jpg,"(1024, 768)",35b28a0478fd64024a0acac85b13745b,https://upload.wikimedia.org/wikipedia/commons/1/1d/Guidage-Isalo-national-park.jpg,0,796e2f953336d557
image_0878.hdf5,174542348,building_exterior,wikimedia_commons,https://upload.wikimedia.org/wikipedia/commons/a/a8/619_Western%2C_Seattle_WA_%28Exterior%2C_Sept_2025%29.jpg,"https://commons.wikimedia.org/wiki/File:619_Western,_Seattle_WA_(Exterior,_Sept_2025).jpg",CC BY 4.0,,Antrikshy,"File:619 Western, Seattle WA (Exterior, Sept 2025).jpg","(3716, 2787)",9259f73c69e441322dfaa75949a00273,https://upload.wikimedia.org/wikipedia/commons/thumb/a/a8/619_Western%2C_Seattle_WA_%28Exterior%2C_Sept_2025%29.jpg/1920px-619_Western%2C_Seattle_WA_%28Exterior%2C_Sept_2025%29.jpg,0,4fc7b2c9888a9a16
image_0879.hdf5,177374619,building_exterior,wikimedia_commons,https://upload.wikimedia.org/wikipedia/commons/7/7d/Chrysler_Building_%283%29.jpg,https://commons.wikimedia.org/wiki/File:Chrysler_Building_(3).jpg,CC BY 4.0,,Ferfive,File:Chrysler Building (3).jpg,"(3072, 4080)",5671f125644a41fde174fa393a8fc3d2,https://upload.wikimedia.org/wikipedia/commons/thumb/7/7d/Chrysler_Building_%283%29.jpg/1920px-Chrysler_Building_%283%29.jpg,0,e2e3fb7b5c4d2fe7
image_0880.hdf5,170497899,building_exterior,wikimedia_commons,https://upload.wikimedia.org/wikipedia/commons/e/e2/Curving_Supernova_exterior_%28BX-25_CC%29.jpg,https://commons.wikimedia.org/wiki/File:Curving_Supernova_exterior_(BX-25_CC).jpg,CC BY 4.0,,"Fotos Brillux, Sven Rahm Fotografie",File:Curving Supernova exterior (BX-25 CC).jpg,"(4002, 5996)",ac4d08b8d84c418329509134c9fbebd8,https://upload.wikimedia.org/wikipedia/commons/thumb/e/e2/Curving_Supernova_exterior_%28BX-25_CC%29.jpg/1920px-Curving_Supernova_exterior_%28BX-25_CC%29.jpg,0,f8f2e6c9dff8f1e8
image_0881.hdf5,194587919,nature_landscape,wikimedia_commons,https://upload.wikimedia.org/wikipedia/commons/f/f4/Asian_elephant_in_grassland_habitat_of_Jim_Corbett_National_Park.jpg,https://commons.wikimedia.org/wiki/File:Asian_elephant_in_grassland_habitat_of_Jim_Corbett_National_Park.jpg,CC BY 4.0,,Panchalmaulik01,File:Asian elephant in grassland habitat of Jim Corbett National Park.jpg,"(4032, 6048)",bf212ca4128144d2354bc09ca2134600,https://upload.wikimedia.org/wikipedia/commons/thumb/f/f4/Asian_elephant_in_grassland_habitat_of_Jim_Corbett_National_Park.jpg/1920px-Asian_elephant_in_grassland_habitat_of_Jim_Corbett_National_Park.jpg,0,1b3c07650b276747
image_0882.hdf5,61411224,building_exterior,wikimedia_commons,https://upload.wikimedia.org/wikipedia/commons/0/00/Georgetown-Bank-building-in.jpg,https://commons.wikimedia.org/wiki/File:Georgetown-Bank-building-in.jpg,CC BY 4.0,,Brian Stansberry,File:Georgetown-Bank-building-in.jpg,"(4288, 2848)",ec53a45c3ca4a31989d2df11c1257fa0,https://upload.wikimedia.org/wikipedia/commons/thumb/0/00/Georgetown-Bank-building-in.jpg/1920px-Georgetown-Bank-building-in.jpg,0,1f230d6573f52541
image_0883.hdf5,86305626,building_exterior,wikimedia_commons,https://upload.wikimedia.org/wikipedia/commons/8/8d/Zoersel_Zoersel_KH_%281%29_-_316794_-_onroerenderfgoed.jpg,https://commons.wikimedia.org/wiki/File:Zoersel_Zoersel_KH_(1)_-_316794_-_onroerenderfgoed.jpg,CC BY 4.0,,"Mertens, Joeri",File:Zoersel Zoersel KH (1) - 316794 - onroerenderfgoed.jpg,"(1536, 2048)",466744354d7e4f2e4e078c7de175e153,https://upload.wikimedia.org/wikipedia/commons/8/8d/Zoersel_Zoersel_KH_%281%29_-_316794_-_onroerenderfgoed.jpg,0,1b19f9c197989a6b
image_0884.hdf5,188861295,building_exterior,wikimedia_commons,https://upload.wikimedia.org/wikipedia/commons/8/86/03_Bahai_Temple_Kampala_Exterior_Approach_Lane1.jpg,https://commons.wikimedia.org/wiki/File:03_Bahai_Temple_Kampala_Exterior_Approach_Lane1.jpg,CC BY 4.0,,Alvinategyeka,File:03 Bahai Temple Kampala Exterior Approach Lane1.jpg,"(6000, 4500)",51961b3a3d73e5fbde4e5e6ad851beb4,https://upload.wikimedia.org/wikipedia/commons/thumb/8/86/03_Bahai_Temple_Kampala_Exterior_Approach_Lane1.jpg/1920px-03_Bahai_Temple_Kampala_Exterior_Approach_Lane1.jpg,0,2b4930b3b0b439fe
image_0885.hdf5,156842551,building_exterior,wikimedia_commons,https://upload.wikimedia.org/wikipedia/commons/8/86/EUROPEAN_International_School_Main_Building_%28stretched%29.jpg,https://commons.wikimedia.org/wiki/File:EUROPEAN_International_School_Main_Building_(stretched).jpg,CC BY 4.0,,NearEMPTiness,File:EUROPEAN International School Main Building (stretched).jpg,"(2961, 2000)",833d44ab7ab00f11e19165d465944c96,https://upload.wikimedia.org/wikipedia/commons/thumb/8/86/EUROPEAN_International_School_Main_Building_%28stretched%29.jpg/1920px-EUROPEAN_International_School_Main_Building_%28stretched%29.jpg,0,c38b9b672727190b
image_0886.hdf5,152628282,nature_landscape,wikimedia_commons,https://upload.wikimedia.org/wikipedia/commons/0/00/Gallarus_Oratory-1210112%2C_Dingle_Peninsula%2C_Co._Kerry%2C_Ireland.jpg,"https://commons.wikimedia.org/wiki/File:Gallarus_Oratory-1210112,_Dingle_Peninsula,_Co._Kerry,_Ireland.jpg",CC BY 4.0,,Mucklagh,"File:Gallarus Oratory-1210112, Dingle Peninsula, Co. Kerry, Ireland.jpg","(4896, 3672)",169ccbb0804a2f3f1354c5e6136bc962,https://upload.wikimedia.org/wikipedia/commons/thumb/0/00/Gallarus_Oratory-1210112%2C_Dingle_Peninsula%2C_Co._Kerry%2C_Ireland.jpg/1920px-Gallarus_Oratory-1210112%2C_Dingle_Peninsula%2C_Co._Kerry%2C_Ireland.jpg,0,db35306267f376dc
image_0887.hdf5,194956178,nature_landscape,wikimedia_commons,https://upload.wikimedia.org/wikipedia/commons/4/47/Isla_Chiloe_-_Isla_Chiloe_-_Islotes_de_Punihuil_Natural_Monument_01.jpg,https://commons.wikimedia.org/wiki/File:Isla_Chiloe_-_Isla_Chiloe_-_Islotes_de_Punihuil_Natural_Monument_01.jpg,CC BY 4.0,,Indies1,File:Isla Chiloe - Isla Chiloe - Islotes de Punihuil Natural Monument 01.jpg,"(4151, 2755)",b0f9d5e0724efa0ea053e8873758521b,https://upload.wikimedia.org/wikipedia/commons/thumb/4/47/Isla_Chiloe_-_Isla_Chiloe_-_Islotes_de_Punihuil_Natural_Monument_01.jpg/1920px-Isla_Chiloe_-_Isla_Chiloe_-_Islotes_de_Punihuil_Natural_Monument_01.jpg,0,d1383635214b4963
image_0888.hdf5,157005218,nature_landscape,wikimedia_commons,https://upload.wikimedia.org/wikipedia/commons/c/c9/Appalachian_Trail_Marker_in_Shenandoah_National_Park.jpg,https://commons.wikimedia.org/wiki/File:Appalachian_Trail_Marker_in_Shenandoah_National_Park.jpg,CC BY 4.0,,AGnias47,File:Appalachian Trail Marker in Shenandoah National Park.jpg,"(1224, 1632)",c8449768891eaa241818a871563850f5,https://upload.wikimedia.org/wikipedia/commons/c/c9/Appalachian_Trail_Marker_in_Shenandoah_National_Park.jpg,0,72722e6c6c6ff6f6
image_0889.hdf5,99497414,nature_landscape,wikimedia_commons,https://upload.wikimedia.org/wikipedia/commons/5/56/Betampona_Reserve_%2810.3897-zookeys.871.36337%29_Figure_5.jpg,https://commons.wikimedia.org/wiki/File:Betampona_Reserve_(10.3897-zookeys.871.36337)_Figure_5.jpg,CC BY 4.0,https://doi.org/10.3897/zookeys.871.36337,https://doi.org/10.3897/zookeys.871.36337,File:Betampona Reserve (10.3897-zookeys.871.36337) Figure 5.jpg,"(1512, 2017)",a3b04b0f142989d294364b94c49754cb,https://upload.wikimedia.org/wikipedia/commons/5/56/Betampona_Reserve_%2810.3897-zookeys.871.36337%29_Figure_5.jpg,0,29cb721e42e81e16
image_0890.hdf5,129240631,nature_landscape,wikimedia_commons,https://upload.wikimedia.org/wikipedia/commons/6/67/Pura-nature-reserve-845.jpg,https://commons.wikimedia.org/wiki/File:Pura-nature-reserve-845.jpg,CC BY 4.0,,Bukvoed,File:Pura-nature-reserve-845.jpg,"(5472, 3648)",7f0cb36232e27d310de6203cc9ec7f7a,https://upload.wikimedia.org/wikipedia/commons/thumb/6/67/Pura-nature-reserve-845.jpg/1920px-Pura-nature-reserve-845.jpg,0,47010d01c5060131
image_0891.hdf5,75994115,nature_landscape,wikimedia_commons,https://upload.wikimedia.org/wikipedia/commons/7/78/Golestan_National_Park_20161109_01.jpg,https://commons.wikimedia.org/wiki/File:Golestan_National_Park_20161109_01.jpg,CC BY 4.0,,Aboutaleb Nadri,File:Golestan National Park 20161109 01.jpg,"(1000, 667)",fb38779d849f0a3da3afb7ca580841cd,https://upload.wikimedia.org/wikipedia/commons/7/78/Golestan_National_Park_20161109_01.jpg,0,7f7fbabd1d0f174e
image_0892.hdf5,176685691,building_exterior,wikimedia_commons,https://upload.wikimedia.org/wikipedia/commons/a/ac/202406_Universit%C3%A4tsschule_Dresden_Altbau_und_Gr%C3%BCnes_Atelier.jpg,https://commons.wikimedia.org/wiki/File:202406_Universit%C3%A4tsschule_Dresden_Altbau_und_Gr%C3%BCnes_Atelier.jpg,CC BY 4.0,,UnischuleTUD,File:202406 Universitätsschule Dresden Altbau und Grünes Atelier.jpg,"(3332, 2499)",456d0e057c0669246c30b2f3093d51f3,https://upload.wikimedia.org/wikipedia/commons/thumb/a/ac/202406_Universit%C3%A4tsschule_Dresden_Altbau_und_Gr%C3%BCnes_Atelier.jpg/1920px-202406_Universit%C3%A4tsschule_Dresden_Altbau_und_Gr%C3%BCnes_Atelier.jpg,0,937726c747df7018
image_0893.hdf5,155063468,building_exterior,wikimedia_commons,https://upload.wikimedia.org/wikipedia/commons/4/45/Exterior_of_the_Alte_Pinakothek_2.jpg,https://commons.wikimedia.org/wiki/File:Exterior_of_the_Alte_Pinakothek_2.jpg,CC BY 4.0,,AuHaidhausen,File:Exterior of the Alte Pinakothek 2.jpg,"(8192, 6016)",2207042097d549ed353e832968ad5a47,https://upload.wikimedia.org/wikipedia/commons/thumb/4/45/Exterior_of_the_Alte_Pinakothek_2.jpg/1920px-Exterior_of_the_Alte_Pinakothek_2.jpg,0,ffbed6d2b2b29233
image_0894.hdf5,78970264,nature_landscape,wikimedia_commons,https://upload.wikimedia.org/wikipedia/commons/a/a5/Valley_in_the_Caucasian_mountains_of_Ingushetia%2C_%D0%93%D0%BE%D1%80%D0%BD%D0%B0%D1%8F_%D0%B4%D0%BE%D0%BB%D0%B8%D0%BD%D0%B0%2C_%D0%9A%D0%B0%D0%B2%D0%BA%D0%B0%D0%B7%2C_%D0%98%D0%BD%D0%B3%D1%83%D1%88%D0%B5%D1%82%D0%B8%D1%8F_2.jpg,"https://commons.wikimedia.org/wiki/File:Valley_in_the_Caucasian_mountains_of_Ingushetia,_%D0%93%D0%BE%D1%80%D0%BD%D0%B0%D1%8F_%D0%B4%D0%BE%D0%BB%D0%B8%D0%BD%D0%B0,_%D0%9A%D0%B0%D0%B2%D0%BA%D0%B0%D0%B7,_%D0%98%D0%BD%D0%B3%D1%83%D1%88%D0%B5%D1%82%D0%B8%D1%8F_2.jpg",CC BY 4.0,,Argenberg,"File:Valley in the Caucasian mountains of Ingushetia, Горная долина, Кавказ, Ингушетия 2.jpg","(6000, 4000)",52387da2a2cc449ddf1d8db106a59370,https://upload.wikimedia.org/wikipedia/commons/thumb/a/a5/Valley_in_the_Caucasian_mountains_of_Ingushetia%2C_%D0%93%D0%BE%D1%80%D0%BD%D0%B0%D1%8F_%D0%B4%D0%BE%D0%BB%D0%B8%D0%BD%D0%B0%2C_%D0%9A%D0%B0%D0%B2%D0%BA%D0%B0%D0%B7%2C_%D0%98%D0%BD%D0%B3%D1%83%D1%88%D0%B5%D1%82%D0%B8%D1%8F_2.jpg/1920px-Valley_in_the_Caucasian_mountains_of_Ingushetia%2C_%D0%93%D0%BE%D1%80%D0%BD%D0%B0%D1%8F_%D0%B4%D0%BE%D0%BB%D0%B8%D0%BD%D0%B0%2C_%D0%9A%D0%B0%D0%B2%D0%BA%D0%B0%D0%B7%2C_%D0%98%D0%BD%D0%B3%D1%83%D1%88%D0%B5%D1%82%D0%B8%D1%8F_2.jpg,0,010b070743700f87
image_0895.hdf5,164571304,building_exterior,wikimedia_commons,https://upload.wikimedia.org/wikipedia/commons/2/2a/Exterior_of_the_Beylerbeyi_Mosque.jpg,https://commons.wikimedia.org/wiki/File:Exterior_of_the_Beylerbeyi_Mosque.jpg,CC BY 4.0,,Canercangul,File:Exterior of the Beylerbeyi Mosque.jpg,"(2400, 1600)",ce3ad87992b9ee50b0d9179244218346,https://upload.wikimedia.org/wikipedia/commons/thumb/2/2a/Exterior_of_the_Beylerbeyi_Mosque.jpg/1920px-Exterior_of_the_Beylerbeyi_Mosque.jpg,0,70237bdd74ec370b
image_0896.hdf5,115485391,nature_landscape,wikimedia_commons,https://upload.wikimedia.org/wikipedia/commons/5/59/Pakke_River_DSCN2901_03.jpg,https://commons.wikimedia.org/wiki/File:Pakke_River_DSCN2901_03.jpg,CC BY 4.0,,Saniya Chaplod,File:Pakke River DSCN2901 03.jpg,"(3000, 4000)",df3c9b7de0d5ed8f85d94a39db103fd4,https://upload.wikimedia.org/wikipedia/commons/thumb/5/59/Pakke_River_DSCN2901_03.jpg/1920px-Pakke_River_DSCN2901_03.jpg,0,f4e8dc0471c13171
image_0897.hdf5,40811772,nature_landscape,wikimedia_commons,https://upload.wikimedia.org/wikipedia/commons/d/da/Landscape_near_Vodiane_%2803%29.jpg,https://commons.wikimedia.org/wiki/File:Landscape_near_Vodiane_(03).jpg,CC BY 4.0,,Valeria Vasylieva,File:Landscape near Vodiane (03).jpg,"(3696, 2448)",da45aed57395c8f12c6896156af21a8b,https://upload.wikimedia.org/wikipedia/commons/thumb/d/da/Landscape_near_Vodiane_%2803%29.jpg/1920px-Landscape_near_Vodiane_%2803%29.jpg,0,be0c195318986600
image_0898.hdf5,151085615,building_exterior,wikimedia_commons,https://upload.wikimedia.org/wikipedia/commons/9/99/Shisui_Post_office.jpg,https://commons.wikimedia.org/wiki/File:Shisui_Post_office.jpg,CC BY 4.0,,Suikotei,File:Shisui Post office.jpg,"(3717, 2791)",535aba7c5b232fcdcd3405232eac6f8f,https://upload.wikimedia.org/wikipedia/commons/thumb/9/99/Shisui_Post_office.jpg/1920px-Shisui_Post_office.jpg,0,2b9de511355293b7
image_0899.hdf5,166189354,building_exterior,wikimedia_commons,https://upload.wikimedia.org/wikipedia/commons/a/aa/Chase_Center_Exterior_Building_Logo.jpg,https://commons.wikimedia.org/wiki/File:Chase_Center_Exterior_Building_Logo.jpg,CC BY 4.0,,9yz,File:Chase Center Exterior Building Logo.jpg,"(7360, 4912)",43bc68a5921d32a027cda7387b06e985,https://upload.wikimedia.org/wikipedia/commons/thumb/a/aa/Chase_Center_Exterior_Building_Logo.jpg/1920px-Chase_Center_Exterior_Building_Logo.jpg,0,f0000e3e3d388430
image_0900.hdf5,147636408,nature_landscape,wikimedia_commons,https://upload.wikimedia.org/wikipedia/commons/4/44/Nature_reserve_lake_Dearne_Valley%2C_Old_Moor.jpg,"https://commons.wikimedia.org/wiki/File:Nature_reserve_lake_Dearne_Valley,_Old_Moor.jpg",CC BY 4.0,,Aliceives,"File:Nature reserve lake Dearne Valley, Old Moor.jpg","(4105, 2726)",635f834d34ac003032c8c2321bc35ef8,https://upload.wikimedia.org/wikipedia/commons/thumb/4/44/Nature_reserve_lake_Dearne_Valley%2C_Old_Moor.jpg/1920px-Nature_reserve_lake_Dearne_Valley%2C_Old_Moor.jpg,0,ff8100f0180c7e7f
image_0901.hdf5,149105663,building_exterior,wikimedia_commons,https://upload.wikimedia.org/wikipedia/commons/c/cb/Meyer_Library_Exterior.jpg,https://commons.wikimedia.org/wiki/File:Meyer_Library_Exterior.jpg,CC BY 4.0,,Benpiano800,File:Meyer Library Exterior.jpg,"(4080, 3072)",772b913a2fb776d7f7f517833007df78,https://upload.wikimedia.org/wikipedia/commons/thumb/c/cb/Meyer_Library_Exterior.jpg/1920px-Meyer_Library_Exterior.jpg,0,e5c4fca72f4ffd8e
image_0902.hdf5,129730480,building_exterior,wikimedia_commons,https://upload.wikimedia.org/wikipedia/commons/7/79/%D8%B3%D8%AF_%DA%A9%D8%B1%D8%AE%D9%87_%D8%A8%D8%B1_%D8%B1%D9%88%DB%8C_%D8%B1%D9%88%D8%AF_%DA%A9%D8%B1%D8%AE%D9%87-Karkheh_dam_on_Karkheh_river.jpg,https://commons.wikimedia.org/wiki/File:%D8%B3%D8%AF_%DA%A9%D8%B1%D8%AE%D9%87_%D8%A8%D8%B1_%D8%B1%D9%88%DB%8C_%D8%B1%D9%88%D8%AF_%DA%A9%D8%B1%D8%AE%D9%87-Karkheh_dam_on_Karkheh_river.jpg,CC BY 4.0,,Tasnim News Agency,File:سد کرخه بر روی رود کرخه-Karkheh dam on Karkheh river.jpg,"(1200, 835)",93eefd3413af9c54453f2b4a1c598da8,https://upload.wikimedia.org/wikipedia/commons/7/79/%D8%B3%D8%AF_%DA%A9%D8%B1%D8%AE%D9%87_%D8%A8%D8%B1_%D8%B1%D9%88%DB%8C_%D8%B1%D9%88%D8%AF_%DA%A9%D8%B1%D8%AE%D9%87-Karkheh_dam_on_Karkheh_river.jpg,0,0745860f37f3731f
image_0903.hdf5,47017605,building_exterior,wikimedia_commons,https://upload.wikimedia.org/wikipedia/commons/0/0e/Helmovsk%C3%BD_jez%2C_ze_%C5%A0tvanice.jpg,"https://commons.wikimedia.org/wiki/File:Helmovsk%C3%BD_jez,_ze_%C5%A0tvanice.jpg",CC BY 4.0,,ŠJů,"File:Helmovský jez, ze Štvanice.jpg","(5017, 3468)",40468ad30993ab1dadc8923f0c68e856,https://upload.wikimedia.org/wikipedia/commons/thumb/0/0e/Helmovsk%C3%BD_jez%2C_ze_%C5%A0tvanice.jpg/1920px-Helmovsk%C3%BD_jez%2C_ze_%C5%A0tvanice.jpg,0,773249cf1f0f6291
image_0904.hdf5,170383033,nature_landscape,wikimedia_commons,https://upload.wikimedia.org/wikipedia/commons/d/d4/Does_on_Blacka_Moor_nature_reserve_near_Sheffield.jpg,https://commons.wikimedia.org/wiki/File:Does_on_Blacka_Moor_nature_reserve_near_Sheffield.jpg,CC BY 4.0,,Robrocket82,File:Does on Blacka Moor nature reserve near Sheffield.jpg,"(3024, 4032)",03a16eb1c117f5a0531e74f8d75a2bcc,https://upload.wikimedia.org/wikipedia/commons/thumb/d/d4/Does_on_Blacka_Moor_nature_reserve_near_Sheffield.jpg/1920px-Does_on_Blacka_Moor_nature_reserve_near_Sheffield.jpg,0,0f0d279858c6c60a
image_0905.hdf5,150306239,nature_landscape,wikimedia_commons,https://upload.wikimedia.org/wikipedia/commons/9/9a/Putin_with_IOC_members_in_Sochi_National_Park_with_leopards_02.jpg,https://commons.wikimedia.org/wiki/File:Putin_with_IOC_members_in_Sochi_National_Park_with_leopards_02.jpg,CC BY 4.0,,premier.gov.ru,File:Putin with IOC members in Sochi National Park with leopards 02.jpg,"(360, 538)",4f4a53c2ff5eeb9c4a329fb7fb4b76de,https://upload.wikimedia.org/wikipedia/commons/9/9a/Putin_with_IOC_members_in_Sochi_National_Park_with_leopards_02.jpg,0,53674e4a72727111
image_0906.hdf5,167442425,nature_landscape,wikimedia_commons,https://upload.wikimedia.org/wikipedia/commons/0/03/Hog_Island%2C_Pituamkek_National_Park_Reserve%2C_PEI_2025.jpg,"https://commons.wikimedia.org/wiki/File:Hog_Island,_Pituamkek_National_Park_Reserve,_PEI_2025.jpg",CC BY 4.0,,Gierszep,"File:Hog Island, Pituamkek National Park Reserve, PEI 2025.jpg","(4032, 3024)",2608bf7999933529e8ade6131c960f70,https://upload.wikimedia.org/wikipedia/commons/thumb/0/03/Hog_Island%2C_Pituamkek_National_Park_Reserve%2C_PEI_2025.jpg/1920px-Hog_Island%2C_Pituamkek_National_Park_Reserve%2C_PEI_2025.jpg,0,0f57b0871f18a75f
image_0907.hdf5,147322006,building_exterior,wikimedia_commons,https://upload.wikimedia.org/wikipedia/commons/b/b5/Mosa%C3%AFque_Fa%C3%A7ade_de_la_porte_de_la_mosqu%C3%A9e_de_Sidi_El-Haloui%2C_Tlemcen.jpg,"https://commons.wikimedia.org/wiki/File:Mosa%C3%AFque_Fa%C3%A7ade_de_la_porte_de_la_mosqu%C3%A9e_de_Sidi_El-Haloui,_Tlemcen.jpg",CC BY 4.0,,Terki hassaine samir,"File:Mosaïque Façade de la porte de la mosquée de Sidi El-Haloui, Tlemcen.jpg","(5200, 3307)",900fef95bb69164108d387cbe8032244,https://upload.wikimedia.org/wikipedia/commons/thumb/b/b5/Mosa%C3%AFque_Fa%C3%A7ade_de_la_porte_de_la_mosqu%C3%A9e_de_Sidi_El-Haloui%2C_Tlemcen.jpg/1920px-Mosa%C3%AFque_Fa%C3%A7ade_de_la_porte_de_la_mosqu%C3%A9e_de_Sidi_El-Haloui%2C_Tlemcen.jpg,0,3d3596ae9a2e0f13
image_0908.hdf5,180537176,nature_landscape,wikimedia_commons,https://upload.wikimedia.org/wikipedia/commons/4/4d/2016_Betty_Soskin%2C_the_oldest_United_States_National_Park_Service_Ranger.jpg,"https://commons.wikimedia.org/wiki/File:2016_Betty_Soskin,_the_oldest_United_States_National_Park_Service_Ranger.jpg",CC BY 4.0,,Geoff Livingston,"File:2016 Betty Soskin, the oldest United States National Park Service Ranger.jpg","(7360, 4912)",73b191c73113baa1aa1bba62ed3912ca,https://upload.wikimedia.org/wikipedia/commons/thumb/4/4d/2016_Betty_Soskin%2C_the_oldest_United_States_National_Park_Service_Ranger.jpg/1920px-2016_Betty_Soskin%2C_the_oldest_United_States_National_Park_Service_Ranger.jpg,0,03034b01462f8646
image_0909.hdf5,174004211,nature_landscape,wikimedia_commons,https://upload.wikimedia.org/wikipedia/commons/0/0a/UNESCO_World_Heritage_Monument_at_Sundarban_National_Park%2C_West_Bengal%2C_India_08.jpg,"https://commons.wikimedia.org/wiki/File:UNESCO_World_Heritage_Monument_at_Sundarban_National_Park,_West_Bengal,_India_08.jpg",CC BY 4.0,,Kingshuk Mondal,"File:UNESCO World Heritage Monument at Sundarban National Park, West Bengal, India 08.jpg","(6000, 4000)",32b1f27a3e432c79d25538aa8a30f592,https://upload.wikimedia.org/wikipedia/commons/thumb/0/0a/UNESCO_World_Heritage_Monument_at_Sundarban_National_Park%2C_West_Bengal%2C_India_08.jpg/1920px-UNESCO_World_Heritage_Monument_at_Sundarban_National_Park%2C_West_Bengal%2C_India_08.jpg,0,f16112318d8eabb8
image_0910.hdf5,154755998,building_exterior,wikimedia_commons,https://upload.wikimedia.org/wikipedia/commons/6/6e/Rector%C3%ADa_El_Jes%C3%BAs_Tercera_Orden_en_M%C3%A9rida%2C_Yucat%C3%A1n.jpg,"https://commons.wikimedia.org/wiki/File:Rector%C3%ADa_El_Jes%C3%BAs_Tercera_Orden_en_M%C3%A9rida,_Yucat%C3%A1n.jpg",CC BY 4.0,,Jimenajim,"File:Rectoría El Jesús Tercera Orden en Mérida, Yucatán.jpg","(960, 1280)",be2195e98e7684b3d64c1343c7607017,https://upload.wikimedia.org/wikipedia/commons/6/6e/Rector%C3%ADa_El_Jes%C3%BAs_Tercera_Orden_en_M%C3%A9rida%2C_Yucat%C3%A1n.jpg,0,37b3ccf1736b6996
image_0911.hdf5,92313704,building_exterior,wikimedia_commons,https://upload.wikimedia.org/wikipedia/commons/7/71/Edificio_Serie_de_Viviendas_%28Guillermo_Langle%2C_Almer%C3%ADa%29.jpg,"https://commons.wikimedia.org/wiki/File:Edificio_Serie_de_Viviendas_(Guillermo_Langle,_Almer%C3%ADa).jpg",CC BY 4.0,,Ismael Olea,"File:Edificio Serie de Viviendas (Guillermo Langle, Almería).jpg","(4336, 3291)",a54bdfc351445ce0b384f766aa0c8f06,https://upload.wikimedia.org/wikipedia/commons/thumb/7/71/Edificio_Serie_de_Viviendas_%28Guillermo_Langle%2C_Almer%C3%ADa%29.jpg/1920px-Edificio_Serie_de_Viviendas_%28Guillermo_Langle%2C_Almer%C3%ADa%29.jpg,0,8f9fbbbdb9a5ec79
image_0912.hdf5,155859766,building_exterior,wikimedia_commons,https://upload.wikimedia.org/wikipedia/commons/7/7c/JR_Yagoshi_Station_202411.jpg,https://commons.wikimedia.org/wiki/File:JR_Yagoshi_Station_202411.jpg,CC BY 4.0,,とらもん192,File:JR Yagoshi Station 202411.jpg,"(5520, 3680)",56b559fa0a172cc91beb7ab37c59fff1,https://upload.wikimedia.org/wikipedia/commons/thumb/7/7c/JR_Yagoshi_Station_202411.jpg/1920px-JR_Yagoshi_Station_202411.jpg,0,362c391a0e040521
image_0913.hdf5,115081786,building_exterior,wikimedia_commons,https://upload.wikimedia.org/wikipedia/commons/a/ae/Weilar_1991-08-09_18.jpg,https://commons.wikimedia.org/wiki/File:Weilar_1991-08-09_18.jpg,CC BY 4.0,https://commons.wikimedia.org/wiki/User:Arjoopy,Arjoopy,File:Weilar 1991-08-09 18.jpg,"(4302, 2826)",09aee9094e3ba15914705a000d42aef9,https://upload.wikimedia.org/wikipedia/commons/thumb/a/ae/Weilar_1991-08-09_18.jpg/1920px-Weilar_1991-08-09_18.jpg,0,9b67d6de88acac2c
image_0914.hdf5,170329526,nature_landscape,wikimedia_commons,https://upload.wikimedia.org/wikipedia/commons/c/c2/MAINPAT_LANDSCAPE.jpg,https://commons.wikimedia.org/wiki/File:MAINPAT_LANDSCAPE.jpg,CC BY 4.0,,Xtra Click,File:MAINPAT LANDSCAPE.jpg,"(8160, 6120)",22cb8551127be3bb32a9e91e25ab7deb,https://upload.wikimedia.org/wikipedia/commons/thumb/c/c2/MAINPAT_LANDSCAPE.jpg/1920px-MAINPAT_LANDSCAPE.jpg,0,030f0f0dddb733f6
image_0915.hdf5,145663364,building_exterior,wikimedia_commons,https://upload.wikimedia.org/wikipedia/commons/a/ab/Exlibris-papier-%C3%A0-lettre_l%27abb%C3%A9_Coquart.jpg,https://commons.wikimedia.org/wiki/File:Exlibris-papier-%C3%A0-lettre_l%27abb%C3%A9_Coquart.jpg,CC BY 4.0,,Dessin et eau-forte de Nori Malo-Renault,File:Exlibris-papier-à-lettre l'abbé Coquart.jpg,"(521, 314)",f90bc923ca2ff231396b41046c5087ef,https://upload.wikimedia.org/wikipedia/commons/a/ab/Exlibris-papier-%C3%A0-lettre_l%27abb%C3%A9_Coquart.jpg,0,56b7a9c4e0c88064
image_0916.hdf5,158397019,nature_landscape,wikimedia_commons,https://upload.wikimedia.org/wikipedia/commons/2/22/Ranoidea_cyclorhynchus%2C_Stirling_Range_National_Park%2C_WA_imported_from_iNaturalist_photo_152126808.jpg,"https://commons.wikimedia.org/wiki/File:Ranoidea_cyclorhynchus,_Stirling_Range_National_Park,_WA_imported_from_iNaturalist_photo_152126808.jpg",CC BY 4.0,,"(c) dhfischer, some rights reserved (CC BY)","File:Ranoidea cyclorhynchus, Stirling Range National Park, WA imported from iNaturalist photo 152126808.jpg","(1000, 666)",dfadcd089baec9142ab696ff4d77a55d,https://upload.wikimedia.org/wikipedia/commons/2/22/Ranoidea_cyclorhynchus%2C_Stirling_Range_National_Park%2C_WA_imported_from_iNaturalist_photo_152126808.jpg,0,df39d08686883142
image_0917.hdf5,179867615,nature_landscape,wikimedia_commons,https://upload.wikimedia.org/wikipedia/commons/5/5b/River_forest_landscape_Romania._The_keys_of_the_bicaz_photo_from_2024.jpg,https://commons.wikimedia.org/wiki/File:River_forest_landscape_Romania._The_keys_of_the_bicaz_photo_from_2024.jpg,CC BY 4.0,,Patricia13200,File:River forest landscape Romania. The keys of the bicaz photo from 2024.jpg,"(1079, 1074)",a69512e845aff65b62b865a69be36eed,https://upload.wikimedia.org/wikipedia/commons/5/5b/River_forest_landscape_Romania._The_keys_of_the_bicaz_photo_from_2024.jpg,0,0001030532cfdcda
image_0918.hdf5,148723496,nature_landscape,wikimedia_commons,https://upload.wikimedia.org/wikipedia/commons/6/6f/.Bison_in_Elk_Island_National_Park_01.jpg,https://commons.wikimedia.org/wiki/File:.Bison_in_Elk_Island_National_Park_01.jpg,CC BY 4.0,,Khoshhat,File:.Bison in Elk Island National Park 01.jpg,"(5472, 3648)",3b9e610b329009b1e21a396d2b379213,https://upload.wikimedia.org/wikipedia/commons/thumb/6/6f/.Bison_in_Elk_Island_National_Park_01.jpg/1920px-.Bison_in_Elk_Island_National_Park_01.jpg,0,30d850d1d1201800
image_0919.hdf5,153801846,building_exterior,wikimedia_commons,https://upload.wikimedia.org/wikipedia/commons/5/55/Yamagata_Music_Showa_%28Store_exterior%29_2024.jpg,https://commons.wikimedia.org/wiki/File:Yamagata_Music_Showa_(Store_exterior)_2024.jpg,CC BY 4.0,,Comyu,File:Yamagata Music Showa (Store exterior) 2024.jpg,"(2560, 1969)",2761631de6d25e4183da437d989ac7cd,https://upload.wikimedia.org/wikipedia/commons/thumb/5/55/Yamagata_Music_Showa_%28Store_exterior%29_2024.jpg/1920px-Yamagata_Music_Showa_%28Store_exterior%29_2024.jpg,0,01d6c8cdcd8f7e1d
image_0920.hdf5,127423493,nature_landscape,wikimedia_commons,https://upload.wikimedia.org/wikipedia/commons/6/6f/Entrance_to_Marsh_Lane_Nature_Reserve.jpg,https://commons.wikimedia.org/wiki/File:Entrance_to_Marsh_Lane_Nature_Reserve.jpg,CC BY 4.0,,Harry Mitchell,File:Entrance to Marsh Lane Nature Reserve.jpg,"(4032, 3024)",293d256f5394c739034c879bc0ea7f28,https://upload.wikimedia.org/wikipedia/commons/thumb/6/6f/Entrance_to_Marsh_Lane_Nature_Reserve.jpg/1920px-Entrance_to_Marsh_Lane_Nature_Reserve.jpg,0,1f9fce332a161962
image_0921.hdf5,151672269,nature_landscape,wikimedia_commons,https://upload.wikimedia.org/wikipedia/commons/b/b6/Czarnia_Nature_Reserve_information_board_about_beekeeping.jpg,https://commons.wikimedia.org/wiki/File:Czarnia_Nature_Reserve_information_board_about_beekeeping.jpg,CC BY 4.0,,Bonvol,File:Czarnia Nature Reserve information board about beekeeping.jpg,"(4032, 3024)",f1008dd278cfbd863780607eba18fbca,https://upload.wikimedia.org/wikipedia/commons/thumb/b/b6/Czarnia_Nature_Reserve_information_board_about_beekeeping.jpg/1920px-Czarnia_Nature_Reserve_information_board_about_beekeeping.jpg,0,ac3e363f2b2b3ef0
image_0922.hdf5,175280585,building_exterior,wikimedia_commons,https://upload.wikimedia.org/wikipedia/commons/8/85/Exterior_Upgrade.jpg,https://commons.wikimedia.org/wiki/File:Exterior_Upgrade.jpg,CC BY 4.0,,Bunnyhoney70,File:Exterior Upgrade.jpg,"(625, 542)",ab7790ad5a510de2040edd5779b50e33,https://upload.wikimedia.org/wikipedia/commons/8/85/Exterior_Upgrade.jpg,0,4b0c7793f2921997
image_0923.hdf5,149375466,nature_landscape,wikimedia_commons,https://upload.wikimedia.org/wikipedia/commons/e/ec/I_love_the_Nature_%F0%9F%8D%80%F0%9F%99%8F.jpg,https://commons.wikimedia.org/wiki/File:I_love_the_Nature_%F0%9F%8D%80%F0%9F%99%8F.jpg,CC BY 4.0,,Randy03Felser04John91,File:I love the Nature 🍀🙏.jpg,"(4032, 3024)",959582636d4a18a9ca7b98c0078f305a,https://upload.wikimedia.org/wikipedia/commons/thumb/e/ec/I_love_the_Nature_%F0%9F%8D%80%F0%9F%99%8F.jpg/1920px-I_love_the_Nature_%F0%9F%8D%80%F0%9F%99%8F.jpg,0,edeebab939a1c792
image_0924.hdf5,166090570,building_exterior,wikimedia_commons,https://upload.wikimedia.org/wikipedia/commons/8/8a/Building_museum_Semarajaya%2C_former_MULO_school_02.jpg,"https://commons.wikimedia.org/wiki/File:Building_museum_Semarajaya,_former_MULO_school_02.jpg",CC BY 4.0,,Hannolans,"File:Building museum Semarajaya, former MULO school 02.jpg","(4032, 3024)",eb993edc26b53ddd401887c9de4f7987,https://upload.wikimedia.org/wikipedia/commons/thumb/8/8a/Building_museum_Semarajaya%2C_former_MULO_school_02.jpg/1920px-Building_museum_Semarajaya%2C_former_MULO_school_02.jpg,0,c8176624b5bd291d
image_0925.hdf5,191863150,building_exterior,wikimedia_commons,https://upload.wikimedia.org/wikipedia/commons/d/dd/Pro-choice_protest_outside_Supreme_Court_Building_%2855246680663%29.jpg,https://commons.wikimedia.org/wiki/File:Pro-choice_protest_outside_Supreme_Court_Building_(55246680663).jpg,CC BY 4.0,https://www.flickr.com/people/21550937@N03,Roy Luck,File:Pro-choice protest outside Supreme Court Building (55246680663).jpg,"(4032, 2955)",4e65cd5ccc553e9352bffd9fbb79d0db,https://upload.wikimedia.org/wikipedia/commons/thumb/d/dd/Pro-choice_protest_outside_Supreme_Court_Building_%2855246680663%29.jpg/1920px-Pro-choice_protest_outside_Supreme_Court_Building_%2855246680663%29.jpg,0,34b370bc879f9eb2
image_0926.hdf5,166165328,nature_landscape,wikimedia_commons,https://upload.wikimedia.org/wikipedia/commons/2/2a/Larix_%C3%97_czekanowskii%2C_Putorana_State_Natural_Reserve%2C_Russia_1.jpg,"https://commons.wikimedia.org/wiki/File:Larix_%C3%97_czekanowskii,_Putorana_State_Natural_Reserve,_Russia_1.jpg",CC BY 4.0,https://www.inaturalist.org/people/ilya_rudenko,ilya_rudenko,"File:Larix × czekanowskii, Putorana State Natural Reserve, Russia 1.jpg","(1536, 2048)",657c5eff0a451780f7e9443f015b4859,https://upload.wikimedia.org/wikipedia/commons/2/2a/Larix_%C3%97_czekanowskii%2C_Putorana_State_Natural_Reserve%2C_Russia_1.jpg,0,19614e6d6d6b4eae
image_0927.hdf5,167975861,building_exterior,wikimedia_commons,https://upload.wikimedia.org/wikipedia/commons/c/c6/LostinNewHaven-ext.jpg,https://commons.wikimedia.org/wiki/File:LostinNewHaven-ext.jpg,CC BY 4.0,,Staib,File:LostinNewHaven-ext.jpg,"(835, 835)",e58c57230e7649a187e581fd7c1badd9,https://upload.wikimedia.org/wikipedia/commons/c/c6/LostinNewHaven-ext.jpg,0,030e7d7366e53f3f
image_0928.hdf5,148849588,nature_landscape,wikimedia_commons,https://upload.wikimedia.org/wikipedia/commons/5/57/Kolonilott%2C_Orhems_koloniomr%C3%A5de%2C_2024-05-27.jpg,"https://commons.wikimedia.org/wiki/File:Kolonilott,_Orhems_koloniomr%C3%A5de,_2024-05-27.jpg",CC BY 4.0,,Axel Pettersson,"File:Kolonilott, Orhems koloniområde, 2024-05-27.jpg","(4000, 3000)",490c38a5b3d68ac7fe54b9d92514f5a9,https://upload.wikimedia.org/wikipedia/commons/thumb/5/57/Kolonilott%2C_Orhems_koloniomr%C3%A5de%2C_2024-05-27.jpg/1920px-Kolonilott%2C_Orhems_koloniomr%C3%A5de%2C_2024-05-27.jpg,0,f489d9df979b9fdb
image_0929.hdf5,176448298,nature_landscape,wikimedia_commons,https://upload.wikimedia.org/wikipedia/commons/b/b9/Amboseli_national_park_gate1.jpg,https://commons.wikimedia.org/wiki/File:Amboseli_national_park_gate1.jpg,CC BY 4.0,,Janak Bhatta,File:Amboseli national park gate1.jpg,"(4624, 3472)",d73ce3f5278e67639c648253cff1a1bd,https://upload.wikimedia.org/wikipedia/commons/thumb/b/b9/Amboseli_national_park_gate1.jpg/1920px-Amboseli_national_park_gate1.jpg,0,54474370ec9d1d23
image_0930.hdf5,179476935,building_exterior,wikimedia_commons,https://upload.wikimedia.org/wikipedia/commons/6/65/Blue_Liberdade_Hotel_%E2%80%94_Lisbon%2C_Portugal_%2854868748695%29.jpg,"https://commons.wikimedia.org/wiki/File:Blue_Liberdade_Hotel_%E2%80%94_Lisbon,_Portugal_(54868748695).jpg",CC BY 4.0,https://www.flickr.com/people/91873384@N04,Dale Cruse - 10M views,"File:Blue Liberdade Hotel — Lisbon, Portugal (54868748695).jpg","(3022, 3777)",f2f4e0e7b86f85f6549876b9d3750f36,https://upload.wikimedia.org/wikipedia/commons/thumb/6/65/Blue_Liberdade_Hotel_%E2%80%94_Lisbon%2C_Portugal_%2854868748695%29.jpg/1920px-Blue_Liberdade_Hotel_%E2%80%94_Lisbon%2C_Portugal_%2854868748695%29.jpg,0,b0b931bff8f80003
image_0931.hdf5,185954482,nature_landscape,wikimedia_commons,https://upload.wikimedia.org/wikipedia/commons/8/82/Stumpffia-davidattenboroughi-sp-nov-from-Betampona-Strict-Nature-Reserve-in-life-a-b.png,https://commons.wikimedia.org/wiki/File:Stumpffia-davidattenboroughi-sp-nov-from-Betampona-Strict-Nature-Reserve-in-life-a-b.png,CC BY 4.0,,Mark D Scherz,File:Stumpffia-davidattenboroughi-sp-nov-from-Betampona-Strict-Nature-Reserve-in-life-a-b.png,"(548, 365)",1b129b068c1688081d330edb01c0befd,https://upload.wikimedia.org/wikipedia/commons/8/82/Stumpffia-davidattenboroughi-sp-nov-from-Betampona-Strict-Nature-Reserve-in-life-a-b.png,0,4e693c9bb9267616
image_0932.hdf5,182318618,nature_landscape,wikimedia_commons,https://upload.wikimedia.org/wikipedia/commons/7/76/Paradise_Shelduck%2C_Aoraki_-_Mount_Cook_National_Park%2C_Canterbury%2C_NZ_imported_from_iNaturalist_photo_86241508.jpg,"https://commons.wikimedia.org/wiki/File:Paradise_Shelduck,_Aoraki_-_Mount_Cook_National_Park,_Canterbury,_NZ_imported_from_iNaturalist_photo_86241508.jpg",CC BY 4.0,,"(c) craigphillips, some rights reserved (CC BY)","File:Paradise Shelduck, Aoraki - Mount Cook National Park, Canterbury, NZ imported from iNaturalist photo 86241508.jpg","(2048, 1536)",8a78b16d9161558bc442b9d2ccef5ef8,https://upload.wikimedia.org/wikipedia/commons/thumb/7/76/Paradise_Shelduck%2C_Aoraki_-_Mount_Cook_National_Park%2C_Canterbury%2C_NZ_imported_from_iNaturalist_photo_86241508.jpg/1920px-Paradise_Shelduck%2C_Aoraki_-_Mount_Cook_National_Park%2C_Canterbury%2C_NZ_imported_from_iNaturalist_photo_86241508.jpg,0,c6a666a4f23c87d1
image_0933.hdf5,151923788,nature_landscape,wikimedia_commons,https://upload.wikimedia.org/wikipedia/commons/2/2e/Entrance_to_South_Downs_National_Park%2C_East_Lavant%2C_West_Sussex%2C_England.jpg,"https://commons.wikimedia.org/wiki/File:Entrance_to_South_Downs_National_Park,_East_Lavant,_West_Sussex,_England.jpg",CC BY 4.0,,ITookSomePhotos,"File:Entrance to South Downs National Park, East Lavant, West Sussex, England.jpg","(4608, 3182)",73bad14809fbcc09b8ed65fb0e8e496a,https://upload.wikimedia.org/wikipedia/commons/thumb/2/2e/Entrance_to_South_Downs_National_Park%2C_East_Lavant%2C_West_Sussex%2C_England.jpg/1920px-Entrance_to_South_Downs_National_Park%2C_East_Lavant%2C_West_Sussex%2C_England.jpg,0,5373b1594b37ece5
image_0934.hdf5,28343231,nature_landscape,wikimedia_commons,https://upload.wikimedia.org/wikipedia/commons/c/c7/Stream_flowing_onto_Scotts_Beach_%28Kahurangi_National_Park%29.jpg,https://commons.wikimedia.org/wiki/File:Stream_flowing_onto_Scotts_Beach_(Kahurangi_National_Park).jpg,CC BY 4.0,https://en.wikipedia.org/wiki/User:Pseudopanax,Pseudopanax,File:Stream flowing onto Scotts Beach (Kahurangi National Park).jpg,"(3264, 4896)",8e0babbd974bfe60417856133bee5b8b,https://upload.wikimedia.org/wikipedia/commons/thumb/c/c7/Stream_flowing_onto_Scotts_Beach_%28Kahurangi_National_Park%29.jpg/1920px-Stream_flowing_onto_Scotts_Beach_%28Kahurangi_National_Park%29.jpg,0,1088ce2e2f8f9330
image_0935.hdf5,191112347,nature_landscape,wikimedia_commons,https://upload.wikimedia.org/wikipedia/commons/5/54/Guldkronan_Store_Mosse_National_Park%2C_Sweden_20231007_130020.jpg,"https://commons.wikimedia.org/wiki/File:Guldkronan_Store_Mosse_National_Park,_Sweden_20231007_130020.jpg",CC BY 4.0,,Nakonana,"File:Guldkronan Store Mosse National Park, Sweden 20231007 130020.jpg","(4032, 3024)",82be430b91ca0ac3796d8cd87ea94f69,https://upload.wikimedia.org/wikipedia/commons/thumb/5/54/Guldkronan_Store_Mosse_National_Park%2C_Sweden_20231007_130020.jpg/1920px-Guldkronan_Store_Mosse_National_Park%2C_Sweden_20231007_130020.jpg,0,9f1fc61e0a66f029
image_0936.hdf5,521107,building_exterior,wikimedia_commons,https://upload.wikimedia.org/wikipedia/commons/3/35/Gonzales_courthouse_2005.jpg,https://commons.wikimedia.org/wiki/File:Gonzales_courthouse_2005.jpg,CC BY 4.0,https://en.wikipedia.org/wiki/User:Nv8200pa,Larry D. Moore,File:Gonzales courthouse 2005.jpg,"(750, 597)",8161d915f3db5d4546cbf4ef37b8f4bb,https://upload.wikimedia.org/wikipedia/commons/3/35/Gonzales_courthouse_2005.jpg,0,13323371d1e423e3
image_0937.hdf5,176200877,building_exterior,wikimedia_commons,https://upload.wikimedia.org/wikipedia/commons/d/d5/Fa%C3%A7ade_basilique_san_petronio_Bologne.jpg,https://commons.wikimedia.org/wiki/File:Fa%C3%A7ade_basilique_san_petronio_Bologne.jpg,CC BY 4.0,,Mrngf02,File:Façade basilique san petronio Bologne.jpg,"(2572, 4122)",bd97153d277d224f24d929abb81a64ca,https://upload.wikimedia.org/wikipedia/commons/thumb/d/d5/Fa%C3%A7ade_basilique_san_petronio_Bologne.jpg/1920px-Fa%C3%A7ade_basilique_san_petronio_Bologne.jpg,0,41b3ed9e959d959d
image_0938.hdf5,118720545,building_exterior,wikimedia_commons,https://upload.wikimedia.org/wikipedia/commons/f/fd/Platinum_Jubilee-_High_Court_of_Australia.jpg,https://commons.wikimedia.org/wiki/File:Platinum_Jubilee-_High_Court_of_Australia.jpg,CC BY 4.0,,Department of the Prime Minister and Cabinet,File:Platinum Jubilee- High Court of Australia.jpg,"(1152, 768)",61fd728bc63ee5991132aeda775b6132,https://upload.wikimedia.org/wikipedia/commons/f/fd/Platinum_Jubilee-_High_Court_of_Australia.jpg,0,638e96960f96960e
image_0939.hdf5,66367217,building_exterior,wikimedia_commons,https://upload.wikimedia.org/wikipedia/commons/b/b8/Central_Park_from_Rockefeller_Center_at_day.jpg,https://commons.wikimedia.org/wiki/File:Central_Park_from_Rockefeller_Center_at_day.jpg,CC BY 4.0,,Jannis Raabe,File:Central Park from Rockefeller Center at day.jpg,"(4032, 3024)",931272f74c2a31d9f8decd2289cb8aa3,https://upload.wikimedia.org/wikipedia/commons/thumb/b/b8/Central_Park_from_Rockefeller_Center_at_day.jpg/1920px-Central_Park_from_Rockefeller_Center_at_day.jpg,0,07b3d2c9d6d3d3b2
image_0940.hdf5,117858453,building_exterior,wikimedia_commons,https://upload.wikimedia.org/wikipedia/commons/f/f3/Germany_Lower_Saxony_Neuer_Markt_1.jpg,https://commons.wikimedia.org/wiki/File:Germany_Lower_Saxony_Neuer_Markt_1.jpg,CC BY 4.0,,Virtual-Pano,File:Germany Lower Saxony Neuer Markt 1.jpg,"(5068, 7600)",2cc8410fef083447b74e730aea2055e9,https://upload.wikimedia.org/wikipedia/commons/thumb/f/f3/Germany_Lower_Saxony_Neuer_Markt_1.jpg/1920px-Germany_Lower_Saxony_Neuer_Markt_1.jpg,0,e06368cc8f6ded1f
image_0941.hdf5,194269368,nature_landscape,wikimedia_commons,https://upload.wikimedia.org/wikipedia/commons/4/46/Udim_nature_reserve.jpg,https://commons.wikimedia.org/wiki/File:Udim_nature_reserve.jpg,CC BY 4.0,,Amit Yaron,File:Udim nature reserve.jpg,"(3060, 4080)",2fa59a6018f858c32bfd24d2b9c609f4,https://upload.wikimedia.org/wikipedia/commons/thumb/4/46/Udim_nature_reserve.jpg/1920px-Udim_nature_reserve.jpg,0,3e8b2b131346a606
image_0942.hdf5,179696748,nature_landscape,wikimedia_commons,https://upload.wikimedia.org/wikipedia/commons/f/f0/Desert_Horned_Lizard%2C_Death_Valley_National_Park%2C_Independence%2C_CA%2C_US_imported_from_iNaturalist_photo_34351183.jpg,"https://commons.wikimedia.org/wiki/File:Desert_Horned_Lizard,_Death_Valley_National_Park,_Independence,_CA,_US_imported_from_iNaturalist_photo_34351183.jpg",CC BY 4.0,,"(c) Matt Berger, some rights reserved (CC BY)","File:Desert Horned Lizard, Death Valley National Park, Independence, CA, US imported from iNaturalist photo 34351183.jpg","(2048, 1536)",dc327733a706f18804cae24d4bf82742,https://upload.wikimedia.org/wikipedia/commons/thumb/f/f0/Desert_Horned_Lizard%2C_Death_Valley_National_Park%2C_Independence%2C_CA%2C_US_imported_from_iNaturalist_photo_34351183.jpg/1920px-Desert_Horned_Lizard%2C_Death_Valley_National_Park%2C_Independence%2C_CA%2C_US_imported_from_iNaturalist_photo_34351183.jpg,0,8d0c942a1cb8b499
image_0943.hdf5,69363910,building_exterior,wikimedia_commons,https://upload.wikimedia.org/wikipedia/commons/9/91/Facciata_del_duomo_di_Saluzzo.jpg,https://commons.wikimedia.org/wiki/File:Facciata_del_duomo_di_Saluzzo.jpg,CC BY 4.0,,Clemente Rovere,File:Facciata del duomo di Saluzzo.jpg,"(1197, 960)",7f84a33365b12efe76332dc829f8f5d7,https://upload.wikimedia.org/wikipedia/commons/9/91/Facciata_del_duomo_di_Saluzzo.jpg,0,1490b25493939340
image_0944.hdf5,153530445,nature_landscape,wikimedia_commons,https://upload.wikimedia.org/wikipedia/commons/c/c3/A_nature_photo_might_depict_a_serene%2C_untouched_landscape_that_exudes_peace_and_tranquility.jpg,"https://commons.wikimedia.org/wiki/File:A_nature_photo_might_depict_a_serene,_untouched_landscape_that_exudes_peace_and_tranquility.jpg",CC BY 4.0,,Arjun9120y,"File:A nature photo might depict a serene, untouched landscape that exudes peace and tranquility.jpg","(3120, 4160)",e28ebbc676bd437ba01cac7c4863807a,https://upload.wikimedia.org/wikipedia/commons/thumb/c/c3/A_nature_photo_might_depict_a_serene%2C_untouched_landscape_that_exudes_peace_and_tranquility.jpg/1920px-A_nature_photo_might_depict_a_serene%2C_untouched_landscape_that_exudes_peace_and_tranquility.jpg,0,f6686662810f0300
image_0945.hdf5,38080414,nature_landscape,wikimedia_commons,https://upload.wikimedia.org/wikipedia/commons/f/fa/Parasite140080-fig1_Gastrointestinal_parasites_in_seven_primates_of_the_Ta%C3%AF_National_Park_-_Map.png,https://commons.wikimedia.org/wiki/File:Parasite140080-fig1_Gastrointestinal_parasites_in_seven_primates_of_the_Ta%C3%AF_National_Park_-_Map.png,CC BY 4.0,,"Roland Yao Wa Kouassi, Scott William McGraw, Patrick Kouassi Yao, Ahmed Abou-Bacar, Julie Brunet, Bernard Pesson, Bassirou Bonfoh, Eliezer Kouakou N’goran and Ermanno Candolfi",File:Parasite140080-fig1 Gastrointestinal parasites in seven primates of the Taï National Park - Map.png,"(2343, 1857)",b52906af914e54e60e1f1e2dd7e21bf2,https://upload.wikimedia.org/wikipedia/commons/thumb/f/fa/Parasite140080-fig1_Gastrointestinal_parasites_in_seven_primates_of_the_Ta%C3%AF_National_Park_-_Map.png/1920px-Parasite140080-fig1_Gastrointestinal_parasites_in_seven_primates_of_the_Ta%C3%AF_National_Park_-_Map.png,0,c6c6c4c068e0a0a8
image_0946.hdf5,88719222,building_exterior,wikimedia_commons,https://upload.wikimedia.org/wikipedia/commons/3/34/1396030914591760711029884_%D8%AE%DB%8C%D8%A7%D8%A8%D8%A7%D9%86_%D8%B3%D9%BE%D9%87.jpg,https://commons.wikimedia.org/wiki/File:1396030914591760711029884_%D8%AE%DB%8C%D8%A7%D8%A8%D8%A7%D9%86_%D8%B3%D9%BE%D9%87.jpg,CC BY 4.0,,Ehsan Rasoli,File:1396030914591760711029884 خیابان سپه.jpg,"(800, 490)",c16e01d41df86b0ee4b6b5623d532bea,https://upload.wikimedia.org/wikipedia/commons/3/34/1396030914591760711029884_%D8%AE%DB%8C%D8%A7%D8%A8%D8%A7%D9%86_%D8%B3%D9%BE%D9%87.jpg,0,9b8f4393192505a7
image_0947.hdf5,73912697,nature_landscape,wikimedia_commons,https://upload.wikimedia.org/wikipedia/commons/1/1a/Persian_onager_Kavir_National_Park_4.jpg,https://commons.wikimedia.org/wiki/File:Persian_onager_Kavir_National_Park_4.jpg,CC BY 4.0,,Mohamma Reza Khazar/Tasnim News Agency,File:Persian onager Kavir National Park 4.jpg,"(800, 489)",4dcdcfc3f8ba0e55f5434f42ec567436,https://upload.wikimedia.org/wikipedia/commons/1/1a/Persian_onager_Kavir_National_Park_4.jpg,0,064e463325ac5fb3
image_0948.hdf5,151847608,building_exterior,wikimedia_commons,https://upload.wikimedia.org/wikipedia/commons/7/72/School_of_Data_Science_-_University_of_Virginia_-_exterior_-_2.jpg,https://commons.wikimedia.org/wiki/File:School_of_Data_Science_-_University_of_Virginia_-_exterior_-_2.jpg,CC BY 4.0,,School of Data Science at the University of Virginia,File:School of Data Science - University of Virginia - exterior - 2.jpg,"(11648, 8736)",0fd5031cd87a0f63aa969423e3b8c15e,https://upload.wikimedia.org/wikipedia/commons/thumb/7/72/School_of_Data_Science_-_University_of_Virginia_-_exterior_-_2.jpg/1920px-School_of_Data_Science_-_University_of_Virginia_-_exterior_-_2.jpg,0,9f2f1918666561be
image_0949.hdf5,76189152,building_exterior,wikimedia_commons,https://upload.wikimedia.org/wikipedia/commons/1/15/Plaza_de_m%C3%A1rtires.jpg,https://commons.wikimedia.org/wiki/File:Plaza_de_m%C3%A1rtires.jpg,CC BY 4.0,,Naser Jafari,File:Plaza de mártires.jpg,"(800, 557)",eb31a4e033e9a31cb0b00263bfc11ac3,https://upload.wikimedia.org/wikipedia/commons/1/15/Plaza_de_m%C3%A1rtires.jpg,0,36f3c8dedef8ec76
image_0950.hdf5,141525568,building_exterior,wikimedia_commons,https://upload.wikimedia.org/wikipedia/commons/9/9b/Imhoffhaus_auf_einem_Modell_im_Stadtmuseum_Fembohaus.jpg,https://commons.wikimedia.org/wiki/File:Imhoffhaus_auf_einem_Modell_im_Stadtmuseum_Fembohaus.jpg,CC BY 4.0,,Jawodae,File:Imhoffhaus auf einem Modell im Stadtmuseum Fembohaus.jpg,"(918, 918)",aa2e4dc845bcd84772f9a1cd8921aec6,https://upload.wikimedia.org/wikipedia/commons/9/9b/Imhoffhaus_auf_einem_Modell_im_Stadtmuseum_Fembohaus.jpg,0,3d7c2ea956063d1e
image_0951.hdf5,193399316,nature_landscape,wikimedia_commons,https://upload.wikimedia.org/wikipedia/commons/6/64/Canyonlands_National_Park_-_ISS_-_May_28_2026_%2855314391705%29.jpg,https://commons.wikimedia.org/wiki/File:Canyonlands_National_Park_-_ISS_-_May_28_2026_(55314391705).jpg,CC BY 4.0,https://www.flickr.com/people/kevinmgill/,Kevin M. Gill,File:Canyonlands National Park - ISS - May 28 2026 (55314391705).jpg,"(8256, 5504)",a0f00df6fce8c6eeb8004be2d193cc56,https://upload.wikimedia.org/wikipedia/commons/thumb/6/64/Canyonlands_National_Park_-_ISS_-_May_28_2026_%2855314391705%29.jpg/1920px-Canyonlands_National_Park_-_ISS_-_May_28_2026_%2855314391705%29.jpg,0,6f0f9d15631b191a
image_0952.hdf5,93691743,building_exterior,wikimedia_commons,https://upload.wikimedia.org/wikipedia/commons/7/7f/The_street_outside_number_128_Able_Smith_Street_2015.jpg,https://commons.wikimedia.org/wiki/File:The_street_outside_number_128_Able_Smith_Street_2015.jpg,CC BY 4.0,,L Maule,File:The street outside number 128 Able Smith Street 2015.jpg,"(2452, 1716)",b243977ffc269dece964cf48459c5c97,https://upload.wikimedia.org/wikipedia/commons/thumb/7/7f/The_street_outside_number_128_Able_Smith_Street_2015.jpg/1920px-The_street_outside_number_128_Able_Smith_Street_2015.jpg,0,67673cfa67262f3f
image_0953.hdf5,112927199,nature_landscape,wikimedia_commons,https://upload.wikimedia.org/wikipedia/commons/5/56/Robin_%28Erithacus_rubecula%29_in_snowy_winter_landscape.jpg,https://commons.wikimedia.org/wiki/File:Robin_(Erithacus_rubecula)_in_snowy_winter_landscape.jpg,CC BY 4.0,,Samuel Tobler,File:Robin (Erithacus rubecula) in snowy winter landscape.jpg,"(3205, 2404)",6c9a6bec9c740593d645c119c15bff39,https://upload.wikimedia.org/wikipedia/commons/thumb/5/56/Robin_%28Erithacus_rubecula%29_in_snowy_winter_landscape.jpg/1920px-Robin_%28Erithacus_rubecula%29_in_snowy_winter_landscape.jpg,0,9593e56563e56149
image_0954.hdf5,175813135,building_exterior,wikimedia_commons,https://upload.wikimedia.org/wikipedia/commons/1/12/Fort_Wayne_Electric_Works_-_Exterior_Sign.jpg,https://commons.wikimedia.org/wiki/File:Fort_Wayne_Electric_Works_-_Exterior_Sign.jpg,CC BY 4.0,,Forssa01,File:Fort Wayne Electric Works - Exterior Sign.jpg,"(3112, 2334)",0f88a932f050608667d1ea64c3830a79,https://upload.wikimedia.org/wikipedia/commons/thumb/1/12/Fort_Wayne_Electric_Works_-_Exterior_Sign.jpg/1920px-Fort_Wayne_Electric_Works_-_Exterior_Sign.jpg,0,938fcd2d95e3f71f
image_0955.hdf5,101264097,nature_landscape,wikimedia_commons,https://upload.wikimedia.org/wikipedia/commons/e/ed/Sterna_repressa%2C_Mangrove_National_Park%2C_Abu_Dhabi_1.jpg,"https://commons.wikimedia.org/wiki/File:Sterna_repressa,_Mangrove_National_Park,_Abu_Dhabi_1.jpg",CC BY 4.0,https://www.inaturalist.org/people/daojames,daojames,"File:Sterna repressa, Mangrove National Park, Abu Dhabi 1.jpg","(1600, 1068)",0e1dbc3122645da4bb75e7df02e4f151,https://upload.wikimedia.org/wikipedia/commons/e/ed/Sterna_repressa%2C_Mangrove_National_Park%2C_Abu_Dhabi_1.jpg,0,0806399026681020
image_0956.hdf5,168966231,nature_landscape,wikimedia_commons,https://upload.wikimedia.org/wikipedia/commons/6/67/Pyramid_Mountain_at_Jasper_National_Park%2C_Alberta_Canada.jpg,"https://commons.wikimedia.org/wiki/File:Pyramid_Mountain_at_Jasper_National_Park,_Alberta_Canada.jpg",CC BY 4.0,,Leroylutchavez,"File:Pyramid Mountain at Jasper National Park, Alberta Canada.jpg","(3971, 3024)",a8383b9b053f34dd8391c782e60c6fe7,https://upload.wikimedia.org/wikipedia/commons/thumb/6/67/Pyramid_Mountain_at_Jasper_National_Park%2C_Alberta_Canada.jpg/1920px-Pyramid_Mountain_at_Jasper_National_Park%2C_Alberta_Canada.jpg,0,e1c8666f22a7a3a3
image_0957.hdf5,124196192,nature_landscape,wikimedia_commons,https://upload.wikimedia.org/wikipedia/commons/2/29/Picasso_Bug_imported_from_iNaturalist_photo_29253963_on_14_October_2022.jpg,https://commons.wikimedia.org/wiki/File:Picasso_Bug_imported_from_iNaturalist_photo_29253963_on_14_October_2022.jpg,CC BY 4.0,,"(c) Alan Manson, some rights reserved (CC BY)",File:Picasso Bug imported from iNaturalist photo 29253963 on 14 October 2022.jpg,"(1396, 1159)",3263fc6a27f411e2f8b30568e8699d09,https://upload.wikimedia.org/wikipedia/commons/2/29/Picasso_Bug_imported_from_iNaturalist_photo_29253963_on_14_October_2022.jpg,0,6061849c3870b494
image_0958.hdf5,84112452,nature_landscape,wikimedia_commons,https://upload.wikimedia.org/wikipedia/commons/1/18/Iceland_landscape_with_sun.jpg,https://commons.wikimedia.org/wiki/File:Iceland_landscape_with_sun.jpg,CC BY 4.0,,Delahanty,File:Iceland landscape with sun.jpg,"(3024, 4032)",20c11dc67bbdcc7cb4c4b53919f6e974,https://upload.wikimedia.org/wikipedia/commons/thumb/1/18/Iceland_landscape_with_sun.jpg/1920px-Iceland_landscape_with_sun.jpg,0,800123e34f35b191
image_0959.hdf5,187609994,nature_landscape,wikimedia_commons,https://upload.wikimedia.org/wikipedia/commons/3/38/Cotylorhiza_tuberculata_during_an_underwater_exploration_-_%C3%8Ele_Ma%C3%AFre%2C_Calanques_National_Park.jpg,"https://commons.wikimedia.org/wiki/File:Cotylorhiza_tuberculata_during_an_underwater_exploration_-_%C3%8Ele_Ma%C3%AFre,_Calanques_National_Park.jpg",CC BY 4.0,,Karim saari,"File:Cotylorhiza tuberculata during an underwater exploration - Île Maïre, Calanques National Park.jpg","(2048, 1536)",babca56dfe9d8d9a4e12d6aa4e380d3e,https://upload.wikimedia.org/wikipedia/commons/thumb/3/38/Cotylorhiza_tuberculata_during_an_underwater_exploration_-_%C3%8Ele_Ma%C3%AFre%2C_Calanques_National_Park.jpg/1920px-Cotylorhiza_tuberculata_during_an_underwater_exploration_-_%C3%8Ele_Ma%C3%AFre%2C_Calanques_National_Park.jpg,0,ff1f3f2f371f193b
image_0960.hdf5,170572212,building_exterior,wikimedia_commons,https://upload.wikimedia.org/wikipedia/commons/5/5a/A_room_with_a_%28very_unique%29_view_%28img-4503-cc%29.jpg,https://commons.wikimedia.org/wiki/File:A_room_with_a_(very_unique)_view_(img-4503-cc).jpg,CC BY 4.0,http://www.eso.org/public/outreach/partnerships/photo-ambassadors/#sommer,H. Sommer,File:A room with a (very unique) view (img-4503-cc).jpg,"(3849, 2502)",cd52f5f1b904d156271151356470465d,https://upload.wikimedia.org/wikipedia/commons/thumb/5/5a/A_room_with_a_%28very_unique%29_view_%28img-4503-cc%29.jpg/1920px-A_room_with_a_%28very_unique%29_view_%28img-4503-cc%29.jpg,0,0f1f1f1f1f1f616c
image_0961.hdf5,176785109,building_exterior,wikimedia_commons,https://upload.wikimedia.org/wikipedia/commons/d/da/TMU_Library_Building_2025.jpg,https://commons.wikimedia.org/wiki/File:TMU_Library_Building_2025.jpg,CC BY 4.0,,Aknell4,File:TMU Library Building 2025.jpg,"(5211, 3908)",1d7e08690166edc25b8aa4390cc46436,https://upload.wikimedia.org/wikipedia/commons/thumb/d/da/TMU_Library_Building_2025.jpg/1920px-TMU_Library_Building_2025.jpg,0,1b196123ad8d0706
image_0962.hdf5,85917916,building_exterior,wikimedia_commons,https://upload.wikimedia.org/wikipedia/commons/a/aa/Kelti_Building_outside_sculpture_2020.jpg,https://commons.wikimedia.org/wiki/File:Kelti_Building_outside_sculpture_2020.jpg,CC BY 4.0,,Wpcpey,File:Kelti Building outside sculpture 2020.jpg,"(4032, 3024)",63d9fba477a7e434a1670119188f257d,https://upload.wikimedia.org/wikipedia/commons/thumb/a/aa/Kelti_Building_outside_sculpture_2020.jpg/1920px-Kelti_Building_outside_sculpture_2020.jpg,0,ccc6cc5ddb0ca7a7
image_0963.hdf5,94547304,building_exterior,wikimedia_commons,https://upload.wikimedia.org/wikipedia/commons/9/9c/Hokitika_Museum_MRD.jpg,https://commons.wikimedia.org/wiki/File:Hokitika_Museum_MRD.jpg,CC BY 4.0,,Mike Dickison,File:Hokitika Museum MRD.jpg,"(4032, 3024)",887b40ee0702db115d42a37533e0bc06,https://upload.wikimedia.org/wikipedia/commons/thumb/9/9c/Hokitika_Museum_MRD.jpg/1920px-Hokitika_Museum_MRD.jpg,0,49593b393945559c
image_0964.hdf5,180236718,building_exterior,wikimedia_commons,https://upload.wikimedia.org/wikipedia/commons/b/b0/Fachada_do_Centro_Territorial_de_Educa%C3%A7%C3%A3o_Profissional_da_Bacia_do_Jacu%C3%ADpe_III_-_Edna_Daltro.jpg,https://commons.wikimedia.org/wiki/File:Fachada_do_Centro_Territorial_de_Educa%C3%A7%C3%A3o_Profissional_da_Bacia_do_Jacu%C3%ADpe_III_-_Edna_Daltro.jpg,CC BY 4.0,,Matos Elaine,File:Fachada do Centro Territorial de Educação Profissional da Bacia do Jacuípe III - Edna Daltro.jpg,"(689, 918)",7ffe0c73c0be119801a929908cb73dec,https://upload.wikimedia.org/wikipedia/commons/b/b0/Fachada_do_Centro_Territorial_de_Educa%C3%A7%C3%A3o_Profissional_da_Bacia_do_Jacu%C3%ADpe_III_-_Edna_Daltro.jpg,0,3d190e34938f3421
image_0965.hdf5,157552171,nature_landscape,wikimedia_commons,https://upload.wikimedia.org/wikipedia/commons/f/fb/Park_2_o.jpg,https://commons.wikimedia.org/wiki/File:Park_2_o.jpg,CC BY 4.0,,財務省,File:Park 2 o.jpg,"(1108, 1108)",9f6eab52cbad295caca77f11ee31bc7b,https://upload.wikimedia.org/wikipedia/commons/f/fb/Park_2_o.jpg,0,f0d4f8b0f454f8f0
image_0966.hdf5,170937128,building_exterior,wikimedia_commons,https://upload.wikimedia.org/wikipedia/commons/6/6f/The_Marshall_Building_Campus%2C_London_School_of_Economics.jpg,"https://commons.wikimedia.org/wiki/File:The_Marshall_Building_Campus,_London_School_of_Economics.jpg",CC BY 4.0,,Acumen Images,"File:The Marshall Building Campus, London School of Economics.jpg","(1400, 933)",ac2fdfe6eb95137fb0aa88ec85a0d9dd,https://upload.wikimedia.org/wikipedia/commons/6/6f/The_Marshall_Building_Campus%2C_London_School_of_Economics.jpg,0,5bb699d96d4e876b
image_0967.hdf5,142128733,building_exterior,wikimedia_commons,https://upload.wikimedia.org/wikipedia/commons/1/16/M-casa-tipica-alcala-de-henares-2021-a.jpg,https://commons.wikimedia.org/wiki/File:M-casa-tipica-alcala-de-henares-2021-a.jpg,CC BY 4.0,,MottaW,File:M-casa-tipica-alcala-de-henares-2021-a.jpg,"(1900, 1247)",dace0a3d17a5a8c163036fab3ac91f04,https://upload.wikimedia.org/wikipedia/commons/1/16/M-casa-tipica-alcala-de-henares-2021-a.jpg,0,9874c4a42424a479
image_0968.hdf5,154960432,building_exterior,wikimedia_commons,https://upload.wikimedia.org/wikipedia/commons/8/84/Muzeum_Sztuki_Nowoczesnej%2C_wn%C4%99trza%2C_okno_w_holu_015%2C_KsP_listopad_2024.jpg,"https://commons.wikimedia.org/wiki/File:Muzeum_Sztuki_Nowoczesnej,_wn%C4%99trza,_okno_w_holu_015,_KsP_listopad_2024.jpg",CC BY 4.0,,Krzysztof Popławski,"File:Muzeum Sztuki Nowoczesnej, wnętrza, okno w holu 015, KsP listopad 2024.jpg","(3264, 2448)",5b79594e2d13dfde33d85bff22a58f75,https://upload.wikimedia.org/wikipedia/commons/thumb/8/84/Muzeum_Sztuki_Nowoczesnej%2C_wn%C4%99trza%2C_okno_w_holu_015%2C_KsP_listopad_2024.jpg/1920px-Muzeum_Sztuki_Nowoczesnej%2C_wn%C4%99trza%2C_okno_w_holu_015%2C_KsP_listopad_2024.jpg,0,2f156d6d19696949
image_0969.hdf5,180567286,nature_landscape,wikimedia_commons,https://upload.wikimedia.org/wikipedia/commons/1/12/Anomalospiza_imberbis%2C_Pilanesberg_National_Park%2C_South_Africa_1.jpg,"https://commons.wikimedia.org/wiki/File:Anomalospiza_imberbis,_Pilanesberg_National_Park,_South_Africa_1.jpg",CC BY 4.0,https://www.inaturalist.org/people/nmoorhatch,nmoorhatch,"File:Anomalospiza imberbis, Pilanesberg National Park, South Africa 1.jpg","(792, 693)",01a206d89f67e91c85d8d2f2b0fcb935,https://upload.wikimedia.org/wikipedia/commons/1/12/Anomalospiza_imberbis%2C_Pilanesberg_National_Park%2C_South_Africa_1.jpg,0,af6f4f6d6f27378d
image_0970.hdf5,194336077,building_exterior,wikimedia_commons,https://upload.wikimedia.org/wikipedia/commons/2/24/Saik%C5%8D-ji_%28Chuo-ku%2C_Kumamoto%29_VLux5_hdsr_a24.jpg,"https://commons.wikimedia.org/wiki/File:Saik%C5%8D-ji_(Chuo-ku,_Kumamoto)_VLux5_hdsr_a24.jpg",CC BY 4.0,,Hyppolyte de Saint-Rambert,"File:Saikō-ji (Chuo-ku, Kumamoto) VLux5 hdsr a24.jpg","(4864, 3648)",37789b2ebca0fd639bc8bb02b6800cd2,https://upload.wikimedia.org/wikipedia/commons/thumb/2/24/Saik%C5%8D-ji_%28Chuo-ku%2C_Kumamoto%29_VLux5_hdsr_a24.jpg/1920px-Saik%C5%8D-ji_%28Chuo-ku%2C_Kumamoto%29_VLux5_hdsr_a24.jpg,0,1777c7d8cee41605
image_0971.hdf5,192341177,building_exterior,wikimedia_commons,https://upload.wikimedia.org/wikipedia/commons/a/a3/Massachusetts_Registry_of_Motor_Vehicles_Attleboro_branch_entrance_May_2026.jpg,https://commons.wikimedia.org/wiki/File:Massachusetts_Registry_of_Motor_Vehicles_Attleboro_branch_entrance_May_2026.jpg,CC BY 4.0,,4300streetcar,File:Massachusetts Registry of Motor Vehicles Attleboro branch entrance May 2026.jpg,"(4032, 3024)",5c5c1513e3a694f542f9ea12a1a2c11f,https://upload.wikimedia.org/wikipedia/commons/thumb/a/a3/Massachusetts_Registry_of_Motor_Vehicles_Attleboro_branch_entrance_May_2026.jpg/1920px-Massachusetts_Registry_of_Motor_Vehicles_Attleboro_branch_entrance_May_2026.jpg,0,f159813168d81945
image_0972.hdf5,179627501,building_exterior,wikimedia_commons,https://upload.wikimedia.org/wikipedia/commons/1/13/Bell_Works_Exterior_Closeup_%28December_2025%29.jpg,https://commons.wikimedia.org/wiki/File:Bell_Works_Exterior_Closeup_(December_2025).jpg,CC BY 4.0,,MiracleMiles,File:Bell Works Exterior Closeup (December 2025).jpg,"(4080, 3072)",bc9f61b6c90d45935ab72a6ebacb4889,https://upload.wikimedia.org/wikipedia/commons/thumb/1/13/Bell_Works_Exterior_Closeup_%28December_2025%29.jpg/1920px-Bell_Works_Exterior_Closeup_%28December_2025%29.jpg,0,e8cee7b79f9ff7c7
image_0973.hdf5,78834352,nature_landscape,wikimedia_commons,https://upload.wikimedia.org/wikipedia/commons/2/2f/1817_-_Scheyville_National_Park_-_Administration_Block_%285053634b1%29.jpg,https://commons.wikimedia.org/wiki/File:1817_-_Scheyville_National_Park_-_Administration_Block_(5053634b1).jpg,CC BY 4.0,https://commons.wikimedia.org/wiki/User:Kerry_Raymond,Kerry Raymond,File:1817 - Scheyville National Park - Administration Block (5053634b1).jpg,"(640, 480)",2cfee832fe2cb587f583852eb08d11fe,https://upload.wikimedia.org/wikipedia/commons/2/2f/1817_-_Scheyville_National_Park_-_Administration_Block_%285053634b1%29.jpg,0,6d723b1d351e190b
image_0974.hdf5,143789367,building_exterior,wikimedia_commons,https://upload.wikimedia.org/wikipedia/commons/d/d1/Vista_a%C3%A9rea_de_la_Parroquia_del_Se%C3%B1or_del_Salitre_en_Calvillo%2C_Aguascalientes_01.jpg,"https://commons.wikimedia.org/wiki/File:Vista_a%C3%A9rea_de_la_Parroquia_del_Se%C3%B1or_del_Salitre_en_Calvillo,_Aguascalientes_01.jpg",CC BY 4.0,,Luisalvaz,"File:Vista aérea de la Parroquia del Señor del Salitre en Calvillo, Aguascalientes 01.jpg","(2126, 2171)",ba99ada97bd8a7f407f541f8826fdd41,https://upload.wikimedia.org/wikipedia/commons/thumb/d/d1/Vista_a%C3%A9rea_de_la_Parroquia_del_Se%C3%B1or_del_Salitre_en_Calvillo%2C_Aguascalientes_01.jpg/1920px-Vista_a%C3%A9rea_de_la_Parroquia_del_Se%C3%B1or_del_Salitre_en_Calvillo%2C_Aguascalientes_01.jpg,0,369b881c3d3537b4
image_0975.hdf5,154008447,building_exterior,wikimedia_commons,https://upload.wikimedia.org/wikipedia/commons/b/ba/Allan_Cunningham_Monument%2C_southern_frontage%2C_2022.jpg,"https://commons.wikimedia.org/wiki/File:Allan_Cunningham_Monument,_southern_frontage,_2022.jpg",CC BY 4.0,,"Heritage branch, Quensland Government","File:Allan Cunningham Monument, southern frontage, 2022.jpg","(600, 800)",3439a1f3d9da6745de91313f4ea6662f,https://upload.wikimedia.org/wikipedia/commons/b/ba/Allan_Cunningham_Monument%2C_southern_frontage%2C_2022.jpg,0,2c8fcd8c8e134949
image_0976.hdf5,176723793,nature_landscape,wikimedia_commons,https://upload.wikimedia.org/wikipedia/commons/1/1b/Dragonsblood_Tree_and_River%2C_Tortuguero_National_Park.jpg,"https://commons.wikimedia.org/wiki/File:Dragonsblood_Tree_and_River,_Tortuguero_National_Park.jpg",CC BY 4.0,,"(c) Alan Prather, some rights reserved (CC BY)","File:Dragonsblood Tree and River, Tortuguero National Park.jpg","(2048, 1918)",7b70b64acff4b10b727403fe8dc0440c,https://upload.wikimedia.org/wikipedia/commons/thumb/1/1b/Dragonsblood_Tree_and_River%2C_Tortuguero_National_Park.jpg/1920px-Dragonsblood_Tree_and_River%2C_Tortuguero_National_Park.jpg,0,74180c24781f8b01
image_0977.hdf5,187253990,building_exterior,wikimedia_commons,https://upload.wikimedia.org/wikipedia/commons/8/87/Carlton_Gardens_2019-09-16_05.jpg,https://commons.wikimedia.org/wiki/File:Carlton_Gardens_2019-09-16_05.jpg,CC BY 4.0,,Tangerineduel,File:Carlton Gardens 2019-09-16 05.jpg,"(1896, 2939)",6f0ce64239512c2aa9e4c6b143806695,https://upload.wikimedia.org/wikipedia/commons/8/87/Carlton_Gardens_2019-09-16_05.jpg,0,878989828284983c
image_0978.hdf5,84519223,building_exterior,wikimedia_commons,https://upload.wikimedia.org/wikipedia/commons/7/73/0_perron_de_l%27ancien_pr%C3%A9sidial_%C3%A0_Quimperl%C3%A9_.JPG,https://commons.wikimedia.org/wiki/File:0_perron_de_l%27ancien_pr%C3%A9sidial_%C3%A0_Quimperl%C3%A9_.JPG,CC BY 4.0,,Jean-Pol GRANDMONT,File:0 perron de l'ancien présidial à Quimperlé .JPG,"(4838, 3226)",8369e1ecbc9a3bbd128627f442bcc88c,https://upload.wikimedia.org/wikipedia/commons/thumb/7/73/0_perron_de_l%27ancien_pr%C3%A9sidial_%C3%A0_Quimperl%C3%A9_.JPG/1920px-0_perron_de_l%27ancien_pr%C3%A9sidial_%C3%A0_Quimperl%C3%A9_.JPG,0,363661581a111341
image_0979.hdf5,86721773,building_exterior,wikimedia_commons,https://upload.wikimedia.org/wikipedia/commons/2/29/SAR_locomotive_521_in_Ellen_Street%2C_Port_Pirie%2C_with_evening_train_from_Adelaide%2C_22_Aug_1963_%28Richard_T_Horne%29.jpg,"https://commons.wikimedia.org/wiki/File:SAR_locomotive_521_in_Ellen_Street,_Port_Pirie,_with_evening_train_from_Adelaide,_22_Aug_1963_(Richard_T_Horne).jpg",CC BY 4.0,,Richard T. Horne,"File:SAR locomotive 521 in Ellen Street, Port Pirie, with evening train from Adelaide, 22 Aug 1963 (Richard T Horne).jpg","(3384, 2119)",558782633682177efc3b795cb3a5f225,https://upload.wikimedia.org/wikipedia/commons/thumb/2/29/SAR_locomotive_521_in_Ellen_Street%2C_Port_Pirie%2C_with_evening_train_from_Adelaide%2C_22_Aug_1963_%28Richard_T_Horne%29.jpg/1920px-SAR_locomotive_521_in_Ellen_Street%2C_Port_Pirie%2C_with_evening_train_from_Adelaide%2C_22_Aug_1963_%28Richard_T_Horne%29.jpg,0,3004b2b130627343
image_0980.hdf5,165871614,building_exterior,wikimedia_commons,https://upload.wikimedia.org/wikipedia/commons/c/c1/Ruhr-Universit%C3%A4t_Bochum_Universit%C3%A4tsbibliothek_Fassade_1.jpg,https://commons.wikimedia.org/wiki/File:Ruhr-Universit%C3%A4t_Bochum_Universit%C3%A4tsbibliothek_Fassade_1.jpg,CC BY 4.0,,Johannes Reimer,File:Ruhr-Universität Bochum Universitätsbibliothek Fassade 1.jpg,"(3000, 3000)",8376ac640c7f3d055ef9aa2835b311eb,https://upload.wikimedia.org/wikipedia/commons/thumb/c/c1/Ruhr-Universit%C3%A4t_Bochum_Universit%C3%A4tsbibliothek_Fassade_1.jpg/1920px-Ruhr-Universit%C3%A4t_Bochum_Universit%C3%A4tsbibliothek_Fassade_1.jpg,0,321548a32de10fa4
image_0981.hdf5,86538683,nature_landscape,wikimedia_commons,https://upload.wikimedia.org/wikipedia/commons/3/35/Hittisau-natural_monument_Rappenfluh-TH0447.jpg,https://commons.wikimedia.org/wiki/File:Hittisau-natural_monument_Rappenfluh-TH0447.jpg,CC BY 4.0,,Collection Helmut Tiefenthaler,File:Hittisau-natural monument Rappenfluh-TH0447.jpg,"(2969, 4487)",d156332506d77645bbccfe2bbcbed376,https://upload.wikimedia.org/wikipedia/commons/thumb/3/35/Hittisau-natural_monument_Rappenfluh-TH0447.jpg/1920px-Hittisau-natural_monument_Rappenfluh-TH0447.jpg,0,260c8c9d3f0d5f17
image_0982.hdf5,158875926,nature_landscape,wikimedia_commons,https://upload.wikimedia.org/wikipedia/commons/c/cc/Begonia_dicressine_habitus_%28Namdapha_National_Park%2C_India%29.png,"https://commons.wikimedia.org/wiki/File:Begonia_dicressine_habitus_(Namdapha_National_Park,_India).png",CC BY 4.0,,Borah D. &amp; Taram M.,"File:Begonia dicressine habitus (Namdapha National Park, India).png","(1166, 1456)",688a97325cdba10a1af0f9349bc9f0dc,https://upload.wikimedia.org/wikipedia/commons/c/cc/Begonia_dicressine_habitus_%28Namdapha_National_Park%2C_India%29.png,0,e212274df2e35494
image_0983.hdf5,170322907,nature_landscape,wikimedia_commons,https://upload.wikimedia.org/wikipedia/commons/6/65/Kaziranga_national_park_in_2024.jpg,https://commons.wikimedia.org/wiki/File:Kaziranga_national_park_in_2024.jpg,CC BY 4.0,,Kritartha05,File:Kaziranga national park in 2024.jpg,"(3024, 4032)",f6d152395d812a278f2936e799edde08,https://upload.wikimedia.org/wikipedia/commons/thumb/6/65/Kaziranga_national_park_in_2024.jpg/1920px-Kaziranga_national_park_in_2024.jpg,0,23235d29c7b5ecc7
image_0984.hdf5,131032056,nature_landscape,wikimedia_commons,https://upload.wikimedia.org/wikipedia/commons/6/6b/Habitus_of_Pytho_abieticola_female_%28Swiss_National_Park%29_-_Oo_821197_%28cropped%29.jpg,https://commons.wikimedia.org/wiki/File:Habitus_of_Pytho_abieticola_female_(Swiss_National_Park)_-_Oo_821197_(cropped).jpg,CC BY 4.0,,"expand article infoYannick Chittaro, Andreas Sanchez, Alexander Szallies, Martin M. Gossner, Thibault Lachat",File:Habitus of Pytho abieticola female (Swiss National Park) - Oo 821197 (cropped).jpg,"(774, 1329)",b166a81ae86500e62ddad2becf8f9442,https://upload.wikimedia.org/wikipedia/commons/6/6b/Habitus_of_Pytho_abieticola_female_%28Swiss_National_Park%29_-_Oo_821197_%28cropped%29.jpg,0,b2f06870e0f07810
image_0985.hdf5,130412047,nature_landscape,wikimedia_commons,https://upload.wikimedia.org/wikipedia/commons/b/bb/Ladoga_skerries.jpg,https://commons.wikimedia.org/wiki/File:Ladoga_skerries.jpg,CC BY 4.0,,Yuriy Stolypin,File:Ladoga skerries.jpg,"(5440, 3627)",6e7938171232c36acf6ca5cb7372dd68,https://upload.wikimedia.org/wikipedia/commons/thumb/b/bb/Ladoga_skerries.jpg/1920px-Ladoga_skerries.jpg,0,b01e9f8d1f336666
image_0986.hdf5,163902300,nature_landscape,wikimedia_commons,https://upload.wikimedia.org/wikipedia/commons/2/2e/Ile-Alatau_national_park_2025.jpg,https://commons.wikimedia.org/wiki/File:Ile-Alatau_national_park_2025.jpg,CC BY 4.0,,ChanisCaucasi,File:Ile-Alatau national park 2025.jpg,"(2243, 1602)",ba747a3f462008b4445da5b2e2f7389a,https://upload.wikimedia.org/wikipedia/commons/thumb/2/2e/Ile-Alatau_national_park_2025.jpg/1920px-Ile-Alatau_national_park_2025.jpg,0,38e0e3a3800240d4
image_0987.hdf5,156579037,nature_landscape,wikimedia_commons,https://upload.wikimedia.org/wikipedia/commons/1/13/Brown_Tree_Snake%2C_Lamington_National_Park%2C_O%27Reilly%2C_QLD%2C_AU_imported_from_iNaturalist_photo_425817409.jpg,"https://commons.wikimedia.org/wiki/File:Brown_Tree_Snake,_Lamington_National_Park,_O%27Reilly,_QLD,_AU_imported_from_iNaturalist_photo_425817409.jpg",CC BY 4.0,,"(c) Sockrosma, some rights reserved (CC BY)","File:Brown Tree Snake, Lamington National Park, O'Reilly, QLD, AU imported from iNaturalist photo 425817409.jpg","(1130, 1130)",5ad3cd25ac85168e86bfada21e0858c8,https://upload.wikimedia.org/wikipedia/commons/1/13/Brown_Tree_Snake%2C_Lamington_National_Park%2C_O%27Reilly%2C_QLD%2C_AU_imported_from_iNaturalist_photo_425817409.jpg,0,262e1a3859d94727
image_0988.hdf5,113942369,nature_landscape,wikimedia_commons,https://upload.wikimedia.org/wikipedia/commons/2/2a/Beit_Govrin_National_Park_%28997009157518205171.jpg,https://commons.wikimedia.org/wiki/File:Beit_Govrin_National_Park_(997009157518205171.jpg,CC BY 4.0,https://commons.wikimedia.org/wiki/User:SteinsplitterBot,SteinsplitterBot,File:Beit Govrin National Park (997009157518205171.jpg,"(2688, 2618)",04b11ccf2e023d219db138e93400a393,https://upload.wikimedia.org/wikipedia/commons/thumb/2/2a/Beit_Govrin_National_Park_%28997009157518205171.jpg/1920px-Beit_Govrin_National_Park_%28997009157518205171.jpg,0,072733053f256c44
image_0989.hdf5,139941482,building_exterior,wikimedia_commons,https://upload.wikimedia.org/wikipedia/commons/c/cd/Dreieinigkeitskirche_Hof_20230823_HOF06645-HDR-1_RAW-Export.png,https://commons.wikimedia.org/wiki/File:Dreieinigkeitskirche_Hof_20230823_HOF06645-HDR-1_RAW-Export.png,CC BY 4.0,,PantheraLeo1359531 😺,File:Dreieinigkeitskirche Hof 20230823 HOF06645-HDR-1 RAW-Export.png,"(8154, 6127)",14f7e12950c6fc3cdf45231b2c32a675,https://upload.wikimedia.org/wikipedia/commons/thumb/c/cd/Dreieinigkeitskirche_Hof_20230823_HOF06645-HDR-1_RAW-Export.png/1920px-Dreieinigkeitskirche_Hof_20230823_HOF06645-HDR-1_RAW-Export.png,0,c4dcf0b43e3ad8b8
image_0990.hdf5,184144576,building_exterior,wikimedia_commons,https://upload.wikimedia.org/wikipedia/commons/3/3b/St._Luke%E2%80%99s_Cathedral_and_Aspire_Building.jpg,https://commons.wikimedia.org/wiki/File:St._Luke%E2%80%99s_Cathedral_and_Aspire_Building.jpg,CC BY 4.0,,Dclemens1971,File:St. Luke’s Cathedral and Aspire Building.jpg,"(4284, 5712)",610cfeab64313803c79ddd82aadd00e2,https://upload.wikimedia.org/wikipedia/commons/thumb/3/3b/St._Luke%E2%80%99s_Cathedral_and_Aspire_Building.jpg/1920px-St._Luke%E2%80%99s_Cathedral_and_Aspire_Building.jpg,0,341c1c5cdd494bcb
image_0991.hdf5,144501845,nature_landscape,wikimedia_commons,https://upload.wikimedia.org/wikipedia/commons/0/06/Mangroves%2C_Jozani_Chwaka_Bay_National_Park%2C_Kusini_DC%2C_South_Zanzibar%2C_Tanzania.jpg,"https://commons.wikimedia.org/wiki/File:Mangroves,_Jozani_Chwaka_Bay_National_Park,_Kusini_DC,_South_Zanzibar,_Tanzania.jpg",CC BY 4.0,,Mnazini,"File:Mangroves, Jozani Chwaka Bay National Park, Kusini DC, South Zanzibar, Tanzania.jpg","(4284, 5712)",8f187d95ec9968fca2f34a287f60625b,https://upload.wikimedia.org/wikipedia/commons/thumb/0/06/Mangroves%2C_Jozani_Chwaka_Bay_National_Park%2C_Kusini_DC%2C_South_Zanzibar%2C_Tanzania.jpg/1920px-Mangroves%2C_Jozani_Chwaka_Bay_National_Park%2C_Kusini_DC%2C_South_Zanzibar%2C_Tanzania.jpg,0,06968626b29abb73
image_0992.hdf5,180958606,nature_landscape,wikimedia_commons,https://upload.wikimedia.org/wikipedia/commons/4/48/Paysage_et_plages_dans_le_Bas-Sassandra_01.jpg,https://commons.wikimedia.org/wiki/File:Paysage_et_plages_dans_le_Bas-Sassandra_01.jpg,CC BY 4.0,,Néhémienathan,File:Paysage et plages dans le Bas-Sassandra 01.jpg,"(4080, 3072)",1455b223a5d3cca46eaf640c55843bdc,https://upload.wikimedia.org/wikipedia/commons/thumb/4/48/Paysage_et_plages_dans_le_Bas-Sassandra_01.jpg/1920px-Paysage_et_plages_dans_le_Bas-Sassandra_01.jpg,0,7072ffffff645029
image_0993.hdf5,171377404,nature_landscape,wikimedia_commons,https://upload.wikimedia.org/wikipedia/commons/1/1c/Spruce_bog_-_Wigry_National_Park_-_Poland.jpg,https://commons.wikimedia.org/wiki/File:Spruce_bog_-_Wigry_National_Park_-_Poland.jpg,CC BY 4.0,,Bouke ten Cate,File:Spruce bog - Wigry National Park - Poland.jpg,"(4752, 3168)",b05e2e4d6be5c8c858ab0c1d0be963b5,https://upload.wikimedia.org/wikipedia/commons/thumb/1/1c/Spruce_bog_-_Wigry_National_Park_-_Poland.jpg/1920px-Spruce_bog_-_Wigry_National_Park_-_Poland.jpg,0,452525341c7cf1d1
image_0994.hdf5,155957920,building_exterior,wikimedia_commons,https://upload.wikimedia.org/wikipedia/commons/c/cc/Exterior_of_the_Leaning_Tower_%28Pisa%29_in_April_2023.3.jpg,https://commons.wikimedia.org/wiki/File:Exterior_of_the_Leaning_Tower_(Pisa)_in_April_2023.3.jpg,CC BY 4.0,,PaestumPaestum,File:Exterior of the Leaning Tower (Pisa) in April 2023.3.jpg,"(4004, 5971)",54112063d28df032cc72176b895165ac,https://upload.wikimedia.org/wikipedia/commons/thumb/c/cc/Exterior_of_the_Leaning_Tower_%28Pisa%29_in_April_2023.3.jpg/1920px-Exterior_of_the_Leaning_Tower_%28Pisa%29_in_April_2023.3.jpg,0,1fb3b27bf9f90e26
image_0995.hdf5,170882814,building_exterior,wikimedia_commons,https://upload.wikimedia.org/wikipedia/commons/d/da/Cunard_Building_entrance.jpg,https://commons.wikimedia.org/wiki/File:Cunard_Building_entrance.jpg,CC BY 4.0,,FMcGady,File:Cunard Building entrance.jpg,"(4067, 3050)",f04d4bb3ec6f3c481dd572b4f726f8e4,https://upload.wikimedia.org/wikipedia/commons/thumb/d/da/Cunard_Building_entrance.jpg/1920px-Cunard_Building_entrance.jpg,0,dab2abbbab292b13
image_0996.hdf5,146377797,nature_landscape,wikimedia_commons,https://upload.wikimedia.org/wikipedia/commons/0/00/Tocil_Wood_and_Nature_Reserve_Edge_3.jpg,https://commons.wikimedia.org/wiki/File:Tocil_Wood_and_Nature_Reserve_Edge_3.jpg,CC BY 4.0,,Marshall-HTY,File:Tocil Wood and Nature Reserve Edge 3.jpg,"(1280, 1707)",61c3b5feb86cae79bac878342353983c,https://upload.wikimedia.org/wikipedia/commons/0/00/Tocil_Wood_and_Nature_Reserve_Edge_3.jpg,0,c0883127c6c279c5
image_0997.hdf5,66554034,nature_landscape,wikimedia_commons,https://upload.wikimedia.org/wikipedia/commons/8/8a/Ranthambore_National_Park_morning.jpg,https://commons.wikimedia.org/wiki/File:Ranthambore_National_Park_morning.jpg,CC BY 4.0,,Havardtl,File:Ranthambore National Park morning.jpg,"(4272, 2848)",301e0ed9d963c1502e7ff0f6bf153ba4,https://upload.wikimedia.org/wikipedia/commons/thumb/8/8a/Ranthambore_National_Park_morning.jpg/1920px-Ranthambore_National_Park_morning.jpg,0,7ffb793d3536744d
image_0998.hdf5,175044055,building_exterior,wikimedia_commons,https://upload.wikimedia.org/wikipedia/commons/6/63/Pata_Zoo_Signboard_and_Building_in_2023.jpg,https://commons.wikimedia.org/wiki/File:Pata_Zoo_Signboard_and_Building_in_2023.jpg,CC BY 4.0,,Asamoto,File:Pata Zoo Signboard and Building in 2023.jpg,"(4032, 3024)",89efd6bce9722b58124b9c882e671756,https://upload.wikimedia.org/wikipedia/commons/thumb/6/63/Pata_Zoo_Signboard_and_Building_in_2023.jpg/1920px-Pata_Zoo_Signboard_and_Building_in_2023.jpg,0,9796168786c6068a
image_0999.hdf5,188030086,building_exterior,wikimedia_commons,https://upload.wikimedia.org/wikipedia/commons/1/14/Rockhill_House_Estate%2C_Letterkenny%2C_County_Donegal_%28Exterior%29.jpg,"https://commons.wikimedia.org/wiki/File:Rockhill_House_Estate,_Letterkenny,_County_Donegal_(Exterior).jpg",CC BY 4.0,,Gingerflute778,"File:Rockhill House Estate, Letterkenny, County Donegal (Exterior).jpg","(1599, 1070)",d994080a1b345db1b43cee69e78ce09f,https://upload.wikimedia.org/wikipedia/commons/1/14/Rockhill_House_Estate%2C_Letterkenny%2C_County_Donegal_%28Exterior%29.jpg,0,2c32f6173f1bcecb
image_1000.hdf5,172066444,nature_landscape,wikimedia_commons,https://upload.wikimedia.org/wikipedia/commons/b/bf/Gurgler_Ache.jpg,https://commons.wikimedia.org/wiki/File:Gurgler_Ache.jpg,CC BY 4.0,,Tiia Monto,File:Gurgler Ache.jpg,"(3920, 2940)",a20374b84741fcc6932592caf560e05d,https://upload.wikimedia.org/wikipedia/commons/thumb/b/bf/Gurgler_Ache.jpg/1920px-Gurgler_Ache.jpg,0,2f1f8f3a673b9f49
image_1001.hdf5,158402110,nature_landscape,wikimedia_commons,https://upload.wikimedia.org/wikipedia/commons/e/e5/Tahuna_Torea_nature_reserve_1.jpg,https://commons.wikimedia.org/wiki/File:Tahuna_Torea_nature_reserve_1.jpg,CC BY 4.0,,RW3003,File:Tahuna Torea nature reserve 1.jpg,"(3024, 4032)",f4be1273f178e0ff987ba00ff4792810,https://upload.wikimedia.org/wikipedia/commons/thumb/e/e5/Tahuna_Torea_nature_reserve_1.jpg/1920px-Tahuna_Torea_nature_reserve_1.jpg,0,ff75ccca2797d60b
image_1002.hdf5,187253204,nature_landscape,wikimedia_commons,https://upload.wikimedia.org/wikipedia/commons/d/d3/National_Park_Service_logo_at_Grant%E2%80%99s_Canal_%28Delta%2C_Louisiana%29.jpg,"https://commons.wikimedia.org/wiki/File:National_Park_Service_logo_at_Grant%E2%80%99s_Canal_(Delta,_Louisiana).jpg",CC BY 4.0,,Ktkvtsh,"File:National Park Service logo at Grant’s Canal (Delta, Louisiana).jpg","(3024, 4032)",2b443fbd8958ebf32bd04e89f8d79335,https://upload.wikimedia.org/wikipedia/commons/thumb/d/d3/National_Park_Service_logo_at_Grant%E2%80%99s_Canal_%28Delta%2C_Louisiana%29.jpg/1920px-National_Park_Service_logo_at_Grant%E2%80%99s_Canal_%28Delta%2C_Louisiana%29.jpg,0,63c6176b238ecce0
image_1003.hdf5,141942984,nature_landscape,wikimedia_commons,https://upload.wikimedia.org/wikipedia/commons/0/0c/Joshua_Tree_National_Park_Sunset.jpg,https://commons.wikimedia.org/wiki/File:Joshua_Tree_National_Park_Sunset.jpg,CC BY 4.0,,MusedDandelion,File:Joshua Tree National Park Sunset.jpg,"(3984, 2656)",3765c1c1d8ed84f72231afccb8ed285c,https://upload.wikimedia.org/wikipedia/commons/thumb/0/0c/Joshua_Tree_National_Park_Sunset.jpg/1920px-Joshua_Tree_National_Park_Sunset.jpg,0,3c1e070fd01a1636
image_1004.hdf5,108616285,building_exterior,wikimedia_commons,https://upload.wikimedia.org/wikipedia/commons/8/81/Chiesa_di_San_Martino_Vescovo%2C_Barco%2C_Pravisdomini_-_Facciata.jpg,"https://commons.wikimedia.org/wiki/File:Chiesa_di_San_Martino_Vescovo,_Barco,_Pravisdomini_-_Facciata.jpg",CC BY 4.0,,Stefano Travasci,"File:Chiesa di San Martino Vescovo, Barco, Pravisdomini - Facciata.jpg","(2736, 3648)",f50fdcbccc66c0851efe0e60d9aeea54,https://upload.wikimedia.org/wikipedia/commons/thumb/8/81/Chiesa_di_San_Martino_Vescovo%2C_Barco%2C_Pravisdomini_-_Facciata.jpg/1920px-Chiesa_di_San_Martino_Vescovo%2C_Barco%2C_Pravisdomini_-_Facciata.jpg,0,31f0eccc54321292
image_1005.hdf5,177760440,nature_landscape,wikimedia_commons,https://upload.wikimedia.org/wikipedia/commons/e/e2/Revival_of_the_Persian_zebra_in_Kavir_National_Park_16_%282025%29_Tasnim.jpg,https://commons.wikimedia.org/wiki/File:Revival_of_the_Persian_zebra_in_Kavir_National_Park_16_(2025)_Tasnim.jpg,CC BY 4.0,,Hossein Zahrvand,File:Revival of the Persian zebra in Kavir National Park 16 (2025) Tasnim.jpg,"(800, 557)",392da20ef2e3f2108cd9a0f292aad8fb,https://upload.wikimedia.org/wikipedia/commons/e/e2/Revival_of_the_Persian_zebra_in_Kavir_National_Park_16_%282025%29_Tasnim.jpg,0,80400010d24109c2
image_1006.hdf5,153357267,building_exterior,wikimedia_commons,https://upload.wikimedia.org/wikipedia/commons/c/cf/Exterior_of_CSMVS_building_through_the_trees.jpg,https://commons.wikimedia.org/wiki/File:Exterior_of_CSMVS_building_through_the_trees.jpg,CC BY 4.0,,DesiBoy101,File:Exterior of CSMVS building through the trees.jpg,"(4000, 3000)",5e382a87cc9392a48af6976284a97d79,https://upload.wikimedia.org/wikipedia/commons/thumb/c/cf/Exterior_of_CSMVS_building_through_the_trees.jpg/1920px-Exterior_of_CSMVS_building_through_the_trees.jpg,0,3031cb8e844d47c1
image_1007.hdf5,72153059,nature_landscape,wikimedia_commons,https://upload.wikimedia.org/wikipedia/commons/6/6e/Pseudonepanthia_troughtoni%2C_Bunurong_Marine_National_Park_02.jpg,"https://commons.wikimedia.org/wiki/File:Pseudonepanthia_troughtoni,_Bunurong_Marine_National_Park_02.jpg",CC BY 4.0,,Photographer: Julian Finn,"File:Pseudonepanthia troughtoni, Bunurong Marine National Park 02.jpg","(3000, 1993)",72ed98be4a9016a1168cff6ebcf9f436,https://upload.wikimedia.org/wikipedia/commons/thumb/6/6e/Pseudonepanthia_troughtoni%2C_Bunurong_Marine_National_Park_02.jpg/1920px-Pseudonepanthia_troughtoni%2C_Bunurong_Marine_National_Park_02.jpg,0,f9cc181d4bca7331
image_1008.hdf5,168203650,building_exterior,wikimedia_commons,https://upload.wikimedia.org/wikipedia/commons/1/18/Building_at_202_Park_Avenue.jpg,https://commons.wikimedia.org/wiki/File:Building_at_202_Park_Avenue.jpg,CC BY 4.0,https://www.flickr.com/people/supercraigtalbert/,Craig Talbert,File:Building at 202 Park Avenue.jpg,"(5712, 4284)",008e93cd9604fb8c828642b9ed1f1342,https://upload.wikimedia.org/wikipedia/commons/thumb/1/18/Building_at_202_Park_Avenue.jpg/1920px-Building_at_202_Park_Avenue.jpg,0,93b269dca424bcfc
image_1009.hdf5,47619089,nature_landscape,wikimedia_commons,https://upload.wikimedia.org/wikipedia/commons/3/32/2013-08-24_Killarney-National-Park_Tea-room.jpg,https://commons.wikimedia.org/wiki/File:2013-08-24_Killarney-National-Park_Tea-room.jpg,CC BY 4.0,,Philipweb,File:2013-08-24 Killarney-National-Park Tea-room.jpg,"(3264, 2448)",c48b8c38406994305ce51b2d9b0ece78,https://upload.wikimedia.org/wikipedia/commons/thumb/3/32/2013-08-24_Killarney-National-Park_Tea-room.jpg/1920px-2013-08-24_Killarney-National-Park_Tea-room.jpg,0,21073d490f793d0f
image_1010.hdf5,154051279,building_exterior,wikimedia_commons,https://upload.wikimedia.org/wikipedia/commons/0/0f/Lights_outside_St_John%27s_Hall%2C_Penzance%2C_Cornwall_-_December_2023.jpg,"https://commons.wikimedia.org/wiki/File:Lights_outside_St_John%27s_Hall,_Penzance,_Cornwall_-_December_2023.jpg",CC BY 4.0,,Mutney,"File:Lights outside St John's Hall, Penzance, Cornwall - December 2023.jpg","(2821, 3644)",1921f08b6b608d06ce5d5ab6e35d6e0a,https://upload.wikimedia.org/wikipedia/commons/thumb/0/0f/Lights_outside_St_John%27s_Hall%2C_Penzance%2C_Cornwall_-_December_2023.jpg/1920px-Lights_outside_St_John%27s_Hall%2C_Penzance%2C_Cornwall_-_December_2023.jpg,0,ccea913051f0ccdc
image_1011.hdf5,150881090,building_exterior,wikimedia_commons,https://upload.wikimedia.org/wikipedia/commons/8/89/Meteors_over_the_McMath-Pierce_Solar_Telescope_%28ann24020a%29.jpg,https://commons.wikimedia.org/wiki/File:Meteors_over_the_McMath-Pierce_Solar_Telescope_(ann24020a).jpg,CC BY 4.0,,KPNO/NOIRLab/NSF/AURA/R. Sparks,File:Meteors over the McMath-Pierce Solar Telescope (ann24020a).jpg,"(6024, 4020)",63e32cfdbe77931f94f1828af182ec01,https://upload.wikimedia.org/wikipedia/commons/thumb/8/89/Meteors_over_the_McMath-Pierce_Solar_Telescope_%28ann24020a%29.jpg/1920px-Meteors_over_the_McMath-Pierce_Solar_Telescope_%28ann24020a%29.jpg,0,0f3773451d24d69b
image_1012.hdf5,64804364,nature_landscape,wikimedia_commons,https://upload.wikimedia.org/wikipedia/commons/3/3b/Radio_Collared_Deer_In_Rajaji_National_Park.jpg,https://commons.wikimedia.org/wiki/File:Radio_Collared_Deer_In_Rajaji_National_Park.jpg,CC BY 4.0,,Tapanentert,File:Radio Collared Deer In Rajaji National Park.jpg,"(4608, 3456)",be994bf7f1644373e320dafdb59ec0aa,https://upload.wikimedia.org/wikipedia/commons/thumb/3/3b/Radio_Collared_Deer_In_Rajaji_National_Park.jpg/1920px-Radio_Collared_Deer_In_Rajaji_National_Park.jpg,0,979b094b19255267
image_1013.hdf5,167959558,nature_landscape,wikimedia_commons,https://upload.wikimedia.org/wikipedia/commons/9/9b/Red_Panda_in_Singalila_National_Park_%28West_Bengal%29_0Y7A8042.jpg,https://commons.wikimedia.org/wiki/File:Red_Panda_in_Singalila_National_Park_(West_Bengal)_0Y7A8042.jpg,CC BY 4.0,,Mayankranjan486,File:Red Panda in Singalila National Park (West Bengal) 0Y7A8042.jpg,"(2944, 4416)",96164dd8acadcee3e690156811711cbb,https://upload.wikimedia.org/wikipedia/commons/thumb/9/9b/Red_Panda_in_Singalila_National_Park_%28West_Bengal%29_0Y7A8042.jpg/1920px-Red_Panda_in_Singalila_National_Park_%28West_Bengal%29_0Y7A8042.jpg,0,f3e387963ce8d3d9
image_1014.hdf5,27847871,building_exterior,wikimedia_commons,https://upload.wikimedia.org/wikipedia/commons/9/95/Kunstmuseum_Stuttgart_2013_01.jpg,https://commons.wikimedia.org/wiki/File:Kunstmuseum_Stuttgart_2013_01.jpg,CC BY 4.0,http://julianherzog.com,Julian Herzog,File:Kunstmuseum Stuttgart 2013 01.jpg,"(3400, 2258)",a8cc7def56f7eedade17bbde86cbd697,https://upload.wikimedia.org/wikipedia/commons/thumb/9/95/Kunstmuseum_Stuttgart_2013_01.jpg/1920px-Kunstmuseum_Stuttgart_2013_01.jpg,0,441c30a846463406
image_1015.hdf5,178576353,building_exterior,wikimedia_commons,https://upload.wikimedia.org/wikipedia/commons/c/ca/20251116_Elecciones_03.jpg,https://commons.wikimedia.org/wiki/File:20251116_Elecciones_03.jpg,CC BY 4.0,,Aeveraal,File:20251116 Elecciones 03.jpg,"(2422, 1808)",3974ad17efe79062e141e79b64f1ca8d,https://upload.wikimedia.org/wikipedia/commons/thumb/c/ca/20251116_Elecciones_03.jpg/1920px-20251116_Elecciones_03.jpg,0,1833f686a7e55c85
image_1016.hdf5,168204086,nature_landscape,wikimedia_commons,https://upload.wikimedia.org/wikipedia/commons/0/08/View_of_the_mountains_in_the_Shebenik_national_park_%28Albania%29.jpg,https://commons.wikimedia.org/wiki/File:View_of_the_mountains_in_the_Shebenik_national_park_(Albania).jpg,CC BY 4.0,,Desnosie,File:View of the mountains in the Shebenik national park (Albania).jpg,"(4032, 3024)",52b36ade7b4f06a4f3ea2db2e5de2373,https://upload.wikimedia.org/wikipedia/commons/thumb/0/08/View_of_the_mountains_in_the_Shebenik_national_park_%28Albania%29.jpg/1920px-View_of_the_mountains_in_the_Shebenik_national_park_%28Albania%29.jpg,0,e0e61f00ce583f1e
image_1017.hdf5,100052878,nature_landscape,wikimedia_commons,https://upload.wikimedia.org/wikipedia/commons/f/f4/Sundarbans_National_Park_as_seen_by_SAOCOM.jpg,https://commons.wikimedia.org/wiki/File:Sundarbans_National_Park_as_seen_by_SAOCOM.jpg,CC BY 4.0,,CONAE,File:Sundarbans National Park as seen by SAOCOM.jpg,"(1080, 1080)",3ad69e0fc2a23ecc297f3b3cec7c7bdd,https://upload.wikimedia.org/wikipedia/commons/f/f4/Sundarbans_National_Park_as_seen_by_SAOCOM.jpg,0,34b75a2e756422aa
image_1018.hdf5,168041192,building_exterior,wikimedia_commons,https://upload.wikimedia.org/wikipedia/commons/9/98/U.S._Bank_Centre_looking_up_from_outside.jpg,https://commons.wikimedia.org/wiki/File:U.S._Bank_Centre_looking_up_from_outside.jpg,CC BY 4.0,,PinchyCC,File:U.S. Bank Centre looking up from outside.jpg,"(2448, 3264)",bbab6b26180ee18ba170d46b6aae8ea5,https://upload.wikimedia.org/wikipedia/commons/thumb/9/98/U.S._Bank_Centre_looking_up_from_outside.jpg/1920px-U.S._Bank_Centre_looking_up_from_outside.jpg,0,1f121b39184cd596
image_1019.hdf5,158873739,nature_landscape,wikimedia_commons,https://upload.wikimedia.org/wikipedia/commons/6/6e/Darevskia_brauneri_%28Sochi_National_Park%2C_Kolokolnaya_Cave%29.png,"https://commons.wikimedia.org/wiki/File:Darevskia_brauneri_(Sochi_National_Park,_Kolokolnaya_Cave).png",CC BY 4.0,,A.G. Koval,"File:Darevskia brauneri (Sochi National Park, Kolokolnaya Cave).png","(1182, 1402)",017495c634c96789a01a85c06f9e54a1,https://upload.wikimedia.org/wikipedia/commons/6/6e/Darevskia_brauneri_%28Sochi_National_Park%2C_Kolokolnaya_Cave%29.png,0,cb9bd23032a11513
image_1020.hdf5,107268058,building_exterior,wikimedia_commons,https://upload.wikimedia.org/wikipedia/commons/0/0e/Christ%27s_Hospital%2C_London%3B_the_exterior_of_the_Writing_School_Wellcome_V0013055_%28cropped%29.jpg,"https://commons.wikimedia.org/wiki/File:Christ%27s_Hospital,_London;_the_exterior_of_the_Writing_School_Wellcome_V0013055_(cropped).jpg",CC BY 4.0,https://commons.wikimedia.org/wiki/User:Filetime,Filetime,"File:Christ's Hospital, London; the exterior of the Writing School Wellcome V0013055 (cropped).jpg","(2481, 1701)",3024d68669c1908510d03783d52f2a72,https://upload.wikimedia.org/wikipedia/commons/thumb/0/0e/Christ%27s_Hospital%2C_London%3B_the_exterior_of_the_Writing_School_Wellcome_V0013055_%28cropped%29.jpg/1920px-Christ%27s_Hospital%2C_London%3B_the_exterior_of_the_Writing_School_Wellcome_V0013055_%28cropped%29.jpg,0,0fb5734303630387
image_1021.hdf5,92698310,building_exterior,wikimedia_commons,https://upload.wikimedia.org/wikipedia/commons/d/de/Lapsia_leikkikent%C3%A4ll%C3%A4_Tokoinrannassa_-_N213302_-_hkm.HKMS000005-000011y9.jpg,https://commons.wikimedia.org/wiki/File:Lapsia_leikkikent%C3%A4ll%C3%A4_Tokoinrannassa_-_N213302_-_hkm.HKMS000005-000011y9.jpg,CC BY 4.0,https://commons.wikimedia.org/wiki/User:FinnaUploadBot,FinnaUploadBot,File:Lapsia leikkikentällä Tokoinrannassa - N213302 - hkm.HKMS000005-000011y9.jpg,"(3759, 3929)",b91e644ddcaf24ddc7741b5f648cc394,https://upload.wikimedia.org/wikipedia/commons/thumb/d/de/Lapsia_leikkikent%C3%A4ll%C3%A4_Tokoinrannassa_-_N213302_-_hkm.HKMS000005-000011y9.jpg/1920px-Lapsia_leikkikent%C3%A4ll%C3%A4_Tokoinrannassa_-_N213302_-_hkm.HKMS000005-000011y9.jpg,0,1939b032c6323b67
image_1022.hdf5,163809059,nature_landscape,wikimedia_commons,https://upload.wikimedia.org/wikipedia/commons/2/29/%D8%A7%D9%84%D9%85%D9%88%D8%B3%D9%85_%D8%A7%D9%84%D8%B2%D8%B1%D8%A7%D8%B9%D9%8A_%D9%81%D9%8A_%D9%88%D9%84%D8%A7%D9%8A%D8%A9_%D8%A7%D9%84%D9%86%D9%8A%D9%84_%D8%A7%D9%84%D8%A7%D8%A8%D9%8A%D8%B6_%D8%AE%D8%B1%D9%8A%D9%81_2024_%D9%85%D8%AD%D8%B5%D9%88%D9%84_%D8%A7%D9%84%D8%B3%D9%85%D8%B3%D9%85_03.jpg,https://commons.wikimedia.org/wiki/File:%D8%A7%D9%84%D9%85%D9%88%D8%B3%D9%85_%D8%A7%D9%84%D8%B2%D8%B1%D8%A7%D8%B9%D9%8A_%D9%81%D9%8A_%D9%88%D9%84%D8%A7%D9%8A%D8%A9_%D8%A7%D9%84%D9%86%D9%8A%D9%84_%D8%A7%D9%84%D8%A7%D8%A8%D9%8A%D8%B6_%D8%AE%D8%B1%D9%8A%D9%81_2024_%D9%85%D8%AD%D8%B5%D9%88%D9%84_%D8%A7%D9%84%D8%B3%D9%85%D8%B3%D9%85_03.jpg,CC BY 4.0,,RamboSD,File:الموسم الزراعي في ولاية النيل الابيض خريف 2024 محصول السمسم 03.jpg,"(3000, 2000)",00a38b25dcbfbc3a61af0a93506315ce,https://upload.wikimedia.org/wikipedia/commons/thumb/2/29/%D8%A7%D9%84%D9%85%D9%88%D8%B3%D9%85_%D8%A7%D9%84%D8%B2%D8%B1%D8%A7%D8%B9%D9%8A_%D9%81%D9%8A_%D9%88%D9%84%D8%A7%D9%8A%D8%A9_%D8%A7%D9%84%D9%86%D9%8A%D9%84_%D8%A7%D9%84%D8%A7%D8%A8%D9%8A%D8%B6_%D8%AE%D8%B1%D9%8A%D9%81_2024_%D9%85%D8%AD%D8%B5%D9%88%D9%84_%D8%A7%D9%84%D8%B3%D9%85%D8%B3%D9%85_03.jpg/1920px-%D8%A7%D9%84%D9%85%D9%88%D8%B3%D9%85_%D8%A7%D9%84%D8%B2%D8%B1%D8%A7%D8%B9%D9%8A_%D9%81%D9%8A_%D9%88%D9%84%D8%A7%D9%8A%D8%A9_%D8%A7%D9%84%D9%86%D9%8A%D9%84_%D8%A7%D9%84%D8%A7%D8%A8%D9%8A%D8%B6_%D8%AE%D8%B1%D9%8A%D9%81_2024_%D9%85%D8%AD%D8%B5%D9%88%D9%84_%D8%A7%D9%84%D8%B3%D9%85%D8%B3%D9%85_03.jpg,0,17173f170b2d3115
image_1023.hdf5,101327284,nature_landscape,wikimedia_commons,https://upload.wikimedia.org/wikipedia/commons/f/f3/The_Overhang%2C_Cania_Gorge_National_Park%2C_Monto.jpg,"https://commons.wikimedia.org/wiki/File:The_Overhang,_Cania_Gorge_National_Park,_Monto.jpg",CC BY 4.0,,Len Lowry,"File:The Overhang, Cania Gorge National Park, Monto.jpg","(960, 720)",5d49fb687b98b7ca87d4059cb4fb1d7e,https://upload.wikimedia.org/wikipedia/commons/f/f3/The_Overhang%2C_Cania_Gorge_National_Park%2C_Monto.jpg,0,d7ef9e8ee623d386
image_1024.hdf5,151135514,nature_landscape,wikimedia_commons,https://upload.wikimedia.org/wikipedia/commons/3/31/0_Heracleum_mantegazzianum%2C_native%2C_Ritsa_National_Reserve%2C_Georgia_1.jpg,"https://commons.wikimedia.org/wiki/File:0_Heracleum_mantegazzianum,_native,_Ritsa_National_Reserve,_Georgia_1.jpg",CC BY 4.0,https://www.inaturalist.org/people/yurii_basov,yurii_basov,"File:0 Heracleum mantegazzianum, native, Ritsa National Reserve, Georgia 1.jpg","(2048, 1469)",6ce41b530cb4c43827fe0a410c6de106,https://upload.wikimedia.org/wikipedia/commons/thumb/3/31/0_Heracleum_mantegazzianum%2C_native%2C_Ritsa_National_Reserve%2C_Georgia_1.jpg/1920px-0_Heracleum_mantegazzianum%2C_native%2C_Ritsa_National_Reserve%2C_Georgia_1.jpg,0,4b06d3d31ae7664e
image_1025.hdf5,158922756,nature_landscape,wikimedia_commons,https://upload.wikimedia.org/wikipedia/commons/0/0b/Phallus_costatus_%28Katunsky_State_Nature_Reserve%2C_Altai%2C_Russia%29.png,"https://commons.wikimedia.org/wiki/File:Phallus_costatus_(Katunsky_State_Nature_Reserve,_Altai,_Russia).png",CC BY 4.0,,Gorbunova I.A.,"File:Phallus costatus (Katunsky State Nature Reserve, Altai, Russia).png","(2315, 1999)",09bc32f97066d6a029e813103ae0e746,https://upload.wikimedia.org/wikipedia/commons/thumb/0/0b/Phallus_costatus_%28Katunsky_State_Nature_Reserve%2C_Altai%2C_Russia%29.png/1920px-Phallus_costatus_%28Katunsky_State_Nature_Reserve%2C_Altai%2C_Russia%29.png,0,6c6e2b1a579346c2
image_1026.hdf5,191954517,building_exterior,wikimedia_commons,https://upload.wikimedia.org/wikipedia/commons/e/e5/La_Chapelle-au-Riboul_-_mairie_et_%C3%A9glise.jpg,https://commons.wikimedia.org/wiki/File:La_Chapelle-au-Riboul_-_mairie_et_%C3%A9glise.jpg,CC BY 4.0,,Fab5669,File:La Chapelle-au-Riboul - mairie et église.jpg,"(5472, 3648)",718ef090e17a4b8c78d2e18f658f92a0,https://upload.wikimedia.org/wikipedia/commons/thumb/e/e5/La_Chapelle-au-Riboul_-_mairie_et_%C3%A9glise.jpg/1920px-La_Chapelle-au-Riboul_-_mairie_et_%C3%A9glise.jpg,0,9bcd838698b3b110
image_1027.hdf5,128901219,building_exterior,wikimedia_commons,https://upload.wikimedia.org/wikipedia/commons/7/75/Duomo_%28Messina%29_-_Exterior_05.jpg,https://commons.wikimedia.org/wiki/File:Duomo_(Messina)_-_Exterior_05.jpg,CC BY 4.0,,Derbrauni,File:Duomo (Messina) - Exterior 05.jpg,"(2268, 3580)",8f3f4b2c6217fd06c2bcd9cb68943015,https://upload.wikimedia.org/wikipedia/commons/thumb/7/75/Duomo_%28Messina%29_-_Exterior_05.jpg/1920px-Duomo_%28Messina%29_-_Exterior_05.jpg,0,41321a0580c26431
image_1028.hdf5,72324981,nature_landscape,wikimedia_commons,https://upload.wikimedia.org/wikipedia/commons/f/fb/Tosia_australis%2C_Bunurong_Marine_National_Park.jpg,"https://commons.wikimedia.org/wiki/File:Tosia_australis,_Bunurong_Marine_National_Park.jpg",CC BY 4.0,,Photographer: David Paul,"File:Tosia australis, Bunurong Marine National Park.jpg","(3000, 1993)",097ebbec293c0709ba44922d21c807a8,https://upload.wikimedia.org/wikipedia/commons/thumb/f/fb/Tosia_australis%2C_Bunurong_Marine_National_Park.jpg/1920px-Tosia_australis%2C_Bunurong_Marine_National_Park.jpg,0,3a2a26d646b960e3
image_1029.hdf5,66756814,building_exterior,wikimedia_commons,https://upload.wikimedia.org/wikipedia/commons/6/60/People%27s_Palace%2C_Glasgow_exterior_2017-05-18.jpg,"https://commons.wikimedia.org/wiki/File:People%27s_Palace,_Glasgow_exterior_2017-05-18.jpg",CC BY 4.0,,August Schwerdfeger,"File:People's Palace, Glasgow exterior 2017-05-18.jpg","(7360, 4912)",8706d5247575184f88fe138828e4c45a,https://upload.wikimedia.org/wikipedia/commons/thumb/6/60/People%27s_Palace%2C_Glasgow_exterior_2017-05-18.jpg/1920px-People%27s_Palace%2C_Glasgow_exterior_2017-05-18.jpg,0,ade4d41697617d03
image_1030.hdf5,149351484,nature_landscape,wikimedia_commons,https://upload.wikimedia.org/wikipedia/commons/6/6f/Sunlight_Mangrove_Park_Abu_Dhabi_2024.jpg,https://commons.wikimedia.org/wiki/File:Sunlight_Mangrove_Park_Abu_Dhabi_2024.jpg,CC BY 4.0,,Sobiarahim,File:Sunlight Mangrove Park Abu Dhabi 2024.jpg,"(5152, 7064)",4d3ec71007099fff67b210dca2ebf07d,https://upload.wikimedia.org/wikipedia/commons/thumb/6/6f/Sunlight_Mangrove_Park_Abu_Dhabi_2024.jpg/1920px-Sunlight_Mangrove_Park_Abu_Dhabi_2024.jpg,0,0dcf16767bb33739
image_1031.hdf5,166403164,nature_landscape,wikimedia_commons,https://upload.wikimedia.org/wikipedia/commons/7/72/Br%C3%A5ns%C3%A5n-2-H%C3%A4rn%C3%B6sand.jpg,https://commons.wikimedia.org/wiki/File:Br%C3%A5ns%C3%A5n-2-H%C3%A4rn%C3%B6sand.jpg,CC BY 4.0,,Knifellinor,File:Brånsån-2-Härnösand.jpg,"(3024, 4032)",2aa75225f08162587d03296d0bafa7dc,https://upload.wikimedia.org/wikipedia/commons/thumb/7/72/Br%C3%A5ns%C3%A5n-2-H%C3%A4rn%C3%B6sand.jpg/1920px-Br%C3%A5ns%C3%A5n-2-H%C3%A4rn%C3%B6sand.jpg,0,7151938fbdafcfd4
image_1032.hdf5,179344635,nature_landscape,wikimedia_commons,https://upload.wikimedia.org/wikipedia/commons/9/9e/Bracted_Colicroot%2C_Everglades_National_Park%2C_US-FL%2C_US_imported_from_iNaturalist_photo_58608295.jpg,"https://commons.wikimedia.org/wiki/File:Bracted_Colicroot,_Everglades_National_Park,_US-FL,_US_imported_from_iNaturalist_photo_58608295.jpg",CC BY 4.0,,"(c) Brandon Corder, some rights reserved (CC BY)","File:Bracted Colicroot, Everglades National Park, US-FL, US imported from iNaturalist photo 58608295.jpg","(1536, 2048)",020922f0c8e72440a42b3869dc9d80f0,https://upload.wikimedia.org/wikipedia/commons/9/9e/Bracted_Colicroot%2C_Everglades_National_Park%2C_US-FL%2C_US_imported_from_iNaturalist_photo_58608295.jpg,0,a683cd5564c46645
image_1033.hdf5,170399878,building_exterior,wikimedia_commons,https://upload.wikimedia.org/wikipedia/commons/1/12/Vienna_March_for_Palestine_%282025-06-28%29_6.jpg,https://commons.wikimedia.org/wiki/File:Vienna_March_for_Palestine_(2025-06-28)_6.jpg,CC BY 4.0,,Nurken,File:Vienna March for Palestine (2025-06-28) 6.jpg,"(4000, 3000)",9d23acae3ffcffd345422a1b72a9568b,https://upload.wikimedia.org/wikipedia/commons/thumb/1/12/Vienna_March_for_Palestine_%282025-06-28%29_6.jpg/1920px-Vienna_March_for_Palestine_%282025-06-28%29_6.jpg,0,beffbd2d68a29424
image_1034.hdf5,158117497,building_exterior,wikimedia_commons,https://upload.wikimedia.org/wikipedia/commons/3/34/Demolished_Exterior_of_Maennerchor%2C_502_North_Illinois_Street_%28Indianapolis%2C_Ind.%29_-_DPLA_-_a9a521bebdc970870b309c863918612a.jpg,"https://commons.wikimedia.org/wiki/File:Demolished_Exterior_of_Maennerchor,_502_North_Illinois_Street_(Indianapolis,_Ind.)_-_DPLA_-_a9a521bebdc970870b309c863918612a.jpg",CC BY 4.0,,Indiana Landmarks,"File:Demolished Exterior of Maennerchor, 502 North Illinois Street (Indianapolis, Ind.) - DPLA - a9a521bebdc970870b309c863918612a.jpg","(5586, 3660)",88f8193bf3ff7085cbfb9d1c12ef1757,https://upload.wikimedia.org/wikipedia/commons/thumb/3/34/Demolished_Exterior_of_Maennerchor%2C_502_North_Illinois_Street_%28Indianapolis%2C_Ind.%29_-_DPLA_-_a9a521bebdc970870b309c863918612a.jpg/1920px-Demolished_Exterior_of_Maennerchor%2C_502_North_Illinois_Street_%28Indianapolis%2C_Ind.%29_-_DPLA_-_a9a521bebdc970870b309c863918612a.jpg,0,281818349c34c70e
image_1035.hdf5,189989445,building_exterior,wikimedia_commons,https://upload.wikimedia.org/wikipedia/commons/c/ce/Redwine_Building.jpg,https://commons.wikimedia.org/wiki/File:Redwine_Building.jpg,CC BY 4.0,,Gb321,File:Redwine Building.jpg,"(3200, 2252)",eae1fd9088f2336a569e3cc4d1b2428e,https://upload.wikimedia.org/wikipedia/commons/thumb/c/ce/Redwine_Building.jpg/1920px-Redwine_Building.jpg,0,9012d0e1c34264e5
image_1036.hdf5,140679919,building_exterior,wikimedia_commons,https://upload.wikimedia.org/wikipedia/commons/6/66/The_National_Library_of_Israel_-_New_building.jpg,https://commons.wikimedia.org/wiki/File:The_National_Library_of_Israel_-_New_building.jpg,CC BY 4.0,,Davidbena,File:The National Library of Israel - New building.jpg,"(2432, 3648)",57ba084c92c759c3757f1c04976bc0b7,https://upload.wikimedia.org/wikipedia/commons/thumb/6/66/The_National_Library_of_Israel_-_New_building.jpg/1920px-The_National_Library_of_Israel_-_New_building.jpg,0,3b373f3879b1390d
image_1037.hdf5,67255873,building_exterior,wikimedia_commons,https://upload.wikimedia.org/wikipedia/commons/d/d9/Rouen_%2876%29_Abbatiale_Saint-Ouen_-_Fa%C3%A7ade_occidentale_-_01.jpg,https://commons.wikimedia.org/wiki/File:Rouen_(76)_Abbatiale_Saint-Ouen_-_Fa%C3%A7ade_occidentale_-_01.jpg,CC BY 4.0,,Exilexi,File:Rouen (76) Abbatiale Saint-Ouen - Façade occidentale - 01.jpg,"(3024, 4032)",5972d053f31c2b528182355cc20efc8b,https://upload.wikimedia.org/wikipedia/commons/thumb/d/d9/Rouen_%2876%29_Abbatiale_Saint-Ouen_-_Fa%C3%A7ade_occidentale_-_01.jpg/1920px-Rouen_%2876%29_Abbatiale_Saint-Ouen_-_Fa%C3%A7ade_occidentale_-_01.jpg,0,084958c0caa0acac
image_1038.hdf5,185565866,nature_landscape,wikimedia_commons,https://upload.wikimedia.org/wikipedia/commons/7/75/Landscape_of_Bangladesh_2026.jpg,https://commons.wikimedia.org/wiki/File:Landscape_of_Bangladesh_2026.jpg,CC BY 4.0,,Ashikul Islam Anik,File:Landscape of Bangladesh 2026.jpg,"(4064, 3044)",5c312862c0c03109419714f5f21de4d1,https://upload.wikimedia.org/wikipedia/commons/thumb/7/75/Landscape_of_Bangladesh_2026.jpg/1920px-Landscape_of_Bangladesh_2026.jpg,0,ffefbb89c1593b30
image_1039.hdf5,83243162,building_exterior,wikimedia_commons,https://upload.wikimedia.org/wikipedia/commons/0/0b/2019_Lakeland-Kathleen_Tornado_damage_Frontage_Road_North.jpg,https://commons.wikimedia.org/wiki/File:2019_Lakeland-Kathleen_Tornado_damage_Frontage_Road_North.jpg,CC BY 4.0,,Andrew Heneen,File:2019 Lakeland-Kathleen Tornado damage Frontage Road North.jpg,"(4032, 3024)",9209c8249059553671b0e42121521abe,https://upload.wikimedia.org/wikipedia/commons/thumb/0/0b/2019_Lakeland-Kathleen_Tornado_damage_Frontage_Road_North.jpg/1920px-2019_Lakeland-Kathleen_Tornado_damage_Frontage_Road_North.jpg,0,c0c0c8928603060c
image_1040.hdf5,61968223,nature_landscape,wikimedia_commons,https://upload.wikimedia.org/wikipedia/commons/8/89/Nature_reserve_Vr%C5%A5_in_2017_%281%29.JPG,https://commons.wikimedia.org/wiki/File:Nature_reserve_Vr%C5%A5_in_2017_(1).JPG,CC BY 4.0,,Chmee2,File:Nature reserve Vrť in 2017 (1).JPG,"(4752, 3168)",a01ff0f416cdd8ef7cf0dc6cea306e21,https://upload.wikimedia.org/wikipedia/commons/thumb/8/89/Nature_reserve_Vr%C5%A5_in_2017_%281%29.JPG/1920px-Nature_reserve_Vr%C5%A5_in_2017_%281%29.JPG,0,37352e6aaeb3538b
image_1041.hdf5,193794683,building_exterior,wikimedia_commons,https://upload.wikimedia.org/wikipedia/commons/e/e5/Sm7_unit_Tampere_2026-06-13_5.jpg,https://commons.wikimedia.org/wiki/File:Sm7_unit_Tampere_2026-06-13_5.jpg,CC BY 4.0,,Jplahti,File:Sm7 unit Tampere 2026-06-13 5.jpg,"(3472, 4624)",cedb3915bb3182c5a6991d98fa82e9a3,https://upload.wikimedia.org/wikipedia/commons/thumb/e/e5/Sm7_unit_Tampere_2026-06-13_5.jpg/1920px-Sm7_unit_Tampere_2026-06-13_5.jpg,0,dcd8d8dcc6f07ccf
image_1042.hdf5,152028399,building_exterior,wikimedia_commons,https://upload.wikimedia.org/wikipedia/commons/0/08/Historical_house_in_Old_Tbilisi.jpg,https://commons.wikimedia.org/wiki/File:Historical_house_in_Old_Tbilisi.jpg,CC BY 4.0,,AlexandreAssatiani,File:Historical house in Old Tbilisi.jpg,"(3024, 4032)",25a1ce9544b2e3d2c83ca390033588ae,https://upload.wikimedia.org/wikipedia/commons/thumb/0/08/Historical_house_in_Old_Tbilisi.jpg/1920px-Historical_house_in_Old_Tbilisi.jpg,0,75d9495a18b19948
image_1043.hdf5,154831238,building_exterior,wikimedia_commons,https://upload.wikimedia.org/wikipedia/commons/4/4a/Stift_Melk_Herbst_2024.jpg,https://commons.wikimedia.org/wiki/File:Stift_Melk_Herbst_2024.jpg,CC BY 4.0,,Conny Duck,File:Stift Melk Herbst 2024.jpg,"(6945, 4630)",7e1e602f87b4aad7e4650e4642d875ed,https://upload.wikimedia.org/wikipedia/commons/thumb/4/4a/Stift_Melk_Herbst_2024.jpg/1920px-Stift_Melk_Herbst_2024.jpg,0,0030a0a224089233
image_1044.hdf5,152488613,nature_landscape,wikimedia_commons,https://upload.wikimedia.org/wikipedia/commons/0/06/Muskox_in_Thaidene_Nene_National_Park_Reserve.jpg,https://commons.wikimedia.org/wiki/File:Muskox_in_Thaidene_Nene_National_Park_Reserve.jpg,CC BY 4.0,,Paul Gierszewski,File:Muskox in Thaidene Nene National Park Reserve.jpg,"(5472, 3648)",236251536f26d49a5e0c67d37d65c224,https://upload.wikimedia.org/wikipedia/commons/thumb/0/06/Muskox_in_Thaidene_Nene_National_Park_Reserve.jpg/1920px-Muskox_in_Thaidene_Nene_National_Park_Reserve.jpg,0,66260b6bedff4f0a
image_1045.hdf5,117863027,nature_landscape,wikimedia_commons,https://upload.wikimedia.org/wikipedia/commons/9/90/%D0%90%D1%85%D1%88%D1%82%D1%8B%D1%80%D1%81%D0%BA%D0%B8%D0%B9_%D0%BA%D0%B0%D0%BD%D1%8C%D0%BE%D0%BD.jpg,https://commons.wikimedia.org/wiki/File:%D0%90%D1%85%D1%88%D1%82%D1%8B%D1%80%D1%81%D0%BA%D0%B8%D0%B9_%D0%BA%D0%B0%D0%BD%D1%8C%D0%BE%D0%BD.jpg,CC BY 4.0,,SoviaVesna,File:Ахштырский каньон.jpg,"(4608, 3072)",37f560302de47280959319654d98b8d7,https://upload.wikimedia.org/wikipedia/commons/thumb/9/90/%D0%90%D1%85%D1%88%D1%82%D1%8B%D1%80%D1%81%D0%BA%D0%B8%D0%B9_%D0%BA%D0%B0%D0%BD%D1%8C%D0%BE%D0%BD.jpg/1920px-%D0%90%D1%85%D1%88%D1%82%D1%8B%D1%80%D1%81%D0%BA%D0%B8%D0%B9_%D0%BA%D0%B0%D0%BD%D1%8C%D0%BE%D0%BD.jpg,0,b392143387483166
image_1046.hdf5,144211983,building_exterior,wikimedia_commons,https://upload.wikimedia.org/wikipedia/commons/4/47/Albizzate_-_Palazzo_Archinti_-_2023-09-29_fokuso.jpg,https://commons.wikimedia.org/wiki/File:Albizzate_-_Palazzo_Archinti_-_2023-09-29_fokuso.jpg,CC BY 4.0,,Ysogo,File:Albizzate - Palazzo Archinti - 2023-09-29 fokuso.jpg,"(3254, 3388)",1a12a3b3527b0765fc54350fafde808d,https://upload.wikimedia.org/wikipedia/commons/thumb/4/47/Albizzate_-_Palazzo_Archinti_-_2023-09-29_fokuso.jpg/1920px-Albizzate_-_Palazzo_Archinti_-_2023-09-29_fokuso.jpg,0,cc3963c6964a0ec7
image_1047.hdf5,46538181,nature_landscape,wikimedia_commons,https://upload.wikimedia.org/wikipedia/commons/b/ba/Thekkady_Periyar_National_Park.jpg,https://commons.wikimedia.org/wiki/File:Thekkady_Periyar_National_Park.jpg,CC BY 4.0,,Manukeerampanal,File:Thekkady Periyar National Park.jpg,"(4160, 3120)",0202c998eaccd1ddef0b04926a90c651,https://upload.wikimedia.org/wikipedia/commons/thumb/b/ba/Thekkady_Periyar_National_Park.jpg/1920px-Thekkady_Periyar_National_Park.jpg,0,25232f1f2fafbbfe
image_1048.hdf5,68353316,building_exterior,wikimedia_commons,https://upload.wikimedia.org/wikipedia/commons/a/a6/Chiesa_di_San_Lorenzino%2C_facciata_%28Orco_Feglino%29.JPG,"https://commons.wikimedia.org/wiki/File:Chiesa_di_San_Lorenzino,_facciata_(Orco_Feglino).JPG",CC BY 4.0,https://en.wikipedia.org/wiki/it:User:Antonello_Piccone,Antonello Piccone,"File:Chiesa di San Lorenzino, facciata (Orco Feglino).JPG","(1632, 1224)",bd488a2e4a6ce9cf9b728fb5bed45b28,https://upload.wikimedia.org/wikipedia/commons/a/a6/Chiesa_di_San_Lorenzino%2C_facciata_%28Orco_Feglino%29.JPG,0,33306446415b1b38
image_1049.hdf5,148402336,nature_landscape,wikimedia_commons,https://upload.wikimedia.org/wikipedia/commons/0/02/Tazekka_National_Park.jpg,https://commons.wikimedia.org/wiki/File:Tazekka_National_Park.jpg,CC BY 4.0,,Oumaima Loudini,File:Tazekka National Park.jpg,"(2251, 2252)",65337a9574a7bd3a8faca150aa17cc76,https://upload.wikimedia.org/wikipedia/commons/thumb/0/02/Tazekka_National_Park.jpg/1920px-Tazekka_National_Park.jpg,0,061e73220e927311
image_1050.hdf5,143975550,building_exterior,wikimedia_commons,https://upload.wikimedia.org/wikipedia/commons/f/f9/Jaen_Cathedral_2023_-_west_fa%C3%A7ade_2.jpg,https://commons.wikimedia.org/wiki/File:Jaen_Cathedral_2023_-_west_fa%C3%A7ade_2.jpg,CC BY 4.0,,Fernando,File:Jaen Cathedral 2023 - west façade 2.jpg,"(3076, 3845)",a4c0fa97504a3d2fa312b25083fe45c9,https://upload.wikimedia.org/wikipedia/commons/thumb/f/f9/Jaen_Cathedral_2023_-_west_fa%C3%A7ade_2.jpg/1920px-Jaen_Cathedral_2023_-_west_fa%C3%A7ade_2.jpg,0,672c0c9cd0e066b0
image_1051.hdf5,62247156,nature_landscape,wikimedia_commons,https://upload.wikimedia.org/wikipedia/commons/f/f9/Badlands_National_Park_-_Saddle_Pass_Peak.jpg,https://commons.wikimedia.org/wiki/File:Badlands_National_Park_-_Saddle_Pass_Peak.jpg,CC BY 4.0,,Eekim,File:Badlands National Park - Saddle Pass Peak.jpg,"(4608, 3456)",943deea03367aacc7071708ca30e2bb9,https://upload.wikimedia.org/wikipedia/commons/thumb/f/f9/Badlands_National_Park_-_Saddle_Pass_Peak.jpg/1920px-Badlands_National_Park_-_Saddle_Pass_Peak.jpg,0,ffdf3f1f8767370d
image_1052.hdf5,151126191,nature_landscape,wikimedia_commons,https://upload.wikimedia.org/wikipedia/commons/9/9d/Visit_to_Kakum_National_Park.jpg,https://commons.wikimedia.org/wiki/File:Visit_to_Kakum_National_Park.jpg,CC BY 4.0,,Priscilla Sugri,File:Visit to Kakum National Park.jpg,"(3456, 5184)",fbb33d7a952f0228eaaf91639263ad0f,https://upload.wikimedia.org/wikipedia/commons/thumb/9/9d/Visit_to_Kakum_National_Park.jpg/1920px-Visit_to_Kakum_National_Park.jpg,0,8a98834343878726
image_1053.hdf5,149023774,nature_landscape,wikimedia_commons,https://upload.wikimedia.org/wikipedia/commons/4/4a/Kurils_Nature_Reserve_-_Observing_Bear_from_a_Distance.jpg,https://commons.wikimedia.org/wiki/File:Kurils_Nature_Reserve_-_Observing_Bear_from_a_Distance.jpg,CC BY 4.0,,"(c) Илья Руденко, some rights reserved (CC BY)",File:Kurils Nature Reserve - Observing Bear from a Distance.jpg,"(1536, 2048)",3b661242b8c46cc4b87b896eca5bf881,https://upload.wikimedia.org/wikipedia/commons/4/4a/Kurils_Nature_Reserve_-_Observing_Bear_from_a_Distance.jpg,0,6f73717910bc2f6d
image_1054.hdf5,148192611,nature_landscape,wikimedia_commons,https://upload.wikimedia.org/wikipedia/commons/1/18/009_Cl%C3%A9guer_Pont_Person.jpg,https://commons.wikimedia.org/wiki/File:009_Cl%C3%A9guer_Pont_Person.jpg,CC BY 4.0,,Moreau.henri,File:009 Cléguer Pont Person.jpg,"(5172, 3240)",968adadb28ddffb38ad820e34b1aa00f,https://upload.wikimedia.org/wikipedia/commons/thumb/1/18/009_Cl%C3%A9guer_Pont_Person.jpg/1920px-009_Cl%C3%A9guer_Pont_Person.jpg,0,0d0f1c5c2d140209
image_1055.hdf5,86950008,building_exterior,wikimedia_commons,https://upload.wikimedia.org/wikipedia/commons/3/3a/Brugge_Academiestraat_18_-_114990_-_onroerenderfgoed.jpg,https://commons.wikimedia.org/wiki/File:Brugge_Academiestraat_18_-_114990_-_onroerenderfgoed.jpg,CC BY 4.0,,"Vanderhispallie, Eelkje",File:Brugge Academiestraat 18 - 114990 - onroerenderfgoed.jpg,"(377, 640)",ca182c3031353438367803fb9b7752dc,https://upload.wikimedia.org/wikipedia/commons/3/3a/Brugge_Academiestraat_18_-_114990_-_onroerenderfgoed.jpg,0,efe767e3b9ac9e1e
image_1056.hdf5,185507153,nature_landscape,wikimedia_commons,https://upload.wikimedia.org/wikipedia/commons/2/2c/Welcome_sign_at_the_entrance_to_Curi-Cancha_Nature_Reserve_in_Monteverde_Costa_Rica.jpg,https://commons.wikimedia.org/wiki/File:Welcome_sign_at_the_entrance_to_Curi-Cancha_Nature_Reserve_in_Monteverde_Costa_Rica.jpg,CC BY 4.0,,Babbage,File:Welcome sign at the entrance to Curi-Cancha Nature Reserve in Monteverde Costa Rica.jpg,"(4284, 5712)",20b034bb76353f11e16b28a0248e368c,https://upload.wikimedia.org/wikipedia/commons/thumb/2/2c/Welcome_sign_at_the_entrance_to_Curi-Cancha_Nature_Reserve_in_Monteverde_Costa_Rica.jpg/1920px-Welcome_sign_at_the_entrance_to_Curi-Cancha_Nature_Reserve_in_Monteverde_Costa_Rica.jpg,0,639b1b8b0f87cde4
image_1057.hdf5,60396312,nature_landscape,wikimedia_commons,https://upload.wikimedia.org/wikipedia/commons/1/12/Kaliyasot%2C_Bhopal.jpg,"https://commons.wikimedia.org/wiki/File:Kaliyasot,_Bhopal.jpg",CC BY 4.0,,Arpitargal1996,"File:Kaliyasot, Bhopal.jpg","(4608, 3072)",df278fe1cc10d55ea180c8ffaf438d0f,https://upload.wikimedia.org/wikipedia/commons/thumb/1/12/Kaliyasot%2C_Bhopal.jpg/1920px-Kaliyasot%2C_Bhopal.jpg,0,1d371b170f3b0ac7
image_1058.hdf5,186161669,building_exterior,wikimedia_commons,https://upload.wikimedia.org/wikipedia/commons/e/e3/Conacul_Poe%C8%9Bilor%2C_Gura_R%C3%A2ului%2C_facade.jpg,"https://commons.wikimedia.org/wiki/File:Conacul_Poe%C8%9Bilor,_Gura_R%C3%A2ului,_facade.jpg",CC BY 4.0,,Conaculpoetilor,"File:Conacul Poeților, Gura Râului, facade.jpg","(2048, 1536)",6ecea2351fcb635828c543a1360f8eed,https://upload.wikimedia.org/wikipedia/commons/thumb/e/e3/Conacul_Poe%C8%9Bilor%2C_Gura_R%C3%A2ului%2C_facade.jpg/1920px-Conacul_Poe%C8%9Bilor%2C_Gura_R%C3%A2ului%2C_facade.jpg,0,011e387626260202
image_1059.hdf5,159476903,building_exterior,wikimedia_commons,https://upload.wikimedia.org/wikipedia/commons/6/61/%E6%B2%B3%E5%86%85%E5%A4%A7%E5%B1%B1%E7%A5%87%E7%A5%9E%E7%A4%BE%E9%B3%A5%E5%B1%85.jpg,https://commons.wikimedia.org/wiki/File:%E6%B2%B3%E5%86%85%E5%A4%A7%E5%B1%B1%E7%A5%87%E7%A5%9E%E7%A4%BE%E9%B3%A5%E5%B1%85.jpg,CC BY 4.0,,ハポニアラ,File:河内大山祇神社鳥居.jpg,"(5712, 4284)",d13f95d788f9c47a434cbd62ba777d8c,https://upload.wikimedia.org/wikipedia/commons/thumb/6/61/%E6%B2%B3%E5%86%85%E5%A4%A7%E5%B1%B1%E7%A5%87%E7%A5%9E%E7%A4%BE%E9%B3%A5%E5%B1%85.jpg/1920px-%E6%B2%B3%E5%86%85%E5%A4%A7%E5%B1%B1%E7%A5%87%E7%A5%9E%E7%A4%BE%E9%B3%A5%E5%B1%85.jpg,0,494b232b3aa37372
image_1060.hdf5,177285864,building_exterior,wikimedia_commons,https://upload.wikimedia.org/wikipedia/commons/1/10/Black_Diamond_%28Royal_Danish_Library%29.jpg,https://commons.wikimedia.org/wiki/File:Black_Diamond_(Royal_Danish_Library).jpg,CC BY 4.0,,OleNeitzel,File:Black Diamond (Royal Danish Library).jpg,"(6000, 4000)",9c35f157357beace6498f991bd20e2fe,https://upload.wikimedia.org/wikipedia/commons/thumb/1/10/Black_Diamond_%28Royal_Danish_Library%29.jpg/1920px-Black_Diamond_%28Royal_Danish_Library%29.jpg,0,2f9f6fb7cfe3f9f6
image_1061.hdf5,148920188,nature_landscape,wikimedia_commons,https://upload.wikimedia.org/wikipedia/commons/5/56/Hilbre_Island_Nature_Reserve_3.jpg,https://commons.wikimedia.org/wiki/File:Hilbre_Island_Nature_Reserve_3.jpg,CC BY 4.0,,JarroNevsbaru,File:Hilbre Island Nature Reserve 3.jpg,"(4320, 2880)",32a922466179458fb2991cbe6609abe3,https://upload.wikimedia.org/wikipedia/commons/thumb/5/56/Hilbre_Island_Nature_Reserve_3.jpg/1920px-Hilbre_Island_Nature_Reserve_3.jpg,0,0f0f02290e532311
image_1062.hdf5,21872291,building_exterior,wikimedia_commons,https://upload.wikimedia.org/wikipedia/commons/3/32/Obersch%C3%B6neweide_Abspannwerk_Oberspree.jpg,https://commons.wikimedia.org/wiki/File:Obersch%C3%B6neweide_Abspannwerk_Oberspree.jpg,CC BY 4.0,,Rotkraut,File:Oberschöneweide Abspannwerk Oberspree.jpg,"(3008, 2000)",b53e5627d526385991bb961c0771703f,https://upload.wikimedia.org/wikipedia/commons/thumb/3/32/Obersch%C3%B6neweide_Abspannwerk_Oberspree.jpg/1920px-Obersch%C3%B6neweide_Abspannwerk_Oberspree.jpg,0,246043cfd3b66329
image_1063.hdf5,93302953,building_exterior,wikimedia_commons,https://upload.wikimedia.org/wikipedia/commons/9/98/Gereja_Katolik_Santo_Paulus_Miki_Salatiga.jpg,https://commons.wikimedia.org/wiki/File:Gereja_Katolik_Santo_Paulus_Miki_Salatiga.jpg,CC BY 4.0,,Hanif Al Husaini,File:Gereja Katolik Santo Paulus Miki Salatiga.jpg,"(4608, 3456)",b3dd3c07c57d8ede911f8958d539a2f5,https://upload.wikimedia.org/wikipedia/commons/thumb/9/98/Gereja_Katolik_Santo_Paulus_Miki_Salatiga.jpg/1920px-Gereja_Katolik_Santo_Paulus_Miki_Salatiga.jpg,0,8bcb491233737191
image_1064.hdf5,156630051,building_exterior,wikimedia_commons,https://upload.wikimedia.org/wikipedia/commons/7/70/Fa%C3%A7ade_du_minaret_de_l%27ancienne_mosqu%C3%A9e_de_Mansourah_-_02.jpg,https://commons.wikimedia.org/wiki/File:Fa%C3%A7ade_du_minaret_de_l%27ancienne_mosqu%C3%A9e_de_Mansourah_-_02.jpg,CC BY 4.0,,Riad Salih,File:Façade du minaret de l'ancienne mosquée de Mansourah - 02.jpg,"(2268, 3940)",3065102a8085e0930bb89d1115f404fc,https://upload.wikimedia.org/wikipedia/commons/thumb/7/70/Fa%C3%A7ade_du_minaret_de_l%27ancienne_mosqu%C3%A9e_de_Mansourah_-_02.jpg/1920px-Fa%C3%A7ade_du_minaret_de_l%27ancienne_mosqu%C3%A9e_de_Mansourah_-_02.jpg,0,0016f2f263f0d31c
image_1065.hdf5,149750240,nature_landscape,wikimedia_commons,https://upload.wikimedia.org/wikipedia/commons/9/9c/Montagu%27s_harrier_-_Blackbuck_National_Park_2021-11-09.jpg,https://commons.wikimedia.org/wiki/File:Montagu%27s_harrier_-_Blackbuck_National_Park_2021-11-09.jpg,CC BY 4.0,,Mahmadanesh,File:Montagu's harrier - Blackbuck National Park 2021-11-09.jpg,"(2048, 1536)",a523508ab6bbf9c13e2dc91ae5e03974,https://upload.wikimedia.org/wikipedia/commons/thumb/9/9c/Montagu%27s_harrier_-_Blackbuck_National_Park_2021-11-09.jpg/1920px-Montagu%27s_harrier_-_Blackbuck_National_Park_2021-11-09.jpg,0,0f133333675171b3
image_1066.hdf5,181900406,nature_landscape,wikimedia_commons,https://upload.wikimedia.org/wikipedia/commons/9/94/May_2024_Flameland_Camp_Festival_in_Samur-Yalama_National_Park_23.jpg,https://commons.wikimedia.org/wiki/File:May_2024_Flameland_Camp_Festival_in_Samur-Yalama_National_Park_23.jpg,CC BY 4.0,,Aykhan Zayedzadeh,File:May 2024 Flameland Camp Festival in Samur-Yalama National Park 23.jpg,"(1800, 1799)",73596baee1cde3172bf502122270ad4b,https://upload.wikimedia.org/wikipedia/commons/9/94/May_2024_Flameland_Camp_Festival_in_Samur-Yalama_National_Park_23.jpg,0,deb6696ca4c79400
image_1067.hdf5,178180004,nature_landscape,wikimedia_commons,https://upload.wikimedia.org/wikipedia/commons/e/e1/Amber_Mountain_chameleon_%28Calumma_amber%29%2C_Montagne_d%27Ambre_National_Park%2C_Diego_Suarez%2C_Madagascar_-_Flickr_-_Frank.Vassen.jpg,"https://commons.wikimedia.org/wiki/File:Amber_Mountain_chameleon_(Calumma_amber),_Montagne_d%27Ambre_National_Park,_Diego_Suarez,_Madagascar_-_Flickr_-_Frank.Vassen.jpg",CC BY 4.0,https://www.flickr.com/people/42244964@N03,Frank Vassen,"File:Amber Mountain chameleon (Calumma amber), Montagne d'Ambre National Park, Diego Suarez, Madagascar - Flickr - Frank.Vassen.jpg","(2855, 1993)",217988a35395689e7f928bf3f8df7d0c,https://upload.wikimedia.org/wikipedia/commons/thumb/e/e1/Amber_Mountain_chameleon_%28Calumma_amber%29%2C_Montagne_d%27Ambre_National_Park%2C_Diego_Suarez%2C_Madagascar_-_Flickr_-_Frank.Vassen.jpg/1920px-Amber_Mountain_chameleon_%28Calumma_amber%29%2C_Montagne_d%27Ambre_National_Park%2C_Diego_Suarez%2C_Madagascar_-_Flickr_-_Frank.Vassen.jpg,0,90001273f3272e4e
image_1068.hdf5,109983123,nature_landscape,wikimedia_commons,https://upload.wikimedia.org/wikipedia/commons/3/30/Mhlopeni_Nature_Reserve_%2810.3897-AfrInvertebr.60.38432%29_Figure_5.jpg,https://commons.wikimedia.org/wiki/File:Mhlopeni_Nature_Reserve_(10.3897-AfrInvertebr.60.38432)_Figure_5.jpg,CC BY 4.0,https://doi.org/10.3897/AfrInvertebr.60.38432,https://doi.org/10.3897/AfrInvertebr.60.38432,File:Mhlopeni Nature Reserve (10.3897-AfrInvertebr.60.38432) Figure 5.jpg,"(1424, 1068)",8a578f2b646ba4eeb5d0122119c40f6c,https://upload.wikimedia.org/wikipedia/commons/3/30/Mhlopeni_Nature_Reserve_%2810.3897-AfrInvertebr.60.38432%29_Figure_5.jpg,0,1fdff819959d1f24
image_1069.hdf5,150241458,building_exterior,wikimedia_commons,https://upload.wikimedia.org/wikipedia/commons/4/4a/WOUB_Radio_Television_building_Ohio_University.jpg,https://commons.wikimedia.org/wiki/File:WOUB_Radio_Television_building_Ohio_University.jpg,CC BY 4.0,,Gkuriger,File:WOUB Radio Television building Ohio University.jpg,"(4080, 3072)",ee09eddfcb3a180ec8705bbcce58e4b6,https://upload.wikimedia.org/wikipedia/commons/thumb/4/4a/WOUB_Radio_Television_building_Ohio_University.jpg/1920px-WOUB_Radio_Television_building_Ohio_University.jpg,0,f6df372f4f0e0e8f
image_1070.hdf5,113327628,nature_landscape,wikimedia_commons,https://upload.wikimedia.org/wikipedia/commons/2/2a/Natural_Landscape%2C_Ecosystems.jpg,"https://commons.wikimedia.org/wiki/File:Natural_Landscape,_Ecosystems.jpg",CC BY 4.0,,Henrique Portela and Guilherme Ascensão,"File:Natural Landscape, Ecosystems.jpg","(4164, 3331)",254e1c87842fdfb3ae403d0f89b84e20,https://upload.wikimedia.org/wikipedia/commons/thumb/2/2a/Natural_Landscape%2C_Ecosystems.jpg/1920px-Natural_Landscape%2C_Ecosystems.jpg,0,070703050c2b2b0f
image_1071.hdf5,153586714,building_exterior,wikimedia_commons,https://upload.wikimedia.org/wikipedia/commons/4/45/Exterior_lighting%2C_Tuschinski_Theater.jpg,"https://commons.wikimedia.org/wiki/File:Exterior_lighting,_Tuschinski_Theater.jpg",CC BY 4.0,,Verne Equinox,"File:Exterior lighting, Tuschinski Theater.jpg","(2560, 1920)",8f9cea60d84e45e4c12fe9eab5473ae0,https://upload.wikimedia.org/wikipedia/commons/thumb/4/45/Exterior_lighting%2C_Tuschinski_Theater.jpg/1920px-Exterior_lighting%2C_Tuschinski_Theater.jpg,0,b67ffdf4f8f46d69
image_1072.hdf5,179482256,nature_landscape,wikimedia_commons,https://upload.wikimedia.org/wikipedia/commons/f/f1/Bold_Leaftail%2C_Kruger_National_Park%2C_Mpumalanga%2C_South_Africa_imported_from_iNaturalist_photo_252142078.jpg,"https://commons.wikimedia.org/wiki/File:Bold_Leaftail,_Kruger_National_Park,_Mpumalanga,_South_Africa_imported_from_iNaturalist_photo_252142078.jpg",CC BY 4.0,,"(c) Nick Block, some rights reserved (CC BY)","File:Bold Leaftail, Kruger National Park, Mpumalanga, South Africa imported from iNaturalist photo 252142078.jpg","(758, 754)",573403d95ce587e0fda128cd8d18796c,https://upload.wikimedia.org/wikipedia/commons/f/f1/Bold_Leaftail%2C_Kruger_National_Park%2C_Mpumalanga%2C_South_Africa_imported_from_iNaturalist_photo_252142078.jpg,0,001066b1395b182d
image_1073.hdf5,193774400,nature_landscape,wikimedia_commons,https://upload.wikimedia.org/wikipedia/commons/4/4d/Nsumbu_National_Park_Map_10_june_26.png,https://commons.wikimedia.org/wiki/File:Nsumbu_National_Park_Map_10_june_26.png,CC BY 4.0,,Kalulu Sydney,File:Nsumbu National Park Map 10 june 26.png,"(964, 955)",d4adc5d908ac4b4c9ce1c052e31194bf,https://upload.wikimedia.org/wikipedia/commons/4/4d/Nsumbu_National_Park_Map_10_june_26.png,0,3e327860c09956cc
image_1074.hdf5,144466153,building_exterior,wikimedia_commons,https://upload.wikimedia.org/wikipedia/commons/0/0c/Capital_Repertory_Theatre_111_north_pearl_exterior.jpg,https://commons.wikimedia.org/wiki/File:Capital_Repertory_Theatre_111_north_pearl_exterior.jpg,CC BY 4.0,,Proctors Collaborative Archive,File:Capital Repertory Theatre 111 north pearl exterior.jpg,"(6016, 4016)",b076496bbbfad764434ac8925f66e82b,https://upload.wikimedia.org/wikipedia/commons/thumb/0/0c/Capital_Repertory_Theatre_111_north_pearl_exterior.jpg/1920px-Capital_Repertory_Theatre_111_north_pearl_exterior.jpg,0,3dbd6d6776267637
image_1075.hdf5,157102105,nature_landscape,wikimedia_commons,https://upload.wikimedia.org/wikipedia/commons/f/f5/AUS_Cervantes%2C_Nambung_National_Park%2C_Pinnacles_Desert_035.jpg,"https://commons.wikimedia.org/wiki/File:AUS_Cervantes,_Nambung_National_Park,_Pinnacles_Desert_035.jpg",CC BY 4.0,,-wuppertaler,"File:AUS Cervantes, Nambung National Park, Pinnacles Desert 035.jpg","(4032, 3024)",9f679f4d8921c9a596ff85be20a6a8e4,https://upload.wikimedia.org/wikipedia/commons/thumb/f/f5/AUS_Cervantes%2C_Nambung_National_Park%2C_Pinnacles_Desert_035.jpg/1920px-AUS_Cervantes%2C_Nambung_National_Park%2C_Pinnacles_Desert_035.jpg,0,2c38d1ed0d694e8d
image_1076.hdf5,122885256,building_exterior,wikimedia_commons,https://upload.wikimedia.org/wikipedia/commons/4/4b/Exterior_of_Medisch_Centrum_de_Klokkenberg_P1630756.jpg,https://commons.wikimedia.org/wiki/File:Exterior_of_Medisch_Centrum_de_Klokkenberg_P1630756.jpg,CC BY 4.0,,G.Lanting,File:Exterior of Medisch Centrum de Klokkenberg P1630756.jpg,"(4000, 3000)",263b539fa573f266e59e76b6c9878e49,https://upload.wikimedia.org/wikipedia/commons/thumb/4/4b/Exterior_of_Medisch_Centrum_de_Klokkenberg_P1630756.jpg/1920px-Exterior_of_Medisch_Centrum_de_Klokkenberg_P1630756.jpg,0,8a8696864eccf052
image_1077.hdf5,49918738,nature_landscape,wikimedia_commons,https://upload.wikimedia.org/wikipedia/commons/7/7f/Hintersteinersee%2C_Scheffau%2C_Tirol%2C_160615%2C_ako.jpg,"https://commons.wikimedia.org/wiki/File:Hintersteinersee,_Scheffau,_Tirol,_160615,_ako.jpg",CC BY 4.0,,Ansgar Koreng,"File:Hintersteinersee, Scheffau, Tirol, 160615, ako.jpg","(5391, 3594)",6a853fa2d675c4c884f1f3a859fb3502,https://upload.wikimedia.org/wikipedia/commons/thumb/7/7f/Hintersteinersee%2C_Scheffau%2C_Tirol%2C_160615%2C_ako.jpg/1920px-Hintersteinersee%2C_Scheffau%2C_Tirol%2C_160615%2C_ako.jpg,0,69339eccfece981c
image_1078.hdf5,154393586,nature_landscape,wikimedia_commons,https://upload.wikimedia.org/wikipedia/commons/c/c6/Route_of_the_Hokuriku_Shinkansen_in_Kyoto_Tanba_Kogen_Quasi-National_Park_20241027.jpg,https://commons.wikimedia.org/wiki/File:Route_of_the_Hokuriku_Shinkansen_in_Kyoto_Tanba_Kogen_Quasi-National_Park_20241027.jpg,CC BY 4.0,,Narenko,File:Route of the Hokuriku Shinkansen in Kyoto Tanba Kogen Quasi-National Park 20241027.jpg,"(2800, 2700)",54fc96b61a5c5fcee22a0d56768adf15,https://upload.wikimedia.org/wikipedia/commons/thumb/c/c6/Route_of_the_Hokuriku_Shinkansen_in_Kyoto_Tanba_Kogen_Quasi-National_Park_20241027.jpg/1920px-Route_of_the_Hokuriku_Shinkansen_in_Kyoto_Tanba_Kogen_Quasi-National_Park_20241027.jpg,0,d3b7b312232bc9c9
image_1079.hdf5,154133994,nature_landscape,wikimedia_commons,https://upload.wikimedia.org/wikipedia/commons/3/38/Euastacus-bispinosus-glenelg-spiny-freshwater-crayfish-grampians-national-park-victoria-649833-large.jpg,https://commons.wikimedia.org/wiki/File:Euastacus-bispinosus-glenelg-spiny-freshwater-crayfish-grampians-national-park-victoria-649833-large.jpg,CC BY 4.0,,Photographer: Mark Norman. Museums Victoria,File:Euastacus-bispinosus-glenelg-spiny-freshwater-crayfish-grampians-national-park-victoria-649833-large.jpg,"(3000, 2000)",8906f0fceec51b48ed78c58ea3926f83,https://upload.wikimedia.org/wikipedia/commons/thumb/3/38/Euastacus-bispinosus-glenelg-spiny-freshwater-crayfish-grampians-national-park-victoria-649833-large.jpg/1920px-Euastacus-bispinosus-glenelg-spiny-freshwater-crayfish-grampians-national-park-victoria-649833-large.jpg,0,362934b46c59187e
image_1080.hdf5,105420961,building_exterior,wikimedia_commons,https://upload.wikimedia.org/wikipedia/commons/0/0f/Wasserspeicher_Nordhalbener_K%C3%B6del_%28MGK32252%29.jpg,https://commons.wikimedia.org/wiki/File:Wasserspeicher_Nordhalbener_K%C3%B6del_(MGK32252).jpg,CC BY 4.0,,Markus G. Klötzer,File:Wasserspeicher Nordhalbener Ködel (MGK32252).jpg,"(5184, 3456)",cc7ab1ca23a6bee2d3f8c4dfc134900b,https://upload.wikimedia.org/wikipedia/commons/thumb/0/0f/Wasserspeicher_Nordhalbener_K%C3%B6del_%28MGK32252%29.jpg/1920px-Wasserspeicher_Nordhalbener_K%C3%B6del_%28MGK32252%29.jpg,0,5ee6739f3c6c6937
image_1081.hdf5,166924294,nature_landscape,wikimedia_commons,https://upload.wikimedia.org/wikipedia/commons/9/92/Ranthambore_National_park.jpg,https://commons.wikimedia.org/wiki/File:Ranthambore_National_park.jpg,CC BY 4.0,,Pvramana25x,File:Ranthambore National park.jpg,"(1079, 1558)",be065077f02ab1c1513afa8131e1fc3c,https://upload.wikimedia.org/wikipedia/commons/9/92/Ranthambore_National_park.jpg,0,000000000a94c63d
image_1082.hdf5,170713524,building_exterior,wikimedia_commons,https://upload.wikimedia.org/wikipedia/commons/6/65/ALMA_antennas_at_OSF_%28alma-osf-potw%29.jpg,https://commons.wikimedia.org/wiki/File:ALMA_antennas_at_OSF_(alma-osf-potw).jpg,CC BY 4.0,,ALMA (ESO/NAOJ/NRAO),File:ALMA antennas at OSF (alma-osf-potw).jpg,"(5260, 3301)",15d9f12660d877353fb5265cd4c601f2,https://upload.wikimedia.org/wikipedia/commons/thumb/6/65/ALMA_antennas_at_OSF_%28alma-osf-potw%29.jpg/1920px-ALMA_antennas_at_OSF_%28alma-osf-potw%29.jpg,0,32ce8c0d9c1c5c4c
image_1083.hdf5,108190601,nature_landscape,wikimedia_commons,https://upload.wikimedia.org/wikipedia/commons/f/fd/Pseudomys_fumeus%2C_Smoky_Mouse%2C_Grampians_National_Park%2C_Victoria_03.jpg,"https://commons.wikimedia.org/wiki/File:Pseudomys_fumeus,_Smoky_Mouse,_Grampians_National_Park,_Victoria_03.jpg",CC BY 4.0,,David Paul,"File:Pseudomys fumeus, Smoky Mouse, Grampians National Park, Victoria 03.jpg","(2005, 1582)",acfaf72569f00b48b2fbd4473e0f4205,https://upload.wikimedia.org/wikipedia/commons/thumb/f/fd/Pseudomys_fumeus%2C_Smoky_Mouse%2C_Grampians_National_Park%2C_Victoria_03.jpg/1920px-Pseudomys_fumeus%2C_Smoky_Mouse%2C_Grampians_National_Park%2C_Victoria_03.jpg,0,5a9d3e36b6633692
image_1084.hdf5,167338635,nature_landscape,wikimedia_commons,https://upload.wikimedia.org/wikipedia/commons/2/22/50_shades_of_blue%2C_Periyar_National_Park%2C_India.jpg,"https://commons.wikimedia.org/wiki/File:50_shades_of_blue,_Periyar_National_Park,_India.jpg",CC BY 4.0,,Vishalamu81,"File:50 shades of blue, Periyar National Park, India.jpg","(2901, 1677)",def821aa335c05a0a16f29aeb912051d,https://upload.wikimedia.org/wikipedia/commons/thumb/2/22/50_shades_of_blue%2C_Periyar_National_Park%2C_India.jpg/1920px-50_shades_of_blue%2C_Periyar_National_Park%2C_India.jpg,0,07978f8faf07160a
image_1085.hdf5,150328491,building_exterior,wikimedia_commons,https://upload.wikimedia.org/wikipedia/commons/1/1e/Easterly_aspect_of_Skipness_Castle.jpg,https://commons.wikimedia.org/wiki/File:Easterly_aspect_of_Skipness_Castle.jpg,CC BY 4.0,,Ruththenavigator,File:Easterly aspect of Skipness Castle.jpg,"(4112, 3088)",38911382483f1aea004539e91e33d444,https://upload.wikimedia.org/wikipedia/commons/thumb/1/1e/Easterly_aspect_of_Skipness_Castle.jpg/1920px-Easterly_aspect_of_Skipness_Castle.jpg,0,0b26f29131202182
image_1086.hdf5,86141030,building_exterior,wikimedia_commons,https://upload.wikimedia.org/wikipedia/commons/3/34/Beersel_Beersel_Lotsestraat_63-65_feodale_burcht_-_274950_-_onroerenderfgoed.jpg,https://commons.wikimedia.org/wiki/File:Beersel_Beersel_Lotsestraat_63-65_feodale_burcht_-_274950_-_onroerenderfgoed.jpg,CC BY 4.0,,"Van Aerschot, Suzanne",File:Beersel Beersel Lotsestraat 63-65 feodale burcht - 274950 - onroerenderfgoed.jpg,"(953, 1440)",c5d967cf1bc7700bd7edecf6087c6e73,https://upload.wikimedia.org/wikipedia/commons/3/34/Beersel_Beersel_Lotsestraat_63-65_feodale_burcht_-_274950_-_onroerenderfgoed.jpg,0,0841e4ece7cfcde5
image_1087.hdf5,170995426,nature_landscape,wikimedia_commons,https://upload.wikimedia.org/wikipedia/commons/c/c5/The_image_captures_a_serene_and_dramatic_sunset_scene%2C_showcasing_a_silhouetted_landscape_dominated_by_tall_trees_against_a_vibrant_sky._-_Flickr_-_torstenbehrens.jpg,"https://commons.wikimedia.org/wiki/File:The_image_captures_a_serene_and_dramatic_sunset_scene,_showcasing_a_silhouetted_landscape_dominated_by_tall_trees_against_a_vibrant_sky._-_Flickr_-_torstenbehrens.jpg",CC BY 4.0,https://www.flickr.com/people/29812986@N06,Torsten Behrens,"File:The image captures a serene and dramatic sunset scene, showcasing a silhouetted landscape dominated by tall trees against a vibrant sky. - Flickr - torstenbehrens.jpg","(7728, 5152)",6ec4f2714904c3edcaeeec8c3c698271,https://upload.wikimedia.org/wikipedia/commons/thumb/c/c5/The_image_captures_a_serene_and_dramatic_sunset_scene%2C_showcasing_a_silhouetted_landscape_dominated_by_tall_trees_against_a_vibrant_sky._-_Flickr_-_torstenbehrens.jpg/1920px-thumbnail.jpg,0,0707050a9aded8c9
image_1088.hdf5,160299210,building_exterior,wikimedia_commons,https://upload.wikimedia.org/wikipedia/commons/6/6b/Metro_Auditorio_%28exterior%29.jpg,https://commons.wikimedia.org/wiki/File:Metro_Auditorio_(exterior).jpg,CC BY 4.0,,Wotancito,File:Metro Auditorio (exterior).jpg,"(3648, 2736)",95505687a4e99ea0b18091be0f07066d,https://upload.wikimedia.org/wikipedia/commons/thumb/6/6b/Metro_Auditorio_%28exterior%29.jpg/1920px-Metro_Auditorio_%28exterior%29.jpg,0,639560b862070639
image_1089.hdf5,147209729,nature_landscape,wikimedia_commons,https://upload.wikimedia.org/wikipedia/commons/2/2f/Platica_en_La_Pona.jpg,https://commons.wikimedia.org/wiki/File:Platica_en_La_Pona.jpg,CC BY 4.0,,Valeria Esparza Arias,File:Platica en La Pona.jpg,"(3024, 4032)",1f1ecb0d47b996cd7f4de24a33b46383,https://upload.wikimedia.org/wikipedia/commons/thumb/2/2f/Platica_en_La_Pona.jpg/1920px-Platica_en_La_Pona.jpg,0,4f4e529ad84873b0
image_1090.hdf5,155443661,nature_landscape,wikimedia_commons,https://upload.wikimedia.org/wikipedia/commons/7/77/View_of_the_Great_Smoky_Mountains_National_Park_from_AnaVista_Tower_at_Anakeesta.png,https://commons.wikimedia.org/wiki/File:View_of_the_Great_Smoky_Mountains_National_Park_from_AnaVista_Tower_at_Anakeesta.png,CC BY 4.0,,Asdaiang14453,File:View of the Great Smoky Mountains National Park from AnaVista Tower at Anakeesta.png,"(1012, 721)",2a54e451e7ca7e0f9d7a1213ca01526c,https://upload.wikimedia.org/wikipedia/commons/7/77/View_of_the_Great_Smoky_Mountains_National_Park_from_AnaVista_Tower_at_Anakeesta.png,0,db76fc232030b922
image_1091.hdf5,164533585,nature_landscape,wikimedia_commons,https://upload.wikimedia.org/wikipedia/commons/4/49/Reaper_Cuttlefish%2C_Royal_National_Park_NSW_2233%2C_Australia_imported_from_iNaturalist_photo_107892107.jpg,"https://commons.wikimedia.org/wiki/File:Reaper_Cuttlefish,_Royal_National_Park_NSW_2233,_Australia_imported_from_iNaturalist_photo_107892107.jpg",CC BY 4.0,,"(c) Tim, some rights reserved (CC BY)","File:Reaper Cuttlefish, Royal National Park NSW 2233, Australia imported from iNaturalist photo 107892107.jpg","(1536, 2048)",185585b1f1088f778f201ebbdcef5f81,https://upload.wikimedia.org/wikipedia/commons/4/49/Reaper_Cuttlefish%2C_Royal_National_Park_NSW_2233%2C_Australia_imported_from_iNaturalist_photo_107892107.jpg,0,6a549c98999a5227
image_1092.hdf5,167190890,nature_landscape,wikimedia_commons,https://upload.wikimedia.org/wikipedia/commons/9/95/Kilimanjaro_national_park_tanzania.jpg,https://commons.wikimedia.org/wiki/File:Kilimanjaro_national_park_tanzania.jpg,CC BY 4.0,,Adventure pulse trekkers,File:Kilimanjaro national park tanzania.jpg,"(4032, 3024)",c933d4116add7fdf1909661129520419,https://upload.wikimedia.org/wikipedia/commons/thumb/9/95/Kilimanjaro_national_park_tanzania.jpg/1920px-Kilimanjaro_national_park_tanzania.jpg,0,d4c6cedb85876664
image_1093.hdf5,145664765,building_exterior,wikimedia_commons,https://upload.wikimedia.org/wikipedia/commons/d/d1/3_Sovetskaia_Street_7_2015-07_1436130031.JPG,https://commons.wikimedia.org/wiki/File:3_Sovetskaia_Street_7_2015-07_1436130031.JPG,CC BY 4.0,https://www.wikidata.org/wiki/Q110446558,Artyom Svetlov,File:3 Sovetskaia Street 7 2015-07 1436130031.JPG,"(3456, 4608)",9b39978497d799f903baf196008f03ae,https://upload.wikimedia.org/wikipedia/commons/thumb/d/d1/3_Sovetskaia_Street_7_2015-07_1436130031.JPG/1920px-3_Sovetskaia_Street_7_2015-07_1436130031.JPG,0,d3d9d1d9d9f9e9d8
image_1094.hdf5,64088804,nature_landscape,wikimedia_commons,https://upload.wikimedia.org/wikipedia/commons/8/85/Mountain_Goats_Glacier_National_Park.jpg,https://commons.wikimedia.org/wiki/File:Mountain_Goats_Glacier_National_Park.jpg,CC BY 4.0,,Christian Hagenlocher,File:Mountain Goats Glacier National Park.jpg,"(2066, 2563)",149f0a2ddb7d147d54b2e9c63eb79fa6,https://upload.wikimedia.org/wikipedia/commons/thumb/8/85/Mountain_Goats_Glacier_National_Park.jpg/1920px-Mountain_Goats_Glacier_National_Park.jpg,0,9d37001527ec5449
image_1095.hdf5,87855331,building_exterior,wikimedia_commons,https://upload.wikimedia.org/wikipedia/commons/2/20/1398121914102949819881404_%DA%AF%D9%86%D8%AF%D8%B2%D8%AF%D8%A7%DB%8C%DB%8C_%D9%88_%D8%B6%D8%AF%D8%B9%D9%81%D9%88%D9%86%DB%8C_%D9%BE%D9%84_%D8%B7%D8%A8%DB%8C%D8%B9%D8%AA.jpg,https://commons.wikimedia.org/wiki/File:1398121914102949819881404_%DA%AF%D9%86%D8%AF%D8%B2%D8%AF%D8%A7%DB%8C%DB%8C_%D9%88_%D8%B6%D8%AF%D8%B9%D9%81%D9%88%D9%86%DB%8C_%D9%BE%D9%84_%D8%B7%D8%A8%DB%8C%D8%B9%D8%AA.jpg,CC BY 4.0,,M. Hassan Zarifmanesh,File:1398121914102949819881404 گندزدایی و ضدعفونی پل طبیعت.jpg,"(800, 476)",63704622bf68c238dfabf6c192ee4253,https://upload.wikimedia.org/wikipedia/commons/2/20/1398121914102949819881404_%DA%AF%D9%86%D8%AF%D8%B2%D8%AF%D8%A7%DB%8C%DB%8C_%D9%88_%D8%B6%D8%AF%D8%B9%D9%81%D9%88%D9%86%DB%8C_%D9%BE%D9%84_%D8%B7%D8%A8%DB%8C%D8%B9%D8%AA.jpg,0,371c2f575653081e
image_1096.hdf5,151112092,building_exterior,wikimedia_commons,https://upload.wikimedia.org/wikipedia/commons/5/5d/Poitiers_Rue_de_la_Marne.jpg,https://commons.wikimedia.org/wiki/File:Poitiers_Rue_de_la_Marne.jpg,CC BY 4.0,,Jmdigne,File:Poitiers Rue de la Marne.jpg,"(1332, 2000)",ea27e7b83649ba1861254fed19fb4317,https://upload.wikimedia.org/wikipedia/commons/5/5d/Poitiers_Rue_de_la_Marne.jpg,0,24453293b3421b21
image_1097.hdf5,151640384,building_exterior,wikimedia_commons,https://upload.wikimedia.org/wikipedia/commons/c/c6/Calvo_Building_exteriors.jpg,https://commons.wikimedia.org/wiki/File:Calvo_Building_exteriors.jpg,CC BY 4.0,,Johnpaulo5860,File:Calvo Building exteriors.jpg,"(2000, 1500)",c27ed20b47581d9b5205684f0c3cb01f,https://upload.wikimedia.org/wikipedia/commons/thumb/c/c6/Calvo_Building_exteriors.jpg/1920px-Calvo_Building_exteriors.jpg,0,8780b0325a336392
image_1098.hdf5,156748503,nature_landscape,wikimedia_commons,https://upload.wikimedia.org/wikipedia/commons/9/97/Autumn_diaries_at_Bilgi_University.jpg,https://commons.wikimedia.org/wiki/File:Autumn_diaries_at_Bilgi_University.jpg,CC BY 4.0,,İrmakyuksel,File:Autumn diaries at Bilgi University.jpg,"(3024, 4032)",d88be481bacdb90e42c9b90bde8e5e5b,https://upload.wikimedia.org/wikipedia/commons/thumb/9/97/Autumn_diaries_at_Bilgi_University.jpg/1920px-Autumn_diaries_at_Bilgi_University.jpg,0,382cc5c165051a71
image_1099.hdf5,156407174,nature_landscape,wikimedia_commons,https://upload.wikimedia.org/wikipedia/commons/8/88/Nectria-macrobrachia-seastar-wilsons-promontory-national-park-victoria-596179-large.jpg,https://commons.wikimedia.org/wiki/File:Nectria-macrobrachia-seastar-wilsons-promontory-national-park-victoria-596179-large.jpg,CC BY 4.0,,Photographer: Julian Finn. Museums Victoria,File:Nectria-macrobrachia-seastar-wilsons-promontory-national-park-victoria-596179-large.jpg,"(3000, 1995)",2489ff7d6080668613014ee2cf2c5509,https://upload.wikimedia.org/wikipedia/commons/thumb/8/88/Nectria-macrobrachia-seastar-wilsons-promontory-national-park-victoria-596179-large.jpg/1920px-Nectria-macrobrachia-seastar-wilsons-promontory-national-park-victoria-596179-large.jpg,0,28081a862d071606
image_1100.hdf5,85988555,building_exterior,wikimedia_commons,https://upload.wikimedia.org/wikipedia/commons/7/78/Leuven_Maria-Theresiastraat_99_-_109210_-_onroerenderfgoed.jpg,https://commons.wikimedia.org/wiki/File:Leuven_Maria-Theresiastraat_99_-_109210_-_onroerenderfgoed.jpg,CC BY 4.0,,"Vandevorst, Kris",File:Leuven Maria-Theresiastraat 99 - 109210 - onroerenderfgoed.jpg,"(591, 942)",1ad75b2d888961de41305539f21048f2,https://upload.wikimedia.org/wikipedia/commons/7/78/Leuven_Maria-Theresiastraat_99_-_109210_-_onroerenderfgoed.jpg,0,9d9f375339495938
image_1101.hdf5,84284399,nature_landscape,wikimedia_commons,https://upload.wikimedia.org/wikipedia/commons/a/ab/Tirgua_National_Park%2C_Venezuela_2.jpg,"https://commons.wikimedia.org/wiki/File:Tirgua_National_Park,_Venezuela_2.jpg",CC BY 4.0,,Adriano Dante,"File:Tirgua National Park, Venezuela 2.jpg","(680, 507)",e4716a25739f29d8259836356e45a969,https://upload.wikimedia.org/wikipedia/commons/a/ab/Tirgua_National_Park%2C_Venezuela_2.jpg,0,90d1014d5b9964c5
image_1102.hdf5,90053093,building_exterior,wikimedia_commons,https://upload.wikimedia.org/wikipedia/commons/d/db/Toyosaka_Community_Center_May2020.jpg,https://commons.wikimedia.org/wiki/File:Toyosaka_Community_Center_May2020.jpg,CC BY 4.0,,Drph17,File:Toyosaka Community Center May2020.jpg,"(2508, 1672)",5f4002af336189a296165bbe27f1aac3,https://upload.wikimedia.org/wikipedia/commons/thumb/d/db/Toyosaka_Community_Center_May2020.jpg/1920px-Toyosaka_Community_Center_May2020.jpg,0,c1c03089cc586927
image_1103.hdf5,120194902,building_exterior,wikimedia_commons,https://upload.wikimedia.org/wikipedia/commons/4/40/Esteghlal_FC_vs_Naft_Masjed_Soleyman_FC%2C_30_May_2022_-_058.jpg,"https://commons.wikimedia.org/wiki/File:Esteghlal_FC_vs_Naft_Masjed_Soleyman_FC,_30_May_2022_-_058.jpg",CC BY 4.0,,محمدحسین موحدی‌نژاد,"File:Esteghlal FC vs Naft Masjed Soleyman FC, 30 May 2022 - 058.jpg","(800, 557)",51cc2dbec092cfdfdc67509995256cfa,https://upload.wikimedia.org/wikipedia/commons/4/40/Esteghlal_FC_vs_Naft_Masjed_Soleyman_FC%2C_30_May_2022_-_058.jpg,0,99cece7471d9d7c5
image_1104.hdf5,168932126,building_exterior,wikimedia_commons,https://upload.wikimedia.org/wikipedia/commons/4/45/Skyline_from_the_outside_stairwell_of_a_Carnegie_Mellon_University_building_-_Mar_2025.jpg,https://commons.wikimedia.org/wiki/File:Skyline_from_the_outside_stairwell_of_a_Carnegie_Mellon_University_building_-_Mar_2025.jpg,CC BY 4.0,,LR.127,File:Skyline from the outside stairwell of a Carnegie Mellon University building - Mar 2025.jpg,"(5975, 3983)",115830f9fcdfc289bc8fcb2ed001f2db,https://upload.wikimedia.org/wikipedia/commons/thumb/4/45/Skyline_from_the_outside_stairwell_of_a_Carnegie_Mellon_University_building_-_Mar_2025.jpg/1920px-Skyline_from_the_outside_stairwell_of_a_Carnegie_Mellon_University_building_-_Mar_2025.jpg,0,fffcfea2658be5e4
image_1105.hdf5,171442220,nature_landscape,wikimedia_commons,https://upload.wikimedia.org/wikipedia/commons/f/fa/Leopard_resting_in_Nairobi_National_Park.jpg,https://commons.wikimedia.org/wiki/File:Leopard_resting_in_Nairobi_National_Park.jpg,CC BY 4.0,,Samwalton9,File:Leopard resting in Nairobi National Park.jpg,"(5184, 3456)",c4a979c54018abe917c901a36e7432b9,https://upload.wikimedia.org/wikipedia/commons/thumb/f/fa/Leopard_resting_in_Nairobi_National_Park.jpg/1920px-Leopard_resting_in_Nairobi_National_Park.jpg,0,531b0b4d6b33191d
image_1106.hdf5,152012515,building_exterior,wikimedia_commons,https://upload.wikimedia.org/wikipedia/commons/3/33/Te_Atat%C5%AB_Peninsula_Library_fa%C3%A7ade_20240830_131937.jpg,https://commons.wikimedia.org/wiki/File:Te_Atat%C5%AB_Peninsula_Library_fa%C3%A7ade_20240830_131937.jpg,CC BY 4.0,,Prosperosity,File:Te Atatū Peninsula Library façade 20240830 131937.jpg,"(4000, 3000)",f89360212e2c4da46acfd0256aa5d746,https://upload.wikimedia.org/wikipedia/commons/thumb/3/33/Te_Atat%C5%AB_Peninsula_Library_fa%C3%A7ade_20240830_131937.jpg/1920px-Te_Atat%C5%AB_Peninsula_Library_fa%C3%A7ade_20240830_131937.jpg,0,cfdeff0b2eae198e
image_1107.hdf5,178126467,building_exterior,wikimedia_commons,https://upload.wikimedia.org/wikipedia/commons/7/7b/Tesla_Cyber-bear_%2854910801160%29.jpg,https://commons.wikimedia.org/wiki/File:Tesla_Cyber-bear_(54910801160).jpg,CC BY 4.0,https://www.flickr.com/people/jurvetson/,jurvetson,File:Tesla Cyber-bear (54910801160).jpg,"(3754, 3024)",67fe1ab70635a9190139bf652b9cb7e1,https://upload.wikimedia.org/wikipedia/commons/thumb/7/7b/Tesla_Cyber-bear_%2854910801160%29.jpg/1920px-Tesla_Cyber-bear_%2854910801160%29.jpg,0,b5660e2c4c3436c3
image_1108.hdf5,147209373,nature_landscape,wikimedia_commons,https://upload.wikimedia.org/wikipedia/commons/4/46/Eclipse_en_la_sombra_de_una_jacaranda.jpg,https://commons.wikimedia.org/wiki/File:Eclipse_en_la_sombra_de_una_jacaranda.jpg,CC BY 4.0,,Brisa Campos Velázquez,File:Eclipse en la sombra de una jacaranda.jpg,"(3000, 4000)",3ca11d31300a52276d687266991595e3,https://upload.wikimedia.org/wikipedia/commons/thumb/4/46/Eclipse_en_la_sombra_de_una_jacaranda.jpg/1920px-Eclipse_en_la_sombra_de_una_jacaranda.jpg,0,756b2fb404a192c2
image_1109.hdf5,180791788,building_exterior,wikimedia_commons,https://upload.wikimedia.org/wikipedia/commons/8/82/Exterior_of_Quechee_Gorge_Gifts_Retail_Building.jpg,https://commons.wikimedia.org/wiki/File:Exterior_of_Quechee_Gorge_Gifts_Retail_Building.jpg,CC BY 4.0,,Tessa Bury,File:Exterior of Quechee Gorge Gifts Retail Building.jpg,"(5142, 4114)",f9b8ff8b3527ee5f079f944dedd7318b,https://upload.wikimedia.org/wikipedia/commons/thumb/8/82/Exterior_of_Quechee_Gorge_Gifts_Retail_Building.jpg/1920px-Exterior_of_Quechee_Gorge_Gifts_Retail_Building.jpg,0,0387b693e8e49642
image_1110.hdf5,164786647,nature_landscape,wikimedia_commons,https://upload.wikimedia.org/wikipedia/commons/1/16/%22No_Cops_Allowed_in_Nature_Area%22_sign.jpg,https://commons.wikimedia.org/wiki/File:%22No_Cops_Allowed_in_Nature_Area%22_sign.jpg,CC BY 4.0,,AlphaBeta135,"File:""No Cops Allowed in Nature Area"" sign.jpg","(2513, 1885)",d785dff3eb2280b3e1ea35d8a5b1400a,https://upload.wikimedia.org/wikipedia/commons/thumb/1/16/%22No_Cops_Allowed_in_Nature_Area%22_sign.jpg/1920px-%22No_Cops_Allowed_in_Nature_Area%22_sign.jpg,0,27a6cc4c8e713535
image_1111.hdf5,180447229,building_exterior,wikimedia_commons,https://upload.wikimedia.org/wikipedia/commons/0/05/Exterior_of_St._Martin_%28Schwyz%29_02.jpg,https://commons.wikimedia.org/wiki/File:Exterior_of_St._Martin_(Schwyz)_02.jpg,CC BY 4.0,,Kent Wang,File:Exterior of St. Martin (Schwyz) 02.jpg,"(4982, 6642)",2c6c9781770b3a08707ce4126c58d75c,https://upload.wikimedia.org/wikipedia/commons/thumb/0/05/Exterior_of_St._Martin_%28Schwyz%29_02.jpg/1920px-Exterior_of_St._Martin_%28Schwyz%29_02.jpg,0,f0d9929892b233b3
image_1112.hdf5,89211871,building_exterior,wikimedia_commons,https://upload.wikimedia.org/wikipedia/commons/4/43/1399012714403714020146864_%D9%BE%D8%B4%D8%AA_%D8%A8%D8%A7%D9%85_%D9%82%D8%B1%D9%86%D8%B7%DB%8C%D9%86%D9%87.jpg,https://commons.wikimedia.org/wiki/File:1399012714403714020146864_%D9%BE%D8%B4%D8%AA_%D8%A8%D8%A7%D9%85_%D9%82%D8%B1%D9%86%D8%B7%DB%8C%D9%86%D9%87.jpg,CC BY 4.0,,Erfan Kouchari,File:1399012714403714020146864 پشت بام قرنطینه.jpg,"(533, 755)",6f5fd501e9daece53c107011297e0715,https://upload.wikimedia.org/wikipedia/commons/4/43/1399012714403714020146864_%D9%BE%D8%B4%D8%AA_%D8%A8%D8%A7%D9%85_%D9%82%D8%B1%D9%86%D8%B7%DB%8C%D9%86%D9%87.jpg,0,0f0f16c9d5352747
image_1113.hdf5,151498045,building_exterior,wikimedia_commons,https://upload.wikimedia.org/wikipedia/commons/0/0c/Katowice_train_station%2C_20240811.jpg,"https://commons.wikimedia.org/wiki/File:Katowice_train_station,_20240811.jpg",CC BY 4.0,,Abzeronow,"File:Katowice train station, 20240811.jpg","(2448, 3264)",e032c398286187f1e0aa35612062b39a,https://upload.wikimedia.org/wikipedia/commons/thumb/0/0c/Katowice_train_station%2C_20240811.jpg/1920px-Katowice_train_station%2C_20240811.jpg,0,fffffedcfffba40c
image_1114.hdf5,157458133,building_exterior,wikimedia_commons,https://upload.wikimedia.org/wikipedia/commons/7/7b/Hong_Kong_20191222_19.jpg,https://commons.wikimedia.org/wiki/File:Hong_Kong_20191222_19.jpg,CC BY 4.0,,Ahmed,File:Hong Kong 20191222 19.jpg,"(3648, 2736)",b9796d8f01d210b8b028f7add4c11d2b,https://upload.wikimedia.org/wikipedia/commons/thumb/7/7b/Hong_Kong_20191222_19.jpg/1920px-Hong_Kong_20191222_19.jpg,0,030b0b8f8d8d8d8d
image_1115.hdf5,140417951,building_exterior,wikimedia_commons,https://upload.wikimedia.org/wikipedia/commons/f/f6/Fleetwood_Ext_IMG_9199.jpg,https://commons.wikimedia.org/wiki/File:Fleetwood_Ext_IMG_9199.jpg,CC BY 4.0,,Fleetwood Nautical Campus,File:Fleetwood Ext IMG 9199.jpg,"(1200, 800)",2361887ac99f9390acbcd750e0b0d24f,https://upload.wikimedia.org/wikipedia/commons/f/f6/Fleetwood_Ext_IMG_9199.jpg,0,1f60647c6c6d460c
image_1116.hdf5,104342075,building_exterior,wikimedia_commons,https://upload.wikimedia.org/wikipedia/commons/8/8f/1400010716034010222480754_%D9%88%DB%8C%DA%98%D9%87_%E2%80%8C%D8%A8%D8%B1%D9%86%D8%A7%D9%85%D9%87_%D8%AA%D9%87%D8%B1%D8%A7%D9%86_%DB%B1%DB%B4%DB%B0%DB%B0.jpg,https://commons.wikimedia.org/wiki/File:1400010716034010222480754_%D9%88%DB%8C%DA%98%D9%87_%E2%80%8C%D8%A8%D8%B1%D9%86%D8%A7%D9%85%D9%87_%D8%AA%D9%87%D8%B1%D8%A7%D9%86_%DB%B1%DB%B4%DB%B0%DB%B0.jpg,CC BY 4.0,,Hossein Movahedinjead,File:1400010716034010222480754 ویژه ‌برنامه تهران ۱۴۰۰.jpg,"(800, 485)",933a425039a765ebeb82c97b24a0a77b,https://upload.wikimedia.org/wikipedia/commons/8/8f/1400010716034010222480754_%D9%88%DB%8C%DA%98%D9%87_%E2%80%8C%D8%A8%D8%B1%D9%86%D8%A7%D9%85%D9%87_%D8%AA%D9%87%D8%B1%D8%A7%D9%86_%DB%B1%DB%B4%DB%B0%DB%B0.jpg,0,32e29332920a6066
image_1117.hdf5,146620314,building_exterior,wikimedia_commons,https://upload.wikimedia.org/wikipedia/commons/8/8f/Cardiff_conversion_therapy_ban_protest_-_April_26_2022_01.jpg,https://commons.wikimedia.org/wiki/File:Cardiff_conversion_therapy_ban_protest_-_April_26_2022_01.jpg,CC BY 4.0,,Sleepytimecat,File:Cardiff conversion therapy ban protest - April 26 2022 01.jpg,"(3456, 4608)",43dc7081a8371ef5e2e2060d2f7166ab,https://upload.wikimedia.org/wikipedia/commons/thumb/8/8f/Cardiff_conversion_therapy_ban_protest_-_April_26_2022_01.jpg/1920px-Cardiff_conversion_therapy_ban_protest_-_April_26_2022_01.jpg,0,998d0c3f76663195
image_1118.hdf5,63830377,building_exterior,wikimedia_commons,https://upload.wikimedia.org/wikipedia/commons/2/2a/RandomWorm.jpg,https://commons.wikimedia.org/wiki/File:RandomWorm.jpg,CC BY 4.0,,Garima Khanna,File:RandomWorm.jpg,"(983, 1381)",c6f478301fffbefd2165a7dccd9c90a0,https://upload.wikimedia.org/wikipedia/commons/2/2a/RandomWorm.jpg,0,59ab41c86030e7e7
image_1119.hdf5,148652688,nature_landscape,wikimedia_commons,https://upload.wikimedia.org/wikipedia/commons/7/73/Zugang_zum_NSG_Kugelberg_img514.jpg,https://commons.wikimedia.org/wiki/File:Zugang_zum_NSG_Kugelberg_img514.jpg,CC BY 4.0,,Vux,File:Zugang zum NSG Kugelberg img514.jpg,"(3888, 2592)",f91b3e895b52dd4fbb844e4e3eb094ce,https://upload.wikimedia.org/wikipedia/commons/thumb/7/73/Zugang_zum_NSG_Kugelberg_img514.jpg/1920px-Zugang_zum_NSG_Kugelberg_img514.jpg,0,0d8b0f6683397ff9
image_1120.hdf5,186544121,nature_landscape,wikimedia_commons,https://upload.wikimedia.org/wikipedia/commons/a/aa/Canal_after_Yong_waterfall_national_park.jpg,https://commons.wikimedia.org/wiki/File:Canal_after_Yong_waterfall_national_park.jpg,CC BY 4.0,,Wutkh,File:Canal after Yong waterfall national park.jpg,"(3060, 4080)",487abfd4d5ebc6de2868ec861cf93edb,https://upload.wikimedia.org/wikipedia/commons/thumb/a/aa/Canal_after_Yong_waterfall_national_park.jpg/1920px-Canal_after_Yong_waterfall_national_park.jpg,0,6a36727137ef6ce1
image_1121.hdf5,131465565,nature_landscape,wikimedia_commons,https://upload.wikimedia.org/wikipedia/commons/d/d4/Evergreen_Broad_Leaved_Forest_Nanshan_National_Park_Hunan_China.jpg,https://commons.wikimedia.org/wiki/File:Evergreen_Broad_Leaved_Forest_Nanshan_National_Park_Hunan_China.jpg,CC BY 4.0,,"Lingqiao Kong, Fei Lu, Enming Rao, Zhiyun Ouyang",File:Evergreen Broad Leaved Forest Nanshan National Park Hunan China.jpg,"(640, 483)",668c270b57df2bb2b07954a5d40b875b,https://upload.wikimedia.org/wikipedia/commons/d/d4/Evergreen_Broad_Leaved_Forest_Nanshan_National_Park_Hunan_China.jpg,0,a6b0a104c0e29898
image_1122.hdf5,108838176,building_exterior,wikimedia_commons,https://upload.wikimedia.org/wikipedia/commons/a/a5/Hokitika_Lockdown_MRD_08.jpg,https://commons.wikimedia.org/wiki/File:Hokitika_Lockdown_MRD_08.jpg,CC BY 4.0,https://commons.wikimedia.org/wiki/User:Giantflightlessbirds,Giantflightlessbirds,File:Hokitika Lockdown MRD 08.jpg,"(2941, 3741)",066cc18dbe9d821a0b3a3796440d6421,https://upload.wikimedia.org/wikipedia/commons/thumb/a/a5/Hokitika_Lockdown_MRD_08.jpg/1920px-Hokitika_Lockdown_MRD_08.jpg,0,ce4e6d5e5a5252d2
image_1123.hdf5,183465366,building_exterior,wikimedia_commons,https://upload.wikimedia.org/wikipedia/commons/1/1a/Monte_Cassino_Cloister.jpg,https://commons.wikimedia.org/wiki/File:Monte_Cassino_Cloister.jpg,CC BY 4.0,,NateBergin,File:Monte Cassino Cloister.jpg,"(6000, 6000)",a0cbf399038adb8a97d668d15b0be713,https://upload.wikimedia.org/wikipedia/commons/thumb/1/1a/Monte_Cassino_Cloister.jpg/1920px-Monte_Cassino_Cloister.jpg,0,b9e46535b7969735
image_1124.hdf5,88424006,building_exterior,wikimedia_commons,https://upload.wikimedia.org/wikipedia/commons/b/b4/1397022909392362514176794_%D8%B4%D9%87%D8%B1%DA%A9_%D8%BA%D8%B1%D8%A8.jpg,https://commons.wikimedia.org/wiki/File:1397022909392362514176794_%D8%B4%D9%87%D8%B1%DA%A9_%D8%BA%D8%B1%D8%A8.jpg,CC BY 4.0,https://commons.wikimedia.org/wiki/User:GTVM92,GTVM92,File:1397022909392362514176794 شهرک غرب.jpg,"(800, 487)",c301117316708edd41d5d7b0e14ea23c,https://upload.wikimedia.org/wikipedia/commons/b/b4/1397022909392362514176794_%D8%B4%D9%87%D8%B1%DA%A9_%D8%BA%D8%B1%D8%A8.jpg,0,1f4d4b5b3c189e16
image_1125.hdf5,148726247,nature_landscape,wikimedia_commons,https://upload.wikimedia.org/wikipedia/commons/f/f7/Khao_Sok_National_Park_20240520.jpg,https://commons.wikimedia.org/wiki/File:Khao_Sok_National_Park_20240520.jpg,CC BY 4.0,https://commons.wikimedia.org/wiki/User:Supanut_Arunoprayote,Supanut Arunoprayote,File:Khao Sok National Park 20240520.jpg,"(6360, 4240)",c49f9f9bdf3c8425774973de888cb03d,https://upload.wikimedia.org/wikipedia/commons/thumb/f/f7/Khao_Sok_National_Park_20240520.jpg/1920px-Khao_Sok_National_Park_20240520.jpg,0,0737631b539a331b
image_1126.hdf5,111735322,nature_landscape,wikimedia_commons,https://upload.wikimedia.org/wikipedia/commons/1/11/Netta_erythrophthalma_brunnea%2C_female%2C_False_Bay_Nature_Reserve%2C_Cape_Town.jpg,"https://commons.wikimedia.org/wiki/File:Netta_erythrophthalma_brunnea,_female,_False_Bay_Nature_Reserve,_Cape_Town.jpg",CC BY 4.0,,Timothy Whitehead,"File:Netta erythrophthalma brunnea, female, False Bay Nature Reserve, Cape Town.jpg","(2048, 1675)",82b15d3f2bf60b8c1cf5fa9d47812058,https://upload.wikimedia.org/wikipedia/commons/thumb/1/11/Netta_erythrophthalma_brunnea%2C_female%2C_False_Bay_Nature_Reserve%2C_Cape_Town.jpg/1920px-Netta_erythrophthalma_brunnea%2C_female%2C_False_Bay_Nature_Reserve%2C_Cape_Town.jpg,0,cbcea611b3796cce
image_1127.hdf5,162796780,building_exterior,wikimedia_commons,https://upload.wikimedia.org/wikipedia/commons/4/4e/Palermo_Cathedral_ML.jpg,https://commons.wikimedia.org/wiki/File:Palermo_Cathedral_ML.jpg,CC BY 4.0,,Macieklew,File:Palermo Cathedral ML.jpg,"(3172, 4753)",221daa0d05f60b6d3a277884bba096ff,https://upload.wikimedia.org/wikipedia/commons/thumb/4/4e/Palermo_Cathedral_ML.jpg/1920px-Palermo_Cathedral_ML.jpg,0,40d08187d6d6bf6f
image_1128.hdf5,178638584,nature_landscape,wikimedia_commons,https://upload.wikimedia.org/wikipedia/commons/7/71/Autumn_Nature_of_Namaq_Village_18_%28Mehr%2C_2025%29.jpg,"https://commons.wikimedia.org/wiki/File:Autumn_Nature_of_Namaq_Village_18_(Mehr,_2025).jpg",CC BY 4.0,,Mina Noei,"File:Autumn Nature of Namaq Village 18 (Mehr, 2025).jpg","(1280, 853)",406bfe42c4e0ea6e6fd1eb2829f97c70,https://upload.wikimedia.org/wikipedia/commons/7/71/Autumn_Nature_of_Namaq_Village_18_%28Mehr%2C_2025%29.jpg,0,3767b71745263223
image_1129.hdf5,147081893,nature_landscape,wikimedia_commons,https://upload.wikimedia.org/wikipedia/commons/4/44/Ashizuri-Uwakai_National_Park_monument_at_Hahajima_Port.jpg,https://commons.wikimedia.org/wiki/File:Ashizuri-Uwakai_National_Park_monument_at_Hahajima_Port.jpg,CC BY 4.0,,ブルーノ・プラス,File:Ashizuri-Uwakai National Park monument at Hahajima Port.jpg,"(4896, 3672)",ca13ca38392f7a281ce7c6d6aeba7749,https://upload.wikimedia.org/wikipedia/commons/thumb/4/44/Ashizuri-Uwakai_National_Park_monument_at_Hahajima_Port.jpg/1920px-Ashizuri-Uwakai_National_Park_monument_at_Hahajima_Port.jpg,0,dbfbe3f3f7a66e27
image_1130.hdf5,174337728,nature_landscape,wikimedia_commons,https://upload.wikimedia.org/wikipedia/commons/9/9e/Turtle_Rock_along_Route_3_of_Mongol_Olle_Trail_in_Gorkhi-Terelj_National_Park.jpg,https://commons.wikimedia.org/wiki/File:Turtle_Rock_along_Route_3_of_Mongol_Olle_Trail_in_Gorkhi-Terelj_National_Park.jpg,CC BY 4.0,,Jeju Olle Foundation,File:Turtle Rock along Route 3 of Mongol Olle Trail in Gorkhi-Terelj National Park.jpg,"(4032, 3024)",750219b294b6a2fc4c0af5274f05fa97,https://upload.wikimedia.org/wikipedia/commons/thumb/9/9e/Turtle_Rock_along_Route_3_of_Mongol_Olle_Trail_in_Gorkhi-Terelj_National_Park.jpg/1920px-Turtle_Rock_along_Route_3_of_Mongol_Olle_Trail_in_Gorkhi-Terelj_National_Park.jpg,0,33f11b9f487b34fc
image_1131.hdf5,167641468,nature_landscape,wikimedia_commons,https://upload.wikimedia.org/wikipedia/commons/c/c6/2025-06-14_D300-7407_Achim-Lammerts_07-LSG-7334-012-Silbersee.jpg,https://commons.wikimedia.org/wiki/File:2025-06-14_D300-7407_Achim-Lammerts_07-LSG-7334-012-Silbersee.jpg,CC BY 4.0,,Achim Lammerts (Syntaxys),File:2025-06-14 D300-7407 Achim-Lammerts 07-LSG-7334-012-Silbersee.jpg,"(4288, 2848)",ad9fdb5312d6f2b2fd079a31e0ea6502,https://upload.wikimedia.org/wikipedia/commons/thumb/c/c6/2025-06-14_D300-7407_Achim-Lammerts_07-LSG-7334-012-Silbersee.jpg/1920px-2025-06-14_D300-7407_Achim-Lammerts_07-LSG-7334-012-Silbersee.jpg,0,0c0307163d37c3f0
image_1132.hdf5,70208273,building_exterior,wikimedia_commons,https://upload.wikimedia.org/wikipedia/commons/e/ef/Pukeva-1973-exterior.jpg,https://commons.wikimedia.org/wiki/File:Pukeva-1973-exterior.jpg,CC BY 4.0,https://commons.wikimedia.org/wiki/User:Mlang.Finn,Mlang.Finn,File:Pukeva-1973-exterior.jpg,"(2568, 3898)",fa12dccc84c2a9d00373f98fd1ad414f,https://upload.wikimedia.org/wikipedia/commons/thumb/e/ef/Pukeva-1973-exterior.jpg/1920px-Pukeva-1973-exterior.jpg,0,0f02604183b35aa3
image_1133.hdf5,148638411,building_exterior,wikimedia_commons,https://upload.wikimedia.org/wikipedia/commons/4/4a/20240506_MIT_pro-Palestinian_protests.jpg,https://commons.wikimedia.org/wiki/File:20240506_MIT_pro-Palestinian_protests.jpg,CC BY 4.0,,Peacearth,File:20240506 MIT pro-Palestinian protests.jpg,"(3024, 4032)",da6cc60900aad2523291f484bf202a1e,https://upload.wikimedia.org/wikipedia/commons/thumb/4/4a/20240506_MIT_pro-Palestinian_protests.jpg/1920px-20240506_MIT_pro-Palestinian_protests.jpg,0,390abecef99fe778
image_1134.hdf5,165358135,nature_landscape,wikimedia_commons,https://upload.wikimedia.org/wikipedia/commons/4/44/Elephant_of_Chitwan_National_park.jpg,https://commons.wikimedia.org/wiki/File:Elephant_of_Chitwan_National_park.jpg,CC BY 4.0,,Nepalpicturesque,File:Elephant of Chitwan National park.jpg,"(3984, 2656)",56aa644285ce342213e459f238ae8cdc,https://upload.wikimedia.org/wikipedia/commons/thumb/4/44/Elephant_of_Chitwan_National_park.jpg/1920px-Elephant_of_Chitwan_National_park.jpg,0,8e603298d811270d
image_1135.hdf5,153479841,nature_landscape,wikimedia_commons,https://upload.wikimedia.org/wikipedia/commons/7/7a/Joshua_Tree_National_Park%2C_Spring_2022.jpg,"https://commons.wikimedia.org/wiki/File:Joshua_Tree_National_Park,_Spring_2022.jpg",CC BY 4.0,,Angelatakesapic,"File:Joshua Tree National Park, Spring 2022.jpg","(3024, 4032)",b3e05212d7ecae11387c9479142ecfed,https://upload.wikimedia.org/wikipedia/commons/thumb/7/7a/Joshua_Tree_National_Park%2C_Spring_2022.jpg/1920px-Joshua_Tree_National_Park%2C_Spring_2022.jpg,0,dc1838d94961646e
image_1136.hdf5,169600386,building_exterior,wikimedia_commons,https://upload.wikimedia.org/wikipedia/commons/7/77/Il_Duomo%2C_Mil%C3%A1n_Italia_08.jpg,"https://commons.wikimedia.org/wiki/File:Il_Duomo,_Mil%C3%A1n_Italia_08.jpg",CC BY 4.0,,Alejandra Bustos Ramírez,"File:Il Duomo, Milán Italia 08.jpg","(960, 1280)",c44ee1721744da9ea990e740fab31f60,https://upload.wikimedia.org/wikipedia/commons/7/77/Il_Duomo%2C_Mil%C3%A1n_Italia_08.jpg,0,b2326b69656c7569
image_1137.hdf5,161984256,building_exterior,wikimedia_commons,https://upload.wikimedia.org/wikipedia/commons/8/85/%22Belmont%2C_1906%22_historical_marker.jpg,"https://commons.wikimedia.org/wiki/File:%22Belmont,_1906%22_historical_marker.jpg",CC BY 4.0,,PRRfan,"File:""Belmont, 1906"" historical marker.jpg","(5712, 4284)",60be3072b6ec034ea012337473669e5d,https://upload.wikimedia.org/wikipedia/commons/thumb/8/85/%22Belmont%2C_1906%22_historical_marker.jpg/1920px-%22Belmont%2C_1906%22_historical_marker.jpg,0,3472524a62327043
image_1138.hdf5,187456528,building_exterior,wikimedia_commons,https://upload.wikimedia.org/wikipedia/commons/8/85/C.D._Howe_Building_exterior_2025.JPG,https://commons.wikimedia.org/wiki/File:C.D._Howe_Building_exterior_2025.JPG,CC BY 4.0,,Canmenwalker,File:C.D. Howe Building exterior 2025.JPG,"(4032, 3024)",f889595381a2102ae8fff13e237a0a07,https://upload.wikimedia.org/wikipedia/commons/thumb/8/85/C.D._Howe_Building_exterior_2025.JPG/1920px-C.D._Howe_Building_exterior_2025.JPG,0,802958d899c4126f
image_1139.hdf5,128831128,building_exterior,wikimedia_commons,https://upload.wikimedia.org/wikipedia/commons/e/e1/Kharg_Island_in_2022_%2808%29.jpg,https://commons.wikimedia.org/wiki/File:Kharg_Island_in_2022_(08).jpg,CC BY 4.0,,Reza Hatami,File:Kharg Island in 2022 (08).jpg,"(800, 557)",e7c6eda9ca32b09ca75601ff46a90461,https://upload.wikimedia.org/wikipedia/commons/e/e1/Kharg_Island_in_2022_%2808%29.jpg,0,68f07152186127c9
image_1140.hdf5,150142745,nature_landscape,wikimedia_commons,https://upload.wikimedia.org/wikipedia/commons/1/15/Giraffe_at_Akagera_National_Park.jpg,https://commons.wikimedia.org/wiki/File:Giraffe_at_Akagera_National_Park.jpg,CC BY 4.0,,UWIMPUHWE Va,File:Giraffe at Akagera National Park.jpg,"(3024, 4032)",26c70ffd3efa73d2c6cb1c29f07dc577,https://upload.wikimedia.org/wikipedia/commons/thumb/1/15/Giraffe_at_Akagera_National_Park.jpg/1920px-Giraffe_at_Akagera_National_Park.jpg,0,3087cdd4524b8bb3
image_1141.hdf5,123968419,nature_landscape,wikimedia_commons,https://upload.wikimedia.org/wikipedia/commons/b/b8/ZellerBlauen22.jpg,https://commons.wikimedia.org/wiki/File:ZellerBlauen22.jpg,CC BY 4.0,,SEM,File:ZellerBlauen22.jpg,"(2016, 1512)",df30d2eb800cb67bd90ab526035419fe,https://upload.wikimedia.org/wikipedia/commons/thumb/b/b8/ZellerBlauen22.jpg/1920px-ZellerBlauen22.jpg,0,00803030640d7078
image_1142.hdf5,194380803,building_exterior,wikimedia_commons,https://upload.wikimedia.org/wikipedia/commons/4/4e/Exterior_of_Atocha_station_historic_building.jpg,https://commons.wikimedia.org/wiki/File:Exterior_of_Atocha_station_historic_building.jpg,CC BY 4.0,,Joseolgon,File:Exterior of Atocha station historic building.jpg,"(5472, 3648)",cea223e57d3f5682ab302d15c52c0620,https://upload.wikimedia.org/wikipedia/commons/thumb/4/4e/Exterior_of_Atocha_station_historic_building.jpg/1920px-Exterior_of_Atocha_station_historic_building.jpg,0,d3b1f8ce8e13f500
image_1143.hdf5,63987569,nature_landscape,wikimedia_commons,https://upload.wikimedia.org/wikipedia/commons/f/fe/Capercaillie_monitoring_in_Rila_National_Park.jpg,https://commons.wikimedia.org/wiki/File:Capercaillie_monitoring_in_Rila_National_Park.jpg,CC BY 4.0,,[Daniela Dimitrova&amp;Stefan Avramov],File:Capercaillie monitoring in Rila National Park.jpg,"(1200, 800)",93830266dafcdf33a6398dcbc822dd1d,https://upload.wikimedia.org/wikipedia/commons/f/fe/Capercaillie_monitoring_in_Rila_National_Park.jpg,0,3f73d2d2d1d4ec69
image_1144.hdf5,55095408,building_exterior,wikimedia_commons,https://upload.wikimedia.org/wikipedia/commons/3/33/ARD-Hauptstadtstudio%2C_Berlin-Mitte%2C_Fassade%2C_170117%2C_ako.jpg,"https://commons.wikimedia.org/wiki/File:ARD-Hauptstadtstudio,_Berlin-Mitte,_Fassade,_170117,_ako.jpg",CC BY 4.0,,Ansgar Koreng,"File:ARD-Hauptstadtstudio, Berlin-Mitte, Fassade, 170117, ako.jpg","(5472, 3648)",ccc86427b29d6bea15c94e8e8ab0ea09,https://upload.wikimedia.org/wikipedia/commons/thumb/3/33/ARD-Hauptstadtstudio%2C_Berlin-Mitte%2C_Fassade%2C_170117%2C_ako.jpg/1920px-ARD-Hauptstadtstudio%2C_Berlin-Mitte%2C_Fassade%2C_170117%2C_ako.jpg,0,6a9e3aea8b3eea8a
image_1145.hdf5,154132331,nature_landscape,wikimedia_commons,https://upload.wikimedia.org/wikipedia/commons/a/a5/Euastacus-bispinosus-glenelg-river-crayfish-grampians-national-park-victoria-670305-large.jpg,https://commons.wikimedia.org/wiki/File:Euastacus-bispinosus-glenelg-river-crayfish-grampians-national-park-victoria-670305-large.jpg,CC BY 4.0,,Photographer: David Paul. Museums Victoria,File:Euastacus-bispinosus-glenelg-river-crayfish-grampians-national-park-victoria-670305-large.jpg,"(3000, 2072)",407ab0daacd5fd78ac24fcda08b0e5d0,https://upload.wikimedia.org/wikipedia/commons/thumb/a/a5/Euastacus-bispinosus-glenelg-river-crayfish-grampians-national-park-victoria-670305-large.jpg/1920px-Euastacus-bispinosus-glenelg-river-crayfish-grampians-national-park-victoria-670305-large.jpg,0,d2b1b1e126928384
image_1146.hdf5,50918793,building_exterior,wikimedia_commons,https://upload.wikimedia.org/wikipedia/commons/6/69/Chrysler_Building_-_New_York%2C_NY%2C_USA_-_August_18%2C_2015_05.jpg,"https://commons.wikimedia.org/wiki/File:Chrysler_Building_-_New_York,_NY,_USA_-_August_18,_2015_05.jpg",CC BY 4.0,,Giorgio Galeotti,"File:Chrysler Building - New York, NY, USA - August 18, 2015 05.jpg","(6766, 4511)",1bca30f0495fec1705c353a90e953007,https://upload.wikimedia.org/wikipedia/commons/thumb/6/69/Chrysler_Building_-_New_York%2C_NY%2C_USA_-_August_18%2C_2015_05.jpg/1920px-Chrysler_Building_-_New_York%2C_NY%2C_USA_-_August_18%2C_2015_05.jpg,0,c7ef4fcec6c69692
image_1147.hdf5,179260196,nature_landscape,wikimedia_commons,https://upload.wikimedia.org/wikipedia/commons/5/5e/Taenidia_montana_Flower_and_Leaves_%28Great_Smoky_Mountains_National_Park_NC%29_Stacy_Hodes_CC_BY_4.0.jpg,https://commons.wikimedia.org/wiki/File:Taenidia_montana_Flower_and_Leaves_(Great_Smoky_Mountains_National_Park_NC)_Stacy_Hodes_CC_BY_4.0.jpg,CC BY 4.0,,Stacey Hodes,File:Taenidia montana Flower and Leaves (Great Smoky Mountains National Park NC) Stacy Hodes CC BY 4.0.jpg,"(1024, 768)",268da2c08720450b5097fc1929ed0aa8,https://upload.wikimedia.org/wikipedia/commons/5/5e/Taenidia_montana_Flower_and_Leaves_%28Great_Smoky_Mountains_National_Park_NC%29_Stacy_Hodes_CC_BY_4.0.jpg,0,ba9a8f9b52991130
image_1148.hdf5,186087066,building_exterior,wikimedia_commons,https://upload.wikimedia.org/wikipedia/commons/6/62/Outside_of_the_Coliseum_in_Regent%E2%80%99s_Park._A_General_View_of_London_-_Theatre_Royal%2C_Covent_Garden_1828.jpg,"https://commons.wikimedia.org/wiki/File:Outside_of_the_Coliseum_in_Regent%E2%80%99s_Park._A_General_View_of_London_-_Theatre_Royal,_Covent_Garden_1828.jpg",CC BY 4.0,,"Thomas Fisher Rare Book Library, UofT","File:Outside of the Coliseum in Regent’s Park. A General View of London - Theatre Royal, Covent Garden 1828.jpg","(3222, 5600)",c1ea6f488db3b8aa3327f1ea7a4f7e7f,https://upload.wikimedia.org/wikipedia/commons/thumb/6/62/Outside_of_the_Coliseum_in_Regent%E2%80%99s_Park._A_General_View_of_London_-_Theatre_Royal%2C_Covent_Garden_1828.jpg/1920px-Outside_of_the_Coliseum_in_Regent%E2%80%99s_Park._A_General_View_of_London_-_Theatre_Royal%2C_Covent_Garden_1828.jpg,0,cce4e4e0e871f1c1
image_1149.hdf5,41285112,building_exterior,wikimedia_commons,https://upload.wikimedia.org/wikipedia/commons/3/35/Open_House_Day_2015_Long_Night_of_Science_at_ESO%E2%80%99s_Headquarters.jpg,https://commons.wikimedia.org/wiki/File:Open_House_Day_2015_Long_Night_of_Science_at_ESO%E2%80%99s_Headquarters.jpg,CC BY 4.0,,ESO,File:Open House Day 2015 Long Night of Science at ESO’s Headquarters.jpg,"(1280, 880)",067e0647dc4509cf1d0d40aa15162659,https://upload.wikimedia.org/wikipedia/commons/3/35/Open_House_Day_2015_Long_Night_of_Science_at_ESO%E2%80%99s_Headquarters.jpg,0,dad6f47256b63e4c
image_1150.hdf5,89380704,building_exterior,wikimedia_commons,https://upload.wikimedia.org/wikipedia/commons/b/b2/Budi_Luhur_University_Unit_7_Building.jpg,https://commons.wikimedia.org/wiki/File:Budi_Luhur_University_Unit_7_Building.jpg,CC BY 4.0,,VulcanSphere,File:Budi Luhur University Unit 7 Building.jpg,"(4608, 3180)",19a2c4ae256e62b5aacbeeef21443211,https://upload.wikimedia.org/wikipedia/commons/thumb/b/b2/Budi_Luhur_University_Unit_7_Building.jpg/1920px-Budi_Luhur_University_Unit_7_Building.jpg,0,fff7311c8cac2223
image_1151.hdf5,148194226,building_exterior,wikimedia_commons,https://upload.wikimedia.org/wikipedia/commons/d/dd/Exterior_of_Nyerere%27s_boarding_room%2C_Mwisenge_Primary_School%2C_Musoma_Municipal_Council%2C_Mara_Region.jpg,"https://commons.wikimedia.org/wiki/File:Exterior_of_Nyerere%27s_boarding_room,_Mwisenge_Primary_School,_Musoma_Municipal_Council,_Mara_Region.jpg",CC BY 4.0,,Mnazini,"File:Exterior of Nyerere's boarding room, Mwisenge Primary School, Musoma Municipal Council, Mara Region.jpg","(4284, 5712)",7042b5bb81f7d349f5a9cfa6be3d49c7,https://upload.wikimedia.org/wikipedia/commons/thumb/d/dd/Exterior_of_Nyerere%27s_boarding_room%2C_Mwisenge_Primary_School%2C_Musoma_Municipal_Council%2C_Mara_Region.jpg/1920px-Exterior_of_Nyerere%27s_boarding_room%2C_Mwisenge_Primary_School%2C_Musoma_Municipal_Council%2C_Mara_Region.jpg,0,42c0bb3b1af2d149
image_1152.hdf5,49344536,building_exterior,wikimedia_commons,https://upload.wikimedia.org/wikipedia/commons/d/d9/Kayhan_Kalhor%27s_concert_in_Fakhruddin_As%27ad_Gurgani_Hall_%284%29.jpg,https://commons.wikimedia.org/wiki/File:Kayhan_Kalhor%27s_concert_in_Fakhruddin_As%27ad_Gurgani_Hall_(4).jpg,CC BY 4.0,,Mostafa Hassanzadeh,File:Kayhan Kalhor's concert in Fakhruddin As'ad Gurgani Hall (4).jpg,"(758, 536)",202d6b4b9461542035a448b2f7db8d02,https://upload.wikimedia.org/wikipedia/commons/d/d9/Kayhan_Kalhor%27s_concert_in_Fakhruddin_As%27ad_Gurgani_Hall_%284%29.jpg,0,191999594d12131a
image_1153.hdf5,175935621,nature_landscape,wikimedia_commons,https://upload.wikimedia.org/wikipedia/commons/7/7f/National-park-tours-fb-logo-512.png,https://commons.wikimedia.org/wiki/File:National-park-tours-fb-logo-512.png,CC BY 4.0,,Parkexpeditions,File:National-park-tours-fb-logo-512.png,"(512, 512)",fc434485ef16a28b602e098e8451e79b,https://upload.wikimedia.org/wikipedia/commons/7/7f/National-park-tours-fb-logo-512.png,0,e0b2b8866786c4f0
image_1154.hdf5,86405610,building_exterior,wikimedia_commons,https://upload.wikimedia.org/wikipedia/commons/e/e3/Grimbergen_Kerkplein_1%2C_Abdijstraat_20_Sint-Servatiuskerk_-_196873_-_onroerenderfgoed.jpg,"https://commons.wikimedia.org/wiki/File:Grimbergen_Kerkplein_1,_Abdijstraat_20_Sint-Servatiuskerk_-_196873_-_onroerenderfgoed.jpg",CC BY 4.0,,Agentschap Onroerend Erfgoed,"File:Grimbergen Kerkplein 1, Abdijstraat 20 Sint-Servatiuskerk - 196873 - onroerenderfgoed.jpg","(480, 573)",5c8e1891576590b71ae96c5348957e8d,https://upload.wikimedia.org/wikipedia/commons/e/e3/Grimbergen_Kerkplein_1%2C_Abdijstraat_20_Sint-Servatiuskerk_-_196873_-_onroerenderfgoed.jpg,0,6919848084848401
image_1155.hdf5,144798524,building_exterior,wikimedia_commons,https://upload.wikimedia.org/wikipedia/commons/d/d1/Description_board_outside_ChitraBhanu%2C_Kalimpong%2C_West_Bengal.jpg,"https://commons.wikimedia.org/wiki/File:Description_board_outside_ChitraBhanu,_Kalimpong,_West_Bengal.jpg",CC BY 4.0,,Amitabha Gupta,"File:Description board outside ChitraBhanu, Kalimpong, West Bengal.jpg","(6000, 4000)",607f0907249c7e9913bae4c3db8599b3,https://upload.wikimedia.org/wikipedia/commons/thumb/d/d1/Description_board_outside_ChitraBhanu%2C_Kalimpong%2C_West_Bengal.jpg/1920px-Description_board_outside_ChitraBhanu%2C_Kalimpong%2C_West_Bengal.jpg,0,c18988f171e3cfcb
image_1156.hdf5,84847815,nature_landscape,wikimedia_commons,https://upload.wikimedia.org/wikipedia/commons/6/6b/Stratigraphy_in_Denali_National_Park.jpg,https://commons.wikimedia.org/wiki/File:Stratigraphy_in_Denali_National_Park.jpg,CC BY 4.0,,Sam Altenberger,File:Stratigraphy in Denali National Park.jpg,"(4032, 3024)",72ae56c61999393ffcddf6403185b651,https://upload.wikimedia.org/wikipedia/commons/thumb/6/6b/Stratigraphy_in_Denali_National_Park.jpg/1920px-Stratigraphy_in_Denali_National_Park.jpg,0,f11b8ffc2c0ec6cf
image_1157.hdf5,113014052,nature_landscape,wikimedia_commons,https://upload.wikimedia.org/wikipedia/commons/d/d1/Aardwolf%2C_Namaqua_National_Park%2C_South_Africa_1.jpg,"https://commons.wikimedia.org/wiki/File:Aardwolf,_Namaqua_National_Park,_South_Africa_1.jpg",CC BY 4.0,https://www.inaturalist.org/people/kevinatbrakputs,kevinatbrakputs,"File:Aardwolf, Namaqua National Park, South Africa 1.jpg","(950, 716)",3a6dfcb0a4137a3754d112e639adcc5d,https://upload.wikimedia.org/wikipedia/commons/d/d1/Aardwolf%2C_Namaqua_National_Park%2C_South_Africa_1.jpg,0,215fdf0b02566363
image_1158.hdf5,170953644,nature_landscape,wikimedia_commons,https://upload.wikimedia.org/wikipedia/commons/3/36/B%C3%B6cksteinkogel%2C_K%C3%B6tschachtal%2C_Bad_Gastein.jpg,"https://commons.wikimedia.org/wiki/File:B%C3%B6cksteinkogel,_K%C3%B6tschachtal,_Bad_Gastein.jpg",CC BY 4.0,,Thomas Ledl,"File:Böcksteinkogel, Kötschachtal, Bad Gastein.jpg","(6853, 4571)",29dc4ad48ddf764d110b36079c764cb2,https://upload.wikimedia.org/wikipedia/commons/thumb/3/36/B%C3%B6cksteinkogel%2C_K%C3%B6tschachtal%2C_Bad_Gastein.jpg/1920px-B%C3%B6cksteinkogel%2C_K%C3%B6tschachtal%2C_Bad_Gastein.jpg,0,1db1615b1ef6fc8d
image_1159.hdf5,141595081,building_exterior,wikimedia_commons,https://upload.wikimedia.org/wikipedia/commons/f/f1/USHIMADO_%D0%A2%D0%95%D0%A0%D0%95%D0%9C%D0%9E%D0%9A_exterior_1.jpg,https://commons.wikimedia.org/wiki/File:USHIMADO_%D0%A2%D0%95%D0%A0%D0%95%D0%9C%D0%9E%D0%9A_exterior_1.jpg,CC BY 4.0,,Nux-vomica 1007,File:USHIMADO ТЕРЕМОК exterior 1.jpg,"(4032, 3024)",02077f71820044100a395d2f497ab3a6,https://upload.wikimedia.org/wikipedia/commons/thumb/f/f1/USHIMADO_%D0%A2%D0%95%D0%A0%D0%95%D0%9C%D0%9E%D0%9A_exterior_1.jpg/1920px-USHIMADO_%D0%A2%D0%95%D0%A0%D0%95%D0%9C%D0%9E%D0%9A_exterior_1.jpg,0,f0f0f8322d6d6f6e
image_1160.hdf5,156419986,nature_landscape,wikimedia_commons,https://upload.wikimedia.org/wikipedia/commons/a/af/Pleasant_Hornet_Moth%2C_Palmiet_Nature_Reserve_imported_from_iNaturalist_photo_11653725.jpg,"https://commons.wikimedia.org/wiki/File:Pleasant_Hornet_Moth,_Palmiet_Nature_Reserve_imported_from_iNaturalist_photo_11653725.jpg",CC BY 4.0,,"(c) suncana, some rights reserved (CC BY)","File:Pleasant Hornet Moth, Palmiet Nature Reserve imported from iNaturalist photo 11653725.jpg","(800, 800)",31d8d4fdd1dfae2e45d47cfc12e2420f,https://upload.wikimedia.org/wikipedia/commons/a/af/Pleasant_Hornet_Moth%2C_Palmiet_Nature_Reserve_imported_from_iNaturalist_photo_11653725.jpg,0,20824438f0640000
image_1161.hdf5,98863080,building_exterior,wikimedia_commons,https://upload.wikimedia.org/wikipedia/commons/4/45/1958_Colosseum_Exterior_Maurice_Luyten.jpg,https://commons.wikimedia.org/wiki/File:1958_Colosseum_Exterior_Maurice_Luyten.jpg,CC BY 4.0,https://commons.wikimedia.org/wiki/User:Mauriceluyten,Mauriceluyten,File:1958 Colosseum Exterior Maurice Luyten.jpg,"(2506, 2632)",3ebe58bdca011a09f4cb10a8e23faa7f,https://upload.wikimedia.org/wikipedia/commons/thumb/4/45/1958_Colosseum_Exterior_Maurice_Luyten.jpg/1920px-1958_Colosseum_Exterior_Maurice_Luyten.jpg,0,0f190e2f1d4d4003
image_1162.hdf5,173294182,nature_landscape,wikimedia_commons,https://upload.wikimedia.org/wikipedia/commons/7/75/Dryas_integrifolia_in_Aulavik_National_Park_08.jpg,https://commons.wikimedia.org/wiki/File:Dryas_integrifolia_in_Aulavik_National_Park_08.jpg,CC BY 4.0,,Stephan Sprinz,File:Dryas integrifolia in Aulavik National Park 08.jpg,"(6048, 4024)",62fb1acccf60ae8939acf05e1607f303,https://upload.wikimedia.org/wikipedia/commons/thumb/7/75/Dryas_integrifolia_in_Aulavik_National_Park_08.jpg/1920px-Dryas_integrifolia_in_Aulavik_National_Park_08.jpg,0,6b031b39e1360e1e
image_1163.hdf5,90808234,nature_landscape,wikimedia_commons,https://upload.wikimedia.org/wikipedia/commons/3/37/%D0%9E%D0%B7%D0%B5%D1%80%D0%BE_%D0%A8%D0%B0%D0%B4%D1%85%D1%83%D1%80%D0%B5%D0%B9_%D0%B1%D0%BE%D0%BB%D1%8C%D1%88%D0%BE%D0%B5.jpg,https://commons.wikimedia.org/wiki/File:%D0%9E%D0%B7%D0%B5%D1%80%D0%BE_%D0%A8%D0%B0%D0%B4%D1%85%D1%83%D1%80%D0%B5%D0%B9_%D0%B1%D0%BE%D0%BB%D1%8C%D1%88%D0%BE%D0%B5.jpg,CC BY 4.0,,HoroshilovAleksandr,File:Озеро Шадхурей большое.jpg,"(6000, 4031)",1e67f30c95a73f868a7294285f78c1ba,https://upload.wikimedia.org/wikipedia/commons/thumb/3/37/%D0%9E%D0%B7%D0%B5%D1%80%D0%BE_%D0%A8%D0%B0%D0%B4%D1%85%D1%83%D1%80%D0%B5%D0%B9_%D0%B1%D0%BE%D0%BB%D1%8C%D1%88%D0%BE%D0%B5.jpg/1920px-%D0%9E%D0%B7%D0%B5%D1%80%D0%BE_%D0%A8%D0%B0%D0%B4%D1%85%D1%83%D1%80%D0%B5%D0%B9_%D0%B1%D0%BE%D0%BB%D1%8C%D1%88%D0%BE%D0%B5.jpg,0,263e7e3e53993903
image_1164.hdf5,152015314,building_exterior,wikimedia_commons,https://upload.wikimedia.org/wikipedia/commons/9/91/Prairie_Surf_Studios_exterior.jpg,https://commons.wikimedia.org/wiki/File:Prairie_Surf_Studios_exterior.jpg,CC BY 4.0,,Quintin Soloviev,File:Prairie Surf Studios exterior.jpg,"(2951, 2005)",a45d50b5752671b073904bc452a8d135,https://upload.wikimedia.org/wikipedia/commons/thumb/9/91/Prairie_Surf_Studios_exterior.jpg/1920px-Prairie_Surf_Studios_exterior.jpg,0,d3de58021645dafb
image_1165.hdf5,147956131,nature_landscape,wikimedia_commons,https://upload.wikimedia.org/wikipedia/commons/3/38/At_Raven%27s_Nest%2C_Schoodic_Peninsula%2C_Acadia_National_Park%2C_Maine.jpg,"https://commons.wikimedia.org/wiki/File:At_Raven%27s_Nest,_Schoodic_Peninsula,_Acadia_National_Park,_Maine.jpg",CC BY 4.0,,OKJaguar,"File:At Raven's Nest, Schoodic Peninsula, Acadia National Park, Maine.jpg","(2776, 3702)",ae50fb9c7d7b5cad6e6ebef26337da8d,https://upload.wikimedia.org/wikipedia/commons/thumb/3/38/At_Raven%27s_Nest%2C_Schoodic_Peninsula%2C_Acadia_National_Park%2C_Maine.jpg/1920px-At_Raven%27s_Nest%2C_Schoodic_Peninsula%2C_Acadia_National_Park%2C_Maine.jpg,0,3d8193370b8e0d0d
image_1166.hdf5,170443173,building_exterior,wikimedia_commons,https://upload.wikimedia.org/wikipedia/commons/0/0b/C4DI_building_exterior_Hull.jpg,https://commons.wikimedia.org/wiki/File:C4DI_building_exterior_Hull.jpg,CC BY 4.0,,"Luke Thornton, Influence Media",File:C4DI building exterior Hull.jpg,"(6000, 4002)",d3e7489df5ec413a0a6330b9dba24922,https://upload.wikimedia.org/wikipedia/commons/thumb/0/0b/C4DI_building_exterior_Hull.jpg/1920px-C4DI_building_exterior_Hull.jpg,0,336195358dc94927
image_1167.hdf5,154197274,building_exterior,wikimedia_commons,https://upload.wikimedia.org/wikipedia/commons/1/15/Exterior_of_Bibi-Khanym_Mosque_in_Samarkand_Uzbekistan.jpg,https://commons.wikimedia.org/wiki/File:Exterior_of_Bibi-Khanym_Mosque_in_Samarkand_Uzbekistan.jpg,CC BY 4.0,,Tim Adams,File:Exterior of Bibi-Khanym Mosque in Samarkand Uzbekistan.jpg,"(3079, 4619)",3fd2fe96005040f2db09718f2eb55f4b,https://upload.wikimedia.org/wikipedia/commons/thumb/1/15/Exterior_of_Bibi-Khanym_Mosque_in_Samarkand_Uzbekistan.jpg/1920px-Exterior_of_Bibi-Khanym_Mosque_in_Samarkand_Uzbekistan.jpg,0,931f32333333b7ef
image_1168.hdf5,119494344,building_exterior,wikimedia_commons,https://upload.wikimedia.org/wikipedia/commons/9/9e/%E5%8F%B0%E5%A4%A7%E5%9C%B0%E7%90%86%E7%B3%BB%E9%A4%A8%E9%96%80%E5%BB%8A.jpg,https://commons.wikimedia.org/wiki/File:%E5%8F%B0%E5%A4%A7%E5%9C%B0%E7%90%86%E7%B3%BB%E9%A4%A8%E9%96%80%E5%BB%8A.jpg,CC BY 4.0,,Bighornedowl,File:台大地理系館門廊.jpg,"(11718, 8442)",eeeb2e9833b247873a15c262205579f5,https://upload.wikimedia.org/wikipedia/commons/thumb/9/9e/%E5%8F%B0%E5%A4%A7%E5%9C%B0%E7%90%86%E7%B3%BB%E9%A4%A8%E9%96%80%E5%BB%8A.jpg/1920px-%E5%8F%B0%E5%A4%A7%E5%9C%B0%E7%90%86%E7%B3%BB%E9%A4%A8%E9%96%80%E5%BB%8A.jpg,0,12194f2b2b0e1439
image_1169.hdf5,86251306,building_exterior,wikimedia_commons,https://upload.wikimedia.org/wikipedia/commons/4/4f/Gent_Fernand_Scribedreef_1_-_201661_-_onroerenderfgoed.jpg,https://commons.wikimedia.org/wiki/File:Gent_Fernand_Scribedreef_1_-_201661_-_onroerenderfgoed.jpg,CC BY 4.0,,"Verhelst, Julie",File:Gent Fernand Scribedreef 1 - 201661 - onroerenderfgoed.jpg,"(640, 480)",997844a0d0aee8ea0576553386c1b62c,https://upload.wikimedia.org/wikipedia/commons/4/4f/Gent_Fernand_Scribedreef_1_-_201661_-_onroerenderfgoed.jpg,0,0783d3c1c3431e38
image_1170.hdf5,52449116,building_exterior,wikimedia_commons,https://upload.wikimedia.org/wikipedia/commons/7/70/CAB_de_Burgos%2C_exterior%2C_2016.jpg,"https://commons.wikimedia.org/wiki/File:CAB_de_Burgos,_exterior,_2016.jpg",CC BY 4.0,,Óscar Esquivias,"File:CAB de Burgos, exterior, 2016.jpg","(2976, 3968)",e60770ba33863ca1aeadd44b0230779f,https://upload.wikimedia.org/wikipedia/commons/thumb/7/70/CAB_de_Burgos%2C_exterior%2C_2016.jpg/1920px-CAB_de_Burgos%2C_exterior%2C_2016.jpg,0,ce59ccc6c1c0d0d0
image_1171.hdf5,134366791,building_exterior,wikimedia_commons,https://upload.wikimedia.org/wikipedia/commons/3/39/Shiraz_Silo.jpg,https://commons.wikimedia.org/wiki/File:Shiraz_Silo.jpg,CC BY 4.0,,Amir Sadeghian,File:Shiraz Silo.jpg,"(373, 237)",0428d09a09d510428d343f1376564e34,https://upload.wikimedia.org/wikipedia/commons/3/39/Shiraz_Silo.jpg,0,037ffd68f0316622
image_1172.hdf5,181678429,building_exterior,wikimedia_commons,https://upload.wikimedia.org/wikipedia/commons/4/4a/FTC_Building_sign_Washington_DC_2025-02-07_13-30-31_1.jpg,https://commons.wikimedia.org/wiki/File:FTC_Building_sign_Washington_DC_2025-02-07_13-30-31_1.jpg,CC BY 4.0,,G. Edward Johnson,File:FTC Building sign Washington DC 2025-02-07 13-30-31 1.jpg,"(8256, 5504)",c9b805ca7b11b04d89015bba1a0b379c,https://upload.wikimedia.org/wikipedia/commons/thumb/4/4a/FTC_Building_sign_Washington_DC_2025-02-07_13-30-31_1.jpg/1920px-FTC_Building_sign_Washington_DC_2025-02-07_13-30-31_1.jpg,0,d2d6a2a7a7a58cc6
image_1173.hdf5,184719311,nature_landscape,wikimedia_commons,https://upload.wikimedia.org/wikipedia/commons/7/7b/Southern_Helmeted_Guineafowl%2C_Mount_Zebra_National_Park%2C_South_Africa_imported_from_iNaturalist_photo_108626679.jpg,"https://commons.wikimedia.org/wiki/File:Southern_Helmeted_Guineafowl,_Mount_Zebra_National_Park,_South_Africa_imported_from_iNaturalist_photo_108626679.jpg",CC BY 4.0,,"(c) Christiaan Viljoen, some rights reserved (CC BY)","File:Southern Helmeted Guineafowl, Mount Zebra National Park, South Africa imported from iNaturalist photo 108626679.jpg","(2048, 1536)",b6d31bb1a71a5e9cceec9fd11b26a49e,https://upload.wikimedia.org/wikipedia/commons/thumb/7/7b/Southern_Helmeted_Guineafowl%2C_Mount_Zebra_National_Park%2C_South_Africa_imported_from_iNaturalist_photo_108626679.jpg/1920px-Southern_Helmeted_Guineafowl%2C_Mount_Zebra_National_Park%2C_South_Africa_imported_from_iNaturalist_photo_108626679.jpg,0,7b6959137263e627
image_1174.hdf5,174095425,nature_landscape,wikimedia_commons,https://upload.wikimedia.org/wikipedia/commons/0/05/Central_Chimpanzee%2C_Conkouati-Douli_National_Park_imported_from_iNaturalist_photo_153545935.jpg,"https://commons.wikimedia.org/wiki/File:Central_Chimpanzee,_Conkouati-Douli_National_Park_imported_from_iNaturalist_photo_153545935.jpg",CC BY 4.0,,"(c) Lucy Keith-Diagne, some rights reserved (CC BY)","File:Central Chimpanzee, Conkouati-Douli National Park imported from iNaturalist photo 153545935.jpg","(2048, 1536)",074b4166162f0555716d8a6eeaa43cc1,https://upload.wikimedia.org/wikipedia/commons/thumb/0/05/Central_Chimpanzee%2C_Conkouati-Douli_National_Park_imported_from_iNaturalist_photo_153545935.jpg/1920px-Central_Chimpanzee%2C_Conkouati-Douli_National_Park_imported_from_iNaturalist_photo_153545935.jpg,0,6c666a539329ad2e
image_1175.hdf5,157136597,nature_landscape,wikimedia_commons,https://upload.wikimedia.org/wikipedia/commons/2/27/Argillite%2C_Glacier_National_Park.jpg,"https://commons.wikimedia.org/wiki/File:Argillite,_Glacier_National_Park.jpg",CC BY 4.0,,DaveGinOly,"File:Argillite, Glacier National Park.jpg","(1575, 1050)",3579d9e6c0b9caa9074b098802a3ae77,https://upload.wikimedia.org/wikipedia/commons/2/27/Argillite%2C_Glacier_National_Park.jpg,0,6496e7a23225e999
image_1176.hdf5,91527330,nature_landscape,wikimedia_commons,https://upload.wikimedia.org/wikipedia/commons/b/b8/Jurassic_landscape_with_Karadag_rocks_by_the_sea%2C_Karadag%2C_Crimea.jpg,"https://commons.wikimedia.org/wiki/File:Jurassic_landscape_with_Karadag_rocks_by_the_sea,_Karadag,_Crimea.jpg",CC BY 4.0,,Vyacheslav Argenberg,"File:Jurassic landscape with Karadag rocks by the sea, Karadag, Crimea.jpg","(4912, 3264)",6ea34b632ccdb6db5a62976c609bf165,https://upload.wikimedia.org/wikipedia/commons/thumb/b/b8/Jurassic_landscape_with_Karadag_rocks_by_the_sea%2C_Karadag%2C_Crimea.jpg/1920px-Jurassic_landscape_with_Karadag_rocks_by_the_sea%2C_Karadag%2C_Crimea.jpg,0,b95c68666535bf99
image_1177.hdf5,175638349,nature_landscape,wikimedia_commons,https://upload.wikimedia.org/wikipedia/commons/c/ca/Characteristic_landscape_of_Chenopodiaceae_%2810.3897-BDJ.12.e121541%29_Figure_80c.jpg,https://commons.wikimedia.org/wiki/File:Characteristic_landscape_of_Chenopodiaceae_(10.3897-BDJ.12.e121541)_Figure_80c.jpg,CC BY 4.0,,A. Sukhorukov,File:Characteristic landscape of Chenopodiaceae (10.3897-BDJ.12.e121541) Figure 80c.jpg,"(4272, 2848)",e5354a2a1a958ca4ba6849433d67117e,https://upload.wikimedia.org/wikipedia/commons/thumb/c/ca/Characteristic_landscape_of_Chenopodiaceae_%2810.3897-BDJ.12.e121541%29_Figure_80c.jpg/1920px-Characteristic_landscape_of_Chenopodiaceae_%2810.3897-BDJ.12.e121541%29_Figure_80c.jpg,0,9d0dab1375ac6fcb
image_1178.hdf5,154040909,building_exterior,wikimedia_commons,https://upload.wikimedia.org/wikipedia/commons/f/f9/Exterior_of_Manaoag_Church_-_June_2023.jpg,https://commons.wikimedia.org/wiki/File:Exterior_of_Manaoag_Church_-_June_2023.jpg,CC BY 4.0,,EyeTrick,File:Exterior of Manaoag Church - June 2023.jpg,"(4608, 3456)",554ca3412cc65ac647aedcf1b1111355,https://upload.wikimedia.org/wikipedia/commons/thumb/f/f9/Exterior_of_Manaoag_Church_-_June_2023.jpg/1920px-Exterior_of_Manaoag_Church_-_June_2023.jpg,0,f8b273bf09471b52
image_1179.hdf5,47947195,building_exterior,wikimedia_commons,https://upload.wikimedia.org/wikipedia/commons/3/3e/Kish_International_Airport_in_Norouz_06.jpg,https://commons.wikimedia.org/wiki/File:Kish_International_Airport_in_Norouz_06.jpg,CC BY 4.0,,Hossein Tahouri,File:Kish International Airport in Norouz 06.jpg,"(800, 475)",bc2a0179000be05b9acb2d2a266c032c,https://upload.wikimedia.org/wikipedia/commons/3/3e/Kish_International_Airport_in_Norouz_06.jpg,0,0f0f3f1f4ec90327
image_1180.hdf5,153118860,nature_landscape,wikimedia_commons,https://upload.wikimedia.org/wikipedia/commons/2/24/Panduru_Tank_view_from_NH_216.jpg,https://commons.wikimedia.org/wiki/File:Panduru_Tank_view_from_NH_216.jpg,CC BY 4.0,,Adityamadhav83,File:Panduru Tank view from NH 216.jpg,"(3378, 2318)",6f0f20ac74cb58b5065f58879c5b5d8e,https://upload.wikimedia.org/wikipedia/commons/thumb/2/24/Panduru_Tank_view_from_NH_216.jpg/1920px-Panduru_Tank_view_from_NH_216.jpg,0,341410020434744b
image_1181.hdf5,138849299,nature_landscape,wikimedia_commons,https://upload.wikimedia.org/wikipedia/commons/2/20/Heterocercus_aurantiivertex_Orange-crested_Manakin%3B_Yasuni_National_Park%2C_Ecuador.jpg,"https://commons.wikimedia.org/wiki/File:Heterocercus_aurantiivertex_Orange-crested_Manakin;_Yasuni_National_Park,_Ecuador.jpg",CC BY 4.0,,Abby Darrah,"File:Heterocercus aurantiivertex Orange-crested Manakin; Yasuni National Park, Ecuador.jpg","(933, 700)",f69c5abc7eefb927154a2c7197b675da,https://upload.wikimedia.org/wikipedia/commons/2/20/Heterocercus_aurantiivertex_Orange-crested_Manakin%3B_Yasuni_National_Park%2C_Ecuador.jpg,0,a7e7e366616979cb
image_1182.hdf5,166192636,building_exterior,wikimedia_commons,https://upload.wikimedia.org/wikipedia/commons/4/46/Chiesa_immacolata_fagnano_castello.jpg,https://commons.wikimedia.org/wiki/File:Chiesa_immacolata_fagnano_castello.jpg,CC BY 4.0,,Tuttoleone64,File:Chiesa immacolata fagnano castello.jpg,"(1500, 2000)",4d5f3d73c8ed82c2394d9cbfe7e4f4f4,https://upload.wikimedia.org/wikipedia/commons/4/46/Chiesa_immacolata_fagnano_castello.jpg,0,f8c99793b3b31af6
image_1183.hdf5,162429879,building_exterior,wikimedia_commons,https://upload.wikimedia.org/wikipedia/commons/1/15/Suzhounan_Railway_Station_Exterior_in_Jiangsu%2C_China_20250315.jpg,"https://commons.wikimedia.org/wiki/File:Suzhounan_Railway_Station_Exterior_in_Jiangsu,_China_20250315.jpg",CC BY 4.0,,4084470 0.smil,"File:Suzhounan Railway Station Exterior in Jiangsu, China 20250315.jpg","(4096, 3072)",e65792c98cb7991bbc7a561b63d07df6,https://upload.wikimedia.org/wikipedia/commons/thumb/1/15/Suzhounan_Railway_Station_Exterior_in_Jiangsu%2C_China_20250315.jpg/1920px-Suzhounan_Railway_Station_Exterior_in_Jiangsu%2C_China_20250315.jpg,0,63550121a1242b97
image_1184.hdf5,86855521,building_exterior,wikimedia_commons,https://upload.wikimedia.org/wikipedia/commons/5/59/Gent_Parklaan_28_-_261491_-_onroerenderfgoed.jpg,https://commons.wikimedia.org/wiki/File:Gent_Parklaan_28_-_261491_-_onroerenderfgoed.jpg,CC BY 4.0,,"Declercq, Daan",File:Gent Parklaan 28 - 261491 - onroerenderfgoed.jpg,"(957, 1440)",c542504a53bfbe6eaf6505e20485b8ea,https://upload.wikimedia.org/wikipedia/commons/5/59/Gent_Parklaan_28_-_261491_-_onroerenderfgoed.jpg,0,afcf3332325a5b87
image_1185.hdf5,169705638,nature_landscape,wikimedia_commons,https://upload.wikimedia.org/wikipedia/commons/8/80/Break_in_Cloud_on_Seven_Sisters_Walk_in_South_Downs_National_Park.jpg,https://commons.wikimedia.org/wiki/File:Break_in_Cloud_on_Seven_Sisters_Walk_in_South_Downs_National_Park.jpg,CC BY 4.0,,Chatmunk,File:Break in Cloud on Seven Sisters Walk in South Downs National Park.jpg,"(4032, 3024)",c8b7de2cf707569adfae9bd3a63e4bbf,https://upload.wikimedia.org/wikipedia/commons/thumb/8/80/Break_in_Cloud_on_Seven_Sisters_Walk_in_South_Downs_National_Park.jpg/1920px-Break_in_Cloud_on_Seven_Sisters_Walk_in_South_Downs_National_Park.jpg,0,1f1f3f3779dd8202
image_1186.hdf5,178513381,nature_landscape,wikimedia_commons,https://upload.wikimedia.org/wikipedia/commons/d/d2/Sitta_magna%2C_Doi_Pha_Hom_Pok_National_Park%2C_Thailand_104701647.jpg,"https://commons.wikimedia.org/wiki/File:Sitta_magna,_Doi_Pha_Hom_Pok_National_Park,_Thailand_104701647.jpg",CC BY 4.0,https://www.inaturalist.org/people/christoph_moning,christoph_moning,"File:Sitta magna, Doi Pha Hom Pok National Park, Thailand 104701647.jpg","(1278, 852)",d0500c667ebd232c06e251c3c57fe4d9,https://upload.wikimedia.org/wikipedia/commons/d/d2/Sitta_magna%2C_Doi_Pha_Hom_Pok_National_Park%2C_Thailand_104701647.jpg,0,303c3eb6fefcf5f5
image_1187.hdf5,194005071,nature_landscape,wikimedia_commons,https://upload.wikimedia.org/wikipedia/commons/5/59/Boardwalk_on_the_Anhinga_Trail%2C_Everglades_National_Park%2C_Florida.jpg,"https://commons.wikimedia.org/wiki/File:Boardwalk_on_the_Anhinga_Trail,_Everglades_National_Park,_Florida.jpg",CC BY 4.0,,Allen Lubitz,"File:Boardwalk on the Anhinga Trail, Everglades National Park, Florida.jpg","(343, 500)",d92ba2f7869a22841ae98e0baf996b47,https://upload.wikimedia.org/wikipedia/commons/5/59/Boardwalk_on_the_Anhinga_Trail%2C_Everglades_National_Park%2C_Florida.jpg,0,818a9933be93889e
image_1188.hdf5,189283822,nature_landscape,wikimedia_commons,https://upload.wikimedia.org/wikipedia/commons/f/f9/Mount_Fuppushi_Shikotsu_Toya_National_Park_Hokkaido_Japan.jpg,https://commons.wikimedia.org/wiki/File:Mount_Fuppushi_Shikotsu_Toya_National_Park_Hokkaido_Japan.jpg,CC BY 4.0,,GeoAxisDrones,File:Mount Fuppushi Shikotsu Toya National Park Hokkaido Japan.jpg,"(1600, 1199)",64230c1d4c323d6bd7535d7fc4ccfff2,https://upload.wikimedia.org/wikipedia/commons/f/f9/Mount_Fuppushi_Shikotsu_Toya_National_Park_Hokkaido_Japan.jpg,0,07330302c4cc6402
image_1189.hdf5,152477210,building_exterior,wikimedia_commons,https://upload.wikimedia.org/wikipedia/commons/2/24/Buckfast_Abbey%2C_Exterior_VI.jpg,"https://commons.wikimedia.org/wiki/File:Buckfast_Abbey,_Exterior_VI.jpg",CC BY 4.0,,Stefan Schwarz,"File:Buckfast Abbey, Exterior VI.jpg","(7498, 5000)",9dfac6d0004d37d49046f3b23c984d8d,https://upload.wikimedia.org/wikipedia/commons/thumb/2/24/Buckfast_Abbey%2C_Exterior_VI.jpg/1920px-Buckfast_Abbey%2C_Exterior_VI.jpg,0,0d9313d3831749ac
image_1190.hdf5,158997173,nature_landscape,wikimedia_commons,https://upload.wikimedia.org/wikipedia/commons/2/29/Chaetosphaeria_phaeostromoides%2C_Attenborough_Nature_Reserve%2C_Nottingham%2C_England%2C_GB_imported_from_iNaturalist_photo_6835328.jpg,"https://commons.wikimedia.org/wiki/File:Chaetosphaeria_phaeostromoides,_Attenborough_Nature_Reserve,_Nottingham,_England,_GB_imported_from_iNaturalist_photo_6835328.jpg",CC BY 4.0,,"(c) Paul Cook, some rights reserved (CC BY)","File:Chaetosphaeria phaeostromoides, Attenborough Nature Reserve, Nottingham, England, GB imported from iNaturalist photo 6835328.jpg","(2048, 1719)",cfa9378012f9233233a92da48ec29ad0,https://upload.wikimedia.org/wikipedia/commons/thumb/2/29/Chaetosphaeria_phaeostromoides%2C_Attenborough_Nature_Reserve%2C_Nottingham%2C_England%2C_GB_imported_from_iNaturalist_photo_6835328.jpg/1920px-Chaetosphaeria_phaeostromoides%2C_Attenborough_Nature_Reserve%2C_Nottingham%2C_England%2C_GB_imported_from_iNaturalist_photo_6835328.jpg,0,6c8cc8040480c86d
image_1191.hdf5,123819701,nature_landscape,wikimedia_commons,https://upload.wikimedia.org/wikipedia/commons/2/20/Eurimbula_National_Park_%2810.5852-ejt.2022.836.1917%29_Figure_10.png,https://commons.wikimedia.org/wiki/File:Eurimbula_National_Park_(10.5852-ejt.2022.836.1917)_Figure_10.png,CC BY 4.0,,"Constant, J., Semeraro, L., &amp; Moir, M. L. (2022). Australian Cleotychini planthoppers: review of the genus <i>Cleotyche</i> Emeljanov, 1997 with three new species (Hemiptera: Fulgoromorpha: Dictyopharidae). <i>European Journal of Taxonomy</i>, 836(1), 66–95.",File:Eurimbula National Park (10.5852-ejt.2022.836.1917) Figure 10.png,"(2208, 1657)",9fcf7b232ecfdbc78e115f125cf61ab5,https://upload.wikimedia.org/wikipedia/commons/thumb/2/20/Eurimbula_National_Park_%2810.5852-ejt.2022.836.1917%29_Figure_10.png/1920px-Eurimbula_National_Park_%2810.5852-ejt.2022.836.1917%29_Figure_10.png,0,979f5fc948061eb7
image_1192.hdf5,86934652,building_exterior,wikimedia_commons,https://upload.wikimedia.org/wikipedia/commons/5/52/Machelen_Sint-Katharinastraat_12-14_-_19543_-_onroerenderfgoed.jpg,https://commons.wikimedia.org/wiki/File:Machelen_Sint-Katharinastraat_12-14_-_19543_-_onroerenderfgoed.jpg,CC BY 4.0,,"Steyaert, Rita",File:Machelen Sint-Katharinastraat 12-14 - 19543 - onroerenderfgoed.jpg,"(591, 866)",41dbc22b9208d18d2488fb37a324b006,https://upload.wikimedia.org/wikipedia/commons/5/52/Machelen_Sint-Katharinastraat_12-14_-_19543_-_onroerenderfgoed.jpg,0,9f7bc911edcdd2f0
image_1193.hdf5,192924727,nature_landscape,wikimedia_commons,https://upload.wikimedia.org/wikipedia/commons/7/7f/Danska_Fallen_i_Siml%C3%A5ngsdalen.jpg,https://commons.wikimedia.org/wiki/File:Danska_Fallen_i_Siml%C3%A5ngsdalen.jpg,CC BY 4.0,,Marl Dantes,File:Danska Fallen i Simlångsdalen.jpg,"(2576, 1932)",f7facaaf8430011379530043e92d1a73,https://upload.wikimedia.org/wikipedia/commons/thumb/7/7f/Danska_Fallen_i_Siml%C3%A5ngsdalen.jpg/1920px-Danska_Fallen_i_Siml%C3%A5ngsdalen.jpg,0,6343858199939399
image_1194.hdf5,160563354,building_exterior,wikimedia_commons,https://upload.wikimedia.org/wikipedia/commons/7/7d/JCRG_%E2%80%93_Flachbau_HOF3196-HDR_RAW-Export.jpg,https://commons.wikimedia.org/wiki/File:JCRG_%E2%80%93_Flachbau_HOF3196-HDR_RAW-Export.jpg,CC BY 4.0,,PantheraLeo1359531,File:JCRG – Flachbau HOF3196-HDR RAW-Export.jpg,"(9490, 6327)",d887e440be4f6a49c32adc93b23fcf2a,https://upload.wikimedia.org/wikipedia/commons/thumb/7/7d/JCRG_%E2%80%93_Flachbau_HOF3196-HDR_RAW-Export.jpg/1920px-JCRG_%E2%80%93_Flachbau_HOF3196-HDR_RAW-Export.jpg,0,340b86e1c0c0233b
image_1195.hdf5,83291227,building_exterior,wikimedia_commons,https://upload.wikimedia.org/wikipedia/commons/2/24/Brescia_Cattedrale_di_Santa_Maria_Assunta_Kuppel_5.jpg,https://commons.wikimedia.org/wiki/File:Brescia_Cattedrale_di_Santa_Maria_Assunta_Kuppel_5.jpg,CC BY 4.0,,Zairon,File:Brescia Cattedrale di Santa Maria Assunta Kuppel 5.jpg,"(4550, 3392)",49db53390fd6d456b0b38c2af6df4b73,https://upload.wikimedia.org/wikipedia/commons/thumb/2/24/Brescia_Cattedrale_di_Santa_Maria_Assunta_Kuppel_5.jpg/1920px-Brescia_Cattedrale_di_Santa_Maria_Assunta_Kuppel_5.jpg,0,37d3b434f5db83c7
image_1196.hdf5,163286766,nature_landscape,wikimedia_commons,https://upload.wikimedia.org/wikipedia/commons/e/e3/Giant_Sea_Fan%2C_Ras_Mohammed_National_Park%2C_SA-TB%2C_SA_imported_from_iNaturalist_photo_246825618.jpg,"https://commons.wikimedia.org/wiki/File:Giant_Sea_Fan,_Ras_Mohammed_National_Park,_SA-TB,_SA_imported_from_iNaturalist_photo_246825618.jpg",CC BY 4.0,,"(c) Michael Bakker Paiva, some rights reserved (CC BY)","File:Giant Sea Fan, Ras Mohammed National Park, SA-TB, SA imported from iNaturalist photo 246825618.jpg","(2048, 1536)",921dfa1ca191487b38893b9110b0698d,https://upload.wikimedia.org/wikipedia/commons/thumb/e/e3/Giant_Sea_Fan%2C_Ras_Mohammed_National_Park%2C_SA-TB%2C_SA_imported_from_iNaturalist_photo_246825618.jpg/1920px-Giant_Sea_Fan%2C_Ras_Mohammed_National_Park%2C_SA-TB%2C_SA_imported_from_iNaturalist_photo_246825618.jpg,0,180e0f1d6b214261
image_1197.hdf5,178433823,building_exterior,wikimedia_commons,https://upload.wikimedia.org/wikipedia/commons/0/04/2016-10_Wien_%2872%29.jpg,https://commons.wikimedia.org/wiki/File:2016-10_Wien_(72).jpg,CC BY 4.0,,Marek Mróz,File:2016-10 Wien (72).jpg,"(2792, 1861)",9b0ebff8ef0ef118606e0ea1caf5c4a1,https://upload.wikimedia.org/wikipedia/commons/thumb/0/04/2016-10_Wien_%2872%29.jpg/1920px-2016-10_Wien_%2872%29.jpg,0,b68633b2aa2b323d
image_1198.hdf5,101305369,nature_landscape,wikimedia_commons,https://upload.wikimedia.org/wikipedia/commons/5/55/Trees_at_Goomoolahra_Falls%2C_Springbrook_National_Park.jpg,"https://commons.wikimedia.org/wiki/File:Trees_at_Goomoolahra_Falls,_Springbrook_National_Park.jpg",CC BY 4.0,,John Tasker,"File:Trees at Goomoolahra Falls, Springbrook National Park.jpg","(960, 640)",76f01a3ea4a0e2782c434b095672edf7,https://upload.wikimedia.org/wikipedia/commons/5/55/Trees_at_Goomoolahra_Falls%2C_Springbrook_National_Park.jpg,0,2f83d21a3a8babef
image_1199.hdf5,187745193,nature_landscape,wikimedia_commons,https://upload.wikimedia.org/wikipedia/commons/0/01/Moscow_-_2025_-_Vorobyovy_Gory_Nature_Reserve.jpg,https://commons.wikimedia.org/wiki/File:Moscow_-_2025_-_Vorobyovy_Gory_Nature_Reserve.jpg,CC BY 4.0,,Юрий Д.К.,File:Moscow - 2025 - Vorobyovy Gory Nature Reserve.jpg,"(8088, 5432)",c03296ba5c1d571365bf4e2f043c3c36,https://upload.wikimedia.org/wikipedia/commons/thumb/0/01/Moscow_-_2025_-_Vorobyovy_Gory_Nature_Reserve.jpg/1920px-Moscow_-_2025_-_Vorobyovy_Gory_Nature_Reserve.jpg,0,604141e323000e0f
image_1200.hdf5,146114344,nature_landscape,wikimedia_commons,https://upload.wikimedia.org/wikipedia/commons/1/1e/Elephant-3-bannerghatta_national_park-bangalore-India.jpg,https://commons.wikimedia.org/wiki/File:Elephant-3-bannerghatta_national_park-bangalore-India.jpg,CC BY 4.0,,Yercaud-elango,File:Elephant-3-bannerghatta national park-bangalore-India.jpg,"(4608, 3456)",2a6bebc47f88326af9c3c2e8b528f74c,https://upload.wikimedia.org/wikipedia/commons/thumb/1/1e/Elephant-3-bannerghatta_national_park-bangalore-India.jpg/1920px-Elephant-3-bannerghatta_national_park-bangalore-India.jpg,0,33d0d991a969888c
image_1201.hdf5,90519803,nature_landscape,wikimedia_commons,https://upload.wikimedia.org/wikipedia/commons/4/45/Keutschacher_See%2C_K%C3%A4rnten.jpg,"https://commons.wikimedia.org/wiki/File:Keutschacher_See,_K%C3%A4rnten.jpg",CC BY 4.0,,Naturpuur,"File:Keutschacher See, Kärnten.jpg","(1500, 946)",250fd3524c7dbfd7fe50586a2727444e,https://upload.wikimedia.org/wikipedia/commons/4/45/Keutschacher_See%2C_K%C3%A4rnten.jpg,0,100716cd27276fdb
image_1202.hdf5,176418881,nature_landscape,wikimedia_commons,https://upload.wikimedia.org/wikipedia/commons/7/77/Japanese_White_Pine_%28Pinus_parviflora%29%2C_Zao_National_Park%2C_Miyagi_Prefecture%2C_Japan_1.jpg,"https://commons.wikimedia.org/wiki/File:Japanese_White_Pine_(Pinus_parviflora),_Zao_National_Park,_Miyagi_Prefecture,_Japan_1.jpg",CC BY 4.0,https://www.inaturalist.org/people/tokue,tokue,"File:Japanese White Pine (Pinus parviflora), Zao National Park, Miyagi Prefecture, Japan 1.jpg","(2048, 1536)",0f3fba53808bced9683aaef791dd1b4c,https://upload.wikimedia.org/wikipedia/commons/thumb/7/77/Japanese_White_Pine_%28Pinus_parviflora%29%2C_Zao_National_Park%2C_Miyagi_Prefecture%2C_Japan_1.jpg/1920px-Japanese_White_Pine_%28Pinus_parviflora%29%2C_Zao_National_Park%2C_Miyagi_Prefecture%2C_Japan_1.jpg,0,a4e180186c700c25
image_1203.hdf5,131933234,nature_landscape,wikimedia_commons,https://upload.wikimedia.org/wikipedia/commons/d/d7/Bj%C3%A4rreds_Saltsj%C3%B6bads_naturreservat_2023-2.png,https://commons.wikimedia.org/wiki/File:Bj%C3%A4rreds_Saltsj%C3%B6bads_naturreservat_2023-2.png,CC BY 4.0,,Jimmy Seiersen,File:Bjärreds Saltsjöbads naturreservat 2023-2.png,"(6000, 3760)",9a68b040030443408f58294a604fd578,https://upload.wikimedia.org/wikipedia/commons/thumb/d/d7/Bj%C3%A4rreds_Saltsj%C3%B6bads_naturreservat_2023-2.png/1920px-Bj%C3%A4rreds_Saltsj%C3%B6bads_naturreservat_2023-2.png,0,94b44dedc9954462
image_1204.hdf5,69896947,building_exterior,wikimedia_commons,https://upload.wikimedia.org/wikipedia/commons/9/93/A_Corner_of_Bundestag%2C_Aug_2016.png,"https://commons.wikimedia.org/wiki/File:A_Corner_of_Bundestag,_Aug_2016.png",CC BY 4.0,,Zhxq,"File:A Corner of Bundestag, Aug 2016.png","(6000, 4000)",4c116e05c3397a098e724dded60fd624,https://upload.wikimedia.org/wikipedia/commons/thumb/9/93/A_Corner_of_Bundestag%2C_Aug_2016.png/1920px-A_Corner_of_Bundestag%2C_Aug_2016.png,0,3f3fbffbf979dcdc
image_1205.hdf5,183848896,nature_landscape,wikimedia_commons,https://upload.wikimedia.org/wikipedia/commons/0/06/Evening_view_near_Gribdale_Gate3.jpg,https://commons.wikimedia.org/wiki/File:Evening_view_near_Gribdale_Gate3.jpg,CC BY 4.0,,Chris Combe,File:Evening view near Gribdale Gate3.jpg,"(5579, 3719)",74ad328228507909738ae9482d0d1e31,https://upload.wikimedia.org/wikipedia/commons/thumb/0/06/Evening_view_near_Gribdale_Gate3.jpg/1920px-Evening_view_near_Gribdale_Gate3.jpg,0,80000103265fd3b7
image_1206.hdf5,53099977,building_exterior,wikimedia_commons,https://upload.wikimedia.org/wikipedia/commons/2/21/Les_Baux-de-Provence_cf03.jpg,https://commons.wikimedia.org/wiki/File:Les_Baux-de-Provence_cf03.jpg,CC BY 4.0,,Christian Ferrer,File:Les Baux-de-Provence cf03.jpg,"(4730, 7088)",0309256e009bd78bf6d46e66b2d9f33a,https://upload.wikimedia.org/wikipedia/commons/thumb/2/21/Les_Baux-de-Provence_cf03.jpg/1920px-Les_Baux-de-Provence_cf03.jpg,0,cd9e272361664605
image_1207.hdf5,105786964,nature_landscape,wikimedia_commons,https://upload.wikimedia.org/wikipedia/commons/7/78/Cafe.FriescheVeen_MeerWeg.Haren.DeBraak.0782.jpg,https://commons.wikimedia.org/wiki/File:Cafe.FriescheVeen_MeerWeg.Haren.DeBraak.0782.jpg,CC BY 4.0,,Ahospers,File:Cafe.FriescheVeen MeerWeg.Haren.DeBraak.0782.jpg,"(3264, 2448)",0859eb57209297d177eb392d0b76cf01,https://upload.wikimedia.org/wikipedia/commons/thumb/7/78/Cafe.FriescheVeen_MeerWeg.Haren.DeBraak.0782.jpg/1920px-Cafe.FriescheVeen_MeerWeg.Haren.DeBraak.0782.jpg,0,8000030411130327
image_1208.hdf5,167432210,building_exterior,wikimedia_commons,https://upload.wikimedia.org/wikipedia/commons/1/15/Renaissance_Revival_-_Hammonton%2C_NJ_-_Trowbridge_Building_%281%29.jpg,"https://commons.wikimedia.org/wiki/File:Renaissance_Revival_-_Hammonton,_NJ_-_Trowbridge_Building_(1).jpg",CC BY 4.0,,Bmzuckerman,"File:Renaissance Revival - Hammonton, NJ - Trowbridge Building (1).jpg","(3024, 4032)",3118830667c89d3321967794d166c92c,https://upload.wikimedia.org/wikipedia/commons/thumb/1/15/Renaissance_Revival_-_Hammonton%2C_NJ_-_Trowbridge_Building_%281%29.jpg/1920px-Renaissance_Revival_-_Hammonton%2C_NJ_-_Trowbridge_Building_%281%29.jpg,0,eef4aca2787aceba
image_1209.hdf5,157902369,building_exterior,wikimedia_commons,https://upload.wikimedia.org/wikipedia/commons/4/43/Exterior_of_ECHO%2C_Leahy_Center_for_Lake_Champlain.jpg,"https://commons.wikimedia.org/wiki/File:Exterior_of_ECHO,_Leahy_Center_for_Lake_Champlain.jpg",CC BY 4.0,,Cbcrowley74,"File:Exterior of ECHO, Leahy Center for Lake Champlain.jpg","(3600, 2598)",226964d04f50f6e8450f35fb8b1e5a60,https://upload.wikimedia.org/wikipedia/commons/thumb/4/43/Exterior_of_ECHO%2C_Leahy_Center_for_Lake_Champlain.jpg/1920px-Exterior_of_ECHO%2C_Leahy_Center_for_Lake_Champlain.jpg,0,6f36b4db4b4a4146
image_1210.hdf5,87147591,building_exterior,wikimedia_commons,https://upload.wikimedia.org/wikipedia/commons/9/91/Oudenaarde_Ename_Enameplein_zonder_nummer_Sint-Laurentiuskerk_Ename_-_227011_-_onroerenderfgoed.jpg,https://commons.wikimedia.org/wiki/File:Oudenaarde_Ename_Enameplein_zonder_nummer_Sint-Laurentiuskerk_Ename_-_227011_-_onroerenderfgoed.jpg,CC BY 4.0,,"Schepens, Annelies",File:Oudenaarde Ename Enameplein zonder nummer Sint-Laurentiuskerk Ename - 227011 - onroerenderfgoed.jpg,"(1440, 1080)",3b4dab62bf9ccdb864c9314e28946bfe,https://upload.wikimedia.org/wikipedia/commons/9/91/Oudenaarde_Ename_Enameplein_zonder_nummer_Sint-Laurentiuskerk_Ename_-_227011_-_onroerenderfgoed.jpg,0,3f9f87079733303c
image_1211.hdf5,176812690,building_exterior,wikimedia_commons,https://upload.wikimedia.org/wikipedia/commons/5/52/Cath%C3%A9drale_Saint-Lazare_d%E2%80%99Autun%2C_gargouille_fa%C3%A7ade_est.jpg,"https://commons.wikimedia.org/wiki/File:Cath%C3%A9drale_Saint-Lazare_d%E2%80%99Autun,_gargouille_fa%C3%A7ade_est.jpg",CC BY 4.0,,Charlottedolma,"File:Cathédrale Saint-Lazare d’Autun, gargouille façade est.jpg","(4352, 3264)",4462775a125637f3703a48f24006eb77,https://upload.wikimedia.org/wikipedia/commons/thumb/5/52/Cath%C3%A9drale_Saint-Lazare_d%E2%80%99Autun%2C_gargouille_fa%C3%A7ade_est.jpg/1920px-Cath%C3%A9drale_Saint-Lazare_d%E2%80%99Autun%2C_gargouille_fa%C3%A7ade_est.jpg,0,15b5e0636646263d
image_1212.hdf5,148130042,nature_landscape,wikimedia_commons,https://upload.wikimedia.org/wikipedia/commons/c/c5/Nature_hugs.jpg,https://commons.wikimedia.org/wiki/File:Nature_hugs.jpg,CC BY 4.0,,Nilofar1372,File:Nature hugs.jpg,"(4624, 3468)",34cc695d40ded619b2d2c7a04322204a,https://upload.wikimedia.org/wikipedia/commons/thumb/c/c5/Nature_hugs.jpg/1920px-Nature_hugs.jpg,0,65bc3cae9a9a3a9b
image_1213.hdf5,97027016,building_exterior,wikimedia_commons,https://upload.wikimedia.org/wikipedia/commons/9/98/Ketchikan_From_Dock.jpg,https://commons.wikimedia.org/wiki/File:Ketchikan_From_Dock.jpg,CC BY 4.0,https://en.wikipedia.org/wiki/User:Dpm12,Dpm12,File:Ketchikan From Dock.jpg,"(960, 720)",fc9a006126d82608f827815eeecfeecc,https://upload.wikimedia.org/wikipedia/commons/9/98/Ketchikan_From_Dock.jpg,0,9d9a23a3292aee9f
image_1214.hdf5,63545284,nature_landscape,wikimedia_commons,https://upload.wikimedia.org/wikipedia/commons/5/54/Agriocnemis_falcifera_2017_10_22_1465.jpg,https://commons.wikimedia.org/wiki/File:Agriocnemis_falcifera_2017_10_22_1465.jpg,CC BY 4.0,,Alandmanson,File:Agriocnemis falcifera 2017 10 22 1465.jpg,"(4735, 2784)",081ce392fb32722495ac58ce0d3dd1aa,https://upload.wikimedia.org/wikipedia/commons/thumb/5/54/Agriocnemis_falcifera_2017_10_22_1465.jpg/1920px-Agriocnemis_falcifera_2017_10_22_1465.jpg,0,060f3871678c3367
image_1215.hdf5,153009859,building_exterior,wikimedia_commons,https://upload.wikimedia.org/wikipedia/commons/8/82/Nanjing_Youth_Olmypic_Park_Exterior.jpg,https://commons.wikimedia.org/wiki/File:Nanjing_Youth_Olmypic_Park_Exterior.jpg,CC BY 4.0,,CurtNeiMeng,File:Nanjing Youth Olmypic Park Exterior.jpg,"(2048, 1536)",e81691b78bb68c12c68418131e7ca779,https://upload.wikimedia.org/wikipedia/commons/thumb/8/82/Nanjing_Youth_Olmypic_Park_Exterior.jpg/1920px-Nanjing_Youth_Olmypic_Park_Exterior.jpg,0,7e1bfc7d11c9e683
image_1216.hdf5,177517621,building_exterior,wikimedia_commons,https://upload.wikimedia.org/wikipedia/commons/b/bc/Visitor_toilet%2C_Rose_Hellaby_House.jpg,"https://commons.wikimedia.org/wiki/File:Visitor_toilet,_Rose_Hellaby_House.jpg",CC BY 4.0,,Bjankuloski06,"File:Visitor toilet, Rose Hellaby House.jpg","(4000, 6000)",469df76931f8cce2cae6bf58744c927d,https://upload.wikimedia.org/wikipedia/commons/thumb/b/bc/Visitor_toilet%2C_Rose_Hellaby_House.jpg/1920px-Visitor_toilet%2C_Rose_Hellaby_House.jpg,0,c2b2313436363616
image_1217.hdf5,142346493,building_exterior,wikimedia_commons,https://upload.wikimedia.org/wikipedia/commons/7/7f/The_Naamat_Women_Central_Committee_invited_Defence_Minister_Yitzhak_Rabin_to_visit_%28FL45843195%29.jpg,https://commons.wikimedia.org/wiki/File:The_Naamat_Women_Central_Committee_invited_Defence_Minister_Yitzhak_Rabin_to_visit_(FL45843195).jpg,CC BY 4.0,https://commons.wikimedia.org/wiki/User:Geagea,Geagea,File:The Naamat Women Central Committee invited Defence Minister Yitzhak Rabin to visit (FL45843195).jpg,"(3343, 2072)",c796ed1ac1da1e5c7c6ad034dbb5c126,https://upload.wikimedia.org/wikipedia/commons/thumb/7/7f/The_Naamat_Women_Central_Committee_invited_Defence_Minister_Yitzhak_Rabin_to_visit_%28FL45843195%29.jpg/1920px-The_Naamat_Women_Central_Committee_invited_Defence_Minister_Yitzhak_Rabin_to_visit_%28FL45843195%29.jpg,0,eaca4a4a6b635655
image_1218.hdf5,143592696,building_exterior,wikimedia_commons,https://upload.wikimedia.org/wikipedia/commons/a/aa/Church_of_St._Rose_of_Lima_W.jpg,https://commons.wikimedia.org/wiki/File:Church_of_St._Rose_of_Lima_W.jpg,CC BY 4.0,,McGhiever,File:Church of St. Rose of Lima W.jpg,"(1920, 2560)",809fcae31016587d2285fdc33c7a4c2e,https://upload.wikimedia.org/wikipedia/commons/a/aa/Church_of_St._Rose_of_Lima_W.jpg,0,880c0f21676b7c7e
image_1219.hdf5,178946306,nature_landscape,wikimedia_commons,https://upload.wikimedia.org/wikipedia/commons/2/2b/Sackmatten_nature_reserve_02.jpg,https://commons.wikimedia.org/wiki/File:Sackmatten_nature_reserve_02.jpg,CC BY 4.0,,Arkelin,File:Sackmatten nature reserve 02.jpg,"(4032, 3024)",58b0815cc86ac466dbb7f6c87905edae,https://upload.wikimedia.org/wikipedia/commons/thumb/2/2b/Sackmatten_nature_reserve_02.jpg/1920px-Sackmatten_nature_reserve_02.jpg,0,0c1979cb0963063b
image_1220.hdf5,171853617,nature_landscape,wikimedia_commons,https://upload.wikimedia.org/wikipedia/commons/8/83/Antelopes_at_Nairobi_National_Park-2.jpg,https://commons.wikimedia.org/wiki/File:Antelopes_at_Nairobi_National_Park-2.jpg,CC BY 4.0,,Brihaspati,File:Antelopes at Nairobi National Park-2.jpg,"(4608, 3072)",23ce8101d1e1c28f947ac38a67a0036c,https://upload.wikimedia.org/wikipedia/commons/thumb/8/83/Antelopes_at_Nairobi_National_Park-2.jpg/1920px-Antelopes_at_Nairobi_National_Park-2.jpg,0,7f3f3f1e0c0f0e81
image_1221.hdf5,176900002,building_exterior,wikimedia_commons,https://upload.wikimedia.org/wikipedia/commons/2/23/Clear_glass_with_water_dews.jpg,https://commons.wikimedia.org/wiki/File:Clear_glass_with_water_dews.jpg,CC BY 4.0,,Juairiaa,File:Clear glass with water dews.jpg,"(3072, 4080)",7a657c9579125547058a52f1f123d8b8,https://upload.wikimedia.org/wikipedia/commons/thumb/2/23/Clear_glass_with_water_dews.jpg/1920px-Clear_glass_with_water_dews.jpg,0,0b0c04090527e6d9
image_1222.hdf5,161634363,building_exterior,wikimedia_commons,https://upload.wikimedia.org/wikipedia/commons/f/f9/T%C3%BCrkiye_%C4%B0%C5%9F_Bankas%C4%B1_M%C3%BCzesi_2025.jpg,https://commons.wikimedia.org/wiki/File:T%C3%BCrkiye_%C4%B0%C5%9F_Bankas%C4%B1_M%C3%BCzesi_2025.jpg,CC BY 4.0,,Homakes,File:Türkiye İş Bankası Müzesi 2025.jpg,"(4000, 3000)",af324b5a3e1ad0164990329790108eeb,https://upload.wikimedia.org/wikipedia/commons/thumb/f/f9/T%C3%BCrkiye_%C4%B0%C5%9F_Bankas%C4%B1_M%C3%BCzesi_2025.jpg/1920px-T%C3%BCrkiye_%C4%B0%C5%9F_Bankas%C4%B1_M%C3%BCzesi_2025.jpg,0,0709061b3b860f41
image_1223.hdf5,188175904,building_exterior,wikimedia_commons,https://upload.wikimedia.org/wikipedia/commons/9/96/Fachada_del_templo_de_San_Francisco_Javier.jpg,https://commons.wikimedia.org/wiki/File:Fachada_del_templo_de_San_Francisco_Javier.jpg,CC BY 4.0,,Tucita33,File:Fachada del templo de San Francisco Javier.jpg,"(3024, 4032)",7058b9cd607e9289e6c1e1b93ad7e0f5,https://upload.wikimedia.org/wikipedia/commons/thumb/9/96/Fachada_del_templo_de_San_Francisco_Javier.jpg/1920px-Fachada_del_templo_de_San_Francisco_Javier.jpg,0,f0f8fc39e9f868c7
image_1224.hdf5,177496637,building_exterior,wikimedia_commons,https://upload.wikimedia.org/wikipedia/commons/c/c5/Bevarad_husfasad_i_Malm%C3%B6.jpg,https://commons.wikimedia.org/wiki/File:Bevarad_husfasad_i_Malm%C3%B6.jpg,CC BY 4.0,,Rose Abrams,File:Bevarad husfasad i Malmö.jpg,"(2048, 1536)",65c5020b09e23c5784c628e923e4136a,https://upload.wikimedia.org/wikipedia/commons/thumb/c/c5/Bevarad_husfasad_i_Malm%C3%B6.jpg/1920px-Bevarad_husfasad_i_Malm%C3%B6.jpg,0,dfdff8e8e859eb60
image_1225.hdf5,192015762,nature_landscape,wikimedia_commons,https://upload.wikimedia.org/wikipedia/commons/e/ed/Misty_wetlands_landscape_near_Guelpe_Brandenburg.jpg,https://commons.wikimedia.org/wiki/File:Misty_wetlands_landscape_near_Guelpe_Brandenburg.jpg,CC BY 4.0,,Saschox,File:Misty wetlands landscape near Guelpe Brandenburg.jpg,"(5184, 3456)",3096262bb609cbc6665706b8e6eeecd8,https://upload.wikimedia.org/wikipedia/commons/thumb/e/ed/Misty_wetlands_landscape_near_Guelpe_Brandenburg.jpg/1920px-Misty_wetlands_landscape_near_Guelpe_Brandenburg.jpg,0,3d1f371f17134f67
image_1226.hdf5,146152773,building_exterior,wikimedia_commons,https://upload.wikimedia.org/wikipedia/commons/4/4d/Frontage_of_L%27Escargot_Restaurant_Soho_London_-_2024.jpg,https://commons.wikimedia.org/wiki/File:Frontage_of_L%27Escargot_Restaurant_Soho_London_-_2024.jpg,CC BY 4.0,,40Dover,File:Frontage of L'Escargot Restaurant Soho London - 2024.jpg,"(2968, 2368)",cafc4ed22445d4173979d03245edf80b,https://upload.wikimedia.org/wikipedia/commons/thumb/4/4d/Frontage_of_L%27Escargot_Restaurant_Soho_London_-_2024.jpg/1920px-Frontage_of_L%27Escargot_Restaurant_Soho_London_-_2024.jpg,0,d6d6e34e66d4e091
image_1227.hdf5,177492899,building_exterior,wikimedia_commons,https://upload.wikimedia.org/wikipedia/commons/0/05/CATEDRAL_DE_LE%C3%93N.jpg,https://commons.wikimedia.org/wiki/File:CATEDRAL_DE_LE%C3%93N.jpg,CC BY 4.0,,PEPE GADEIRAS,File:CATEDRAL DE LEÓN.jpg,"(2482, 3891)",cf1f06d6f93afe59d599b19edc812f53,https://upload.wikimedia.org/wikipedia/commons/thumb/0/05/CATEDRAL_DE_LE%C3%93N.jpg/1920px-CATEDRAL_DE_LE%C3%93N.jpg,0,362619d9d4e6c6f2
image_1228.hdf5,155691845,building_exterior,wikimedia_commons,https://upload.wikimedia.org/wikipedia/commons/2/27/Den_Haag%2C_hoogbouw_vanaf_het_Anna_van_Buerenplein_IMG_5984_2024-11-03_15.41.jpg,"https://commons.wikimedia.org/wiki/File:Den_Haag,_hoogbouw_vanaf_het_Anna_van_Buerenplein_IMG_5984_2024-11-03_15.41.jpg",CC BY 4.0,,Michielverbeek,"File:Den Haag, hoogbouw vanaf het Anna van Buerenplein IMG 5984 2024-11-03 15.41.jpg","(3080, 4272)",497b7f94e2cfb6a15bb30e4c56cc0137,https://upload.wikimedia.org/wikipedia/commons/thumb/2/27/Den_Haag%2C_hoogbouw_vanaf_het_Anna_van_Buerenplein_IMG_5984_2024-11-03_15.41.jpg/1920px-Den_Haag%2C_hoogbouw_vanaf_het_Anna_van_Buerenplein_IMG_5984_2024-11-03_15.41.jpg,0,5ad5ddbeae57403e
image_1229.hdf5,154208815,building_exterior,wikimedia_commons,https://upload.wikimedia.org/wikipedia/commons/0/07/Tretyakov%27s_Gallery_old_building_1994.jpg,https://commons.wikimedia.org/wiki/File:Tretyakov%27s_Gallery_old_building_1994.jpg,CC BY 4.0,,mos.ru / Главархив Москвы,File:Tretyakov's Gallery old building 1994.jpg,"(2052, 2136)",72b2b039300c4e48a266ead92443d1a9,https://upload.wikimedia.org/wikipedia/commons/thumb/0/07/Tretyakov%27s_Gallery_old_building_1994.jpg/1920px-Tretyakov%27s_Gallery_old_building_1994.jpg,0,747cec32adcdc0e0
image_1230.hdf5,162752004,building_exterior,wikimedia_commons,https://upload.wikimedia.org/wikipedia/commons/c/c1/Iowa_State_Capitol_exterior_05.jpg,https://commons.wikimedia.org/wiki/File:Iowa_State_Capitol_exterior_05.jpg,CC BY 4.0,,Thesavagenorwegian,File:Iowa State Capitol exterior 05.jpg,"(1868, 3010)",072536c50ca17910c763bb5e4b2ecc28,https://upload.wikimedia.org/wikipedia/commons/thumb/c/c1/Iowa_State_Capitol_exterior_05.jpg/1280px-Iowa_State_Capitol_exterior_05.jpg,0,48f06c48c2c6c50f
image_1231.hdf5,129812654,building_exterior,wikimedia_commons,https://upload.wikimedia.org/wikipedia/commons/6/66/TOC_building_inside_and_outside_-_2023_march_21_various_18_02_58_606000.jpeg,https://commons.wikimedia.org/wiki/File:TOC_building_inside_and_outside_-_2023_march_21_various_18_02_58_606000.jpeg,CC BY 4.0,,Nesnad,File:TOC building inside and outside - 2023 march 21 various 18 02 58 606000.jpeg,"(4032, 3024)",bb665ede7f3f885514ecbc99f9b87582,https://upload.wikimedia.org/wikipedia/commons/thumb/6/66/TOC_building_inside_and_outside_-_2023_march_21_various_18_02_58_606000.jpeg/1920px-TOC_building_inside_and_outside_-_2023_march_21_various_18_02_58_606000.jpeg,0,0333332b2424260e
image_1232.hdf5,72019200,building_exterior,wikimedia_commons,https://upload.wikimedia.org/wikipedia/commons/9/90/View_of_Mandaean_ritual_in_celebration_of_the_birth_of_Hazrat_Adam_in_Iran.jpg,https://commons.wikimedia.org/wiki/File:View_of_Mandaean_ritual_in_celebration_of_the_birth_of_Hazrat_Adam_in_Iran.jpg,CC BY 4.0,,Morteza Jaberian,File:View of Mandaean ritual in celebration of the birth of Hazrat Adam in Iran.jpg,"(736, 528)",ba200d865ddd0cf7bea9ac606a9a017f,https://upload.wikimedia.org/wikipedia/commons/9/90/View_of_Mandaean_ritual_in_celebration_of_the_birth_of_Hazrat_Adam_in_Iran.jpg,0,d9f6fab75f5ebc17
image_1233.hdf5,156651840,nature_landscape,wikimedia_commons,https://upload.wikimedia.org/wikipedia/commons/2/2d/Rainbow_and_Red-Collared_Lorikeets%2C_Alfred_Cove_Nature_Reserve%2C_Attadale_WA_6156_%E0%B8%AD%E0%B8%AD%E0%B8%AA%E0%B9%80%E0%B8%95%E0%B8%A3%E0%B9%80%E0%B8%A5%E0%B8%B5%E0%B8%A2_imported_from_iNaturalist_photo_403166444.jpg,"https://commons.wikimedia.org/wiki/File:Rainbow_and_Red-Collared_Lorikeets,_Alfred_Cove_Nature_Reserve,_Attadale_WA_6156_%E0%B8%AD%E0%B8%AD%E0%B8%AA%E0%B9%80%E0%B8%95%E0%B8%A3%E0%B9%80%E0%B8%A5%E0%B8%B5%E0%B8%A2_imported_from_iNaturalist_photo_403166444.jpg",CC BY 4.0,,"(c) Wich’yanan (Jay) Limparungpatthanakij, some rights reserved (CC BY)","File:Rainbow and Red-Collared Lorikeets, Alfred Cove Nature Reserve, Attadale WA 6156 ออสเตรเลีย imported from iNaturalist photo 403166444.jpg","(2048, 1365)",6127f0f5a7d2a74de8ff668105441c82,https://upload.wikimedia.org/wikipedia/commons/thumb/2/2d/Rainbow_and_Red-Collared_Lorikeets%2C_Alfred_Cove_Nature_Reserve%2C_Attadale_WA_6156_%E0%B8%AD%E0%B8%AD%E0%B8%AA%E0%B9%80%E0%B8%95%E0%B8%A3%E0%B9%80%E0%B8%A5%E0%B8%B5%E0%B8%A2_imported_from_iNaturalist_photo_403166444.jpg/1920px-Rainbow_and_Red-Collared_Lorikeets%2C_Alfred_Cove_Nature_Reserve%2C_Attadale_WA_6156_%E0%B8%AD%E0%B8%AD%E0%B8%AA%E0%B9%80%E0%B8%95%E0%B8%A3%E0%B9%80%E0%B8%A5%E0%B8%B5%E0%B8%A2_imported_from_iNaturalist_photo_403166444.jpg,0,001839b171b18512
image_1234.hdf5,146096307,nature_landscape,wikimedia_commons,https://upload.wikimedia.org/wikipedia/commons/6/66/The_great_himalaya.jpg,https://commons.wikimedia.org/wiki/File:The_great_himalaya.jpg,CC BY 4.0,,Divya's site,File:The great himalaya.jpg,"(3120, 4160)",6b56342961316fce0e698273416f2ae5,https://upload.wikimedia.org/wikipedia/commons/thumb/6/66/The_great_himalaya.jpg/1920px-The_great_himalaya.jpg,0,c7c787878787a5a7
image_1235.hdf5,138230459,nature_landscape,wikimedia_commons,https://upload.wikimedia.org/wikipedia/commons/7/74/Dugout_in_Malla_Strict_Nature_Reserve.jpg,https://commons.wikimedia.org/wiki/File:Dugout_in_Malla_Strict_Nature_Reserve.jpg,CC BY 4.0,,Antti Leppänen,File:Dugout in Malla Strict Nature Reserve.jpg,"(4608, 3072)",53c94f44f47cc6541f0949473801fd34,https://upload.wikimedia.org/wikipedia/commons/thumb/7/74/Dugout_in_Malla_Strict_Nature_Reserve.jpg/1920px-Dugout_in_Malla_Strict_Nature_Reserve.jpg,0,24c8342463e3cddf
image_1236.hdf5,160246801,building_exterior,wikimedia_commons,https://upload.wikimedia.org/wikipedia/commons/3/35/Alfred_Deakin_Building_at_Federation_Square_1.jpg,https://commons.wikimedia.org/wiki/File:Alfred_Deakin_Building_at_Federation_Square_1.jpg,CC BY 4.0,,21solitare,File:Alfred Deakin Building at Federation Square 1.jpg,"(2846, 3686)",0ab8e663c826d7321d61d590478f13fc,https://upload.wikimedia.org/wikipedia/commons/thumb/3/35/Alfred_Deakin_Building_at_Federation_Square_1.jpg/1920px-Alfred_Deakin_Building_at_Federation_Square_1.jpg,0,8786bb5935374629
image_1237.hdf5,137601401,building_exterior,wikimedia_commons,https://upload.wikimedia.org/wikipedia/commons/a/ae/BBC_Liverpool.jpg,https://commons.wikimedia.org/wiki/File:BBC_Liverpool.jpg,CC BY 4.0,,NftaDaedalus,File:BBC Liverpool.jpg,"(3385, 5076)",7bd6357fbaedf6772a28a7b8f1c8b93e,https://upload.wikimedia.org/wikipedia/commons/thumb/a/ae/BBC_Liverpool.jpg/1920px-BBC_Liverpool.jpg,0,9686296922232237
image_1238.hdf5,128509856,nature_landscape,wikimedia_commons,https://upload.wikimedia.org/wikipedia/commons/c/cf/Highway_tunnel_-_Great_Smoky_Mountains_National_Park_-_May_10%2C_2014.jpg,"https://commons.wikimedia.org/wiki/File:Highway_tunnel_-_Great_Smoky_Mountains_National_Park_-_May_10,_2014.jpg",CC BY 4.0,,Lee Ann Ratledge,"File:Highway tunnel - Great Smoky Mountains National Park - May 10, 2014.jpg","(4345, 2896)",d6eab5a8dd2b090c919ee0616d943e21,https://upload.wikimedia.org/wikipedia/commons/thumb/c/cf/Highway_tunnel_-_Great_Smoky_Mountains_National_Park_-_May_10%2C_2014.jpg/1920px-Highway_tunnel_-_Great_Smoky_Mountains_National_Park_-_May_10%2C_2014.jpg,0,da44fa9ae6e4e474
image_1239.hdf5,127206172,nature_landscape,wikimedia_commons,https://upload.wikimedia.org/wikipedia/commons/b/b3/Moss_Garden%2C_Carnarvon_National_Park%2C_2022.jpg,"https://commons.wikimedia.org/wiki/File:Moss_Garden,_Carnarvon_National_Park,_2022.jpg",CC BY 4.0,,Anonymous,"File:Moss Garden, Carnarvon National Park, 2022.jpg","(960, 720)",2b5a4fb6fe75d7905c86906da09fb1df,https://upload.wikimedia.org/wikipedia/commons/b/b3/Moss_Garden%2C_Carnarvon_National_Park%2C_2022.jpg,0,150f0f4dad3df6ce
image_1240.hdf5,163716605,building_exterior,wikimedia_commons,https://upload.wikimedia.org/wikipedia/commons/4/4c/2025-04-17_Tbilisi%2C_Mikheil_Bukhaidze_Street_2.jpg,"https://commons.wikimedia.org/wiki/File:2025-04-17_Tbilisi,_Mikheil_Bukhaidze_Street_2.jpg",CC BY 4.0,,Alexkom000,"File:2025-04-17 Tbilisi, Mikheil Bukhaidze Street 2.jpg","(5431, 3620)",1c77d79e69cf48466b2199ce1a7adb5c,https://upload.wikimedia.org/wikipedia/commons/thumb/4/4c/2025-04-17_Tbilisi%2C_Mikheil_Bukhaidze_Street_2.jpg/1920px-2025-04-17_Tbilisi%2C_Mikheil_Bukhaidze_Street_2.jpg,0,e91c2c24a6a6c2d2
image_1241.hdf5,156902181,building_exterior,wikimedia_commons,https://upload.wikimedia.org/wikipedia/commons/d/d3/Haydarpa%C5%9Fa_Train_Station%2C_24_November_2024.jpg,"https://commons.wikimedia.org/wiki/File:Haydarpa%C5%9Fa_Train_Station,_24_November_2024.jpg",CC BY 4.0,,Dr.Suskun,"File:Haydarpaşa Train Station, 24 November 2024.jpg","(4160, 3120)",b8b95023e6cb7c1347d2e2b195d38fb4,https://upload.wikimedia.org/wikipedia/commons/thumb/d/d3/Haydarpa%C5%9Fa_Train_Station%2C_24_November_2024.jpg/1920px-Haydarpa%C5%9Fa_Train_Station%2C_24_November_2024.jpg,0,60c1c399c1d2c0c1
image_1242.hdf5,182209893,building_exterior,wikimedia_commons,https://upload.wikimedia.org/wikipedia/commons/0/09/LA-Law-Library-Bldg-Exterior.jpg,https://commons.wikimedia.org/wiki/File:LA-Law-Library-Bldg-Exterior.jpg,CC BY 4.0,,Essielaw,File:LA-Law-Library-Bldg-Exterior.jpg,"(965, 643)",5ff27885709f25d17899a4ac2b326392,https://upload.wikimedia.org/wikipedia/commons/0/09/LA-Law-Library-Bldg-Exterior.jpg,0,b3e6432b6f03363e
image_1243.hdf5,189630212,nature_landscape,wikimedia_commons,https://upload.wikimedia.org/wikipedia/commons/0/06/Kaziranga_National_Park_in_Assam_05.jpg,https://commons.wikimedia.org/wiki/File:Kaziranga_National_Park_in_Assam_05.jpg,CC BY 4.0,,Pinakpani,File:Kaziranga National Park in Assam 05.jpg,"(4080, 3060)",a5020d472a11d2d0e0d1e53f3b7adedb,https://upload.wikimedia.org/wikipedia/commons/thumb/0/06/Kaziranga_National_Park_in_Assam_05.jpg/1920px-Kaziranga_National_Park_in_Assam_05.jpg,0,e0c1c0cc686b2a06
image_1244.hdf5,175207197,nature_landscape,wikimedia_commons,https://upload.wikimedia.org/wikipedia/commons/b/ba/Hokkaido-Shiretoko%27s_White-tailed_Eagles_and_Steller%27s_Sea_Eagles%E3%83%BB%E3%83%BBhiretoko_National_Park%E3%83%BB%E3%83%BBxl.jpg,https://commons.wikimedia.org/wiki/File:Hokkaido-Shiretoko%27s_White-tailed_Eagles_and_Steller%27s_Sea_Eagles%E3%83%BB%E3%83%BBhiretoko_National_Park%E3%83%BB%E3%83%BBxl.jpg,CC BY 4.0,,koichi_hayakawa,File:Hokkaido-Shiretoko's White-tailed Eagles and Steller's Sea Eagles・・hiretoko National Park・・xl.jpg,"(5000, 3333)",74326dc21369658448257e292ef3a78b,https://upload.wikimedia.org/wikipedia/commons/thumb/b/ba/Hokkaido-Shiretoko%27s_White-tailed_Eagles_and_Steller%27s_Sea_Eagles%E3%83%BB%E3%83%BBhiretoko_National_Park%E3%83%BB%E3%83%BBxl.jpg/1920px-Hokkaido-Shiretoko%27s_White-tailed_Eagles_and_Steller%27s_Sea_Eagles%E3%83%BB%E3%83%BBhiretoko_National_Park%E3%83%BB%E3%83%BBxl.jpg,0,4fdba62d8dc3e1c1
image_1245.hdf5,175677980,building_exterior,wikimedia_commons,https://upload.wikimedia.org/wikipedia/commons/9/9f/Hungarian_Parlament_Building_in_Kossuth_Square_%282025-07-01%29_1.jpg,https://commons.wikimedia.org/wiki/File:Hungarian_Parlament_Building_in_Kossuth_Square_(2025-07-01)_1.jpg,CC BY 4.0,,A.Donaire2005,File:Hungarian Parlament Building in Kossuth Square (2025-07-01) 1.jpg,"(4080, 3072)",988f731a4e880f4d39c5565d6879f568,https://upload.wikimedia.org/wikipedia/commons/thumb/9/9f/Hungarian_Parlament_Building_in_Kossuth_Square_%282025-07-01%29_1.jpg/1920px-Hungarian_Parlament_Building_in_Kossuth_Square_%282025-07-01%29_1.jpg,0,ffef2974982c83fd
image_1246.hdf5,178954361,building_exterior,wikimedia_commons,https://upload.wikimedia.org/wikipedia/commons/e/ee/Petka-1283_pro%C4%8Delje-cerkve.jpg,https://commons.wikimedia.org/wiki/File:Petka-1283_pro%C4%8Delje-cerkve.jpg,CC BY 4.0,,Stebunik,File:Petka-1283 pročelje-cerkve.jpg,"(2976, 3968)",0b1f7ed1e36875c32f73515c21996df1,https://upload.wikimedia.org/wikipedia/commons/thumb/e/ee/Petka-1283_pro%C4%8Delje-cerkve.jpg/1920px-Petka-1283_pro%C4%8Delje-cerkve.jpg,0,e01c2f6bed6d61d5
image_1247.hdf5,142333733,nature_landscape,wikimedia_commons,https://upload.wikimedia.org/wikipedia/commons/c/cb/A_sign_says_that_this_area_is_a_nature_reserve_%28FL45802730%29.jpg,https://commons.wikimedia.org/wiki/File:A_sign_says_that_this_area_is_a_nature_reserve_(FL45802730).jpg,CC BY 4.0,https://commons.wikimedia.org/wiki/User:Geagea,Geagea,File:A sign says that this area is a nature reserve (FL45802730).jpg,"(1727, 2659)",6fcc58eb8f3617644db206fff8e152ec,https://upload.wikimedia.org/wikipedia/commons/c/cb/A_sign_says_that_this_area_is_a_nature_reserve_%28FL45802730%29.jpg,0,70107048cc6f0680
image_1248.hdf5,193504748,nature_landscape,wikimedia_commons,https://upload.wikimedia.org/wikipedia/commons/a/ad/Eastern_Gray_Squirrel_Stony_Stratford_Nature_Reserve_Milton_Keynes_2026_01.jpg,https://commons.wikimedia.org/wiki/File:Eastern_Gray_Squirrel_Stony_Stratford_Nature_Reserve_Milton_Keynes_2026_01.jpg,CC BY 4.0,http://julianherzog.com,Julian Herzog,File:Eastern Gray Squirrel Stony Stratford Nature Reserve Milton Keynes 2026 01.jpg,"(5252, 3501)",0652dbb087367cbb4b8f8ebf5bcbb65a,https://upload.wikimedia.org/wikipedia/commons/thumb/a/ad/Eastern_Gray_Squirrel_Stony_Stratford_Nature_Reserve_Milton_Keynes_2026_01.jpg/1920px-Eastern_Gray_Squirrel_Stony_Stratford_Nature_Reserve_Milton_Keynes_2026_01.jpg,0,0685d7d74232b149
image_1249.hdf5,89449347,building_exterior,wikimedia_commons,https://upload.wikimedia.org/wikipedia/commons/7/72/Ex_convento_dei_Domenicani_%28Biblioteca_Civica%29%2C_Pordenone_-_Esterno_ala_sud.jpg,"https://commons.wikimedia.org/wiki/File:Ex_convento_dei_Domenicani_(Biblioteca_Civica),_Pordenone_-_Esterno_ala_sud.jpg",CC BY 4.0,,Comune di Pordenone,"File:Ex convento dei Domenicani (Biblioteca Civica), Pordenone - Esterno ala sud.jpg","(1024, 683)",7f6ab8ec0a1d42ad9dac022b424fdc0d,https://upload.wikimedia.org/wikipedia/commons/7/72/Ex_convento_dei_Domenicani_%28Biblioteca_Civica%29%2C_Pordenone_-_Esterno_ala_sud.jpg,0,8f8f353e23c9cbcb
image_1250.hdf5,167534649,building_exterior,wikimedia_commons,https://upload.wikimedia.org/wikipedia/commons/e/ef/Chrysler_Building_May_2025.jpg,https://commons.wikimedia.org/wiki/File:Chrysler_Building_May_2025.jpg,CC BY 4.0,,Boaventuravinicius,File:Chrysler Building May 2025.jpg,"(2048, 1365)",954a837cd3adf7f57aeb592c08ec0e7d,https://upload.wikimedia.org/wikipedia/commons/thumb/e/ef/Chrysler_Building_May_2025.jpg/1920px-Chrysler_Building_May_2025.jpg,0,0f2b29170527071d
image_1251.hdf5,123202795,nature_landscape,wikimedia_commons,https://upload.wikimedia.org/wikipedia/commons/5/52/Falco_fasciinucha%2C_Chimanimani_National_Park%2C_Zimbabwe_1.jpg,"https://commons.wikimedia.org/wiki/File:Falco_fasciinucha,_Chimanimani_National_Park,_Zimbabwe_1.jpg",CC BY 4.0,https://www.inaturalist.org/people/i_c_riddell,i_c_riddell,"File:Falco fasciinucha, Chimanimani National Park, Zimbabwe 1.jpg","(616, 786)",2f0418e4d4316d0da32e75cbf9a247fe,https://upload.wikimedia.org/wikipedia/commons/5/52/Falco_fasciinucha%2C_Chimanimani_National_Park%2C_Zimbabwe_1.jpg,0,0446379bda32d664
image_1252.hdf5,193391079,nature_landscape,wikimedia_commons,https://upload.wikimedia.org/wikipedia/commons/c/c5/Fiordland_National_Park_March_2026_%282%29.jpg,https://commons.wikimedia.org/wiki/File:Fiordland_National_Park_March_2026_(2).jpg,CC BY 4.0,,Heidi Meudt,File:Fiordland National Park March 2026 (2).jpg,"(3060, 4080)",24b0a761dcb6c6ff3e32d817433504d4,https://upload.wikimedia.org/wikipedia/commons/thumb/c/c5/Fiordland_National_Park_March_2026_%282%29.jpg/1920px-Fiordland_National_Park_March_2026_%282%29.jpg,0,0021c9908e4b4909
image_1253.hdf5,161516764,nature_landscape,wikimedia_commons,https://upload.wikimedia.org/wikipedia/commons/6/6d/Batang_Ai_National_Park_hut.jpg,https://commons.wikimedia.org/wiki/File:Batang_Ai_National_Park_hut.jpg,CC BY 4.0,,Song GK,File:Batang Ai National Park hut.jpg,"(3072, 4080)",0efbdadc469dd90e577ae134f141b992,https://upload.wikimedia.org/wikipedia/commons/thumb/6/6d/Batang_Ai_National_Park_hut.jpg/1920px-Batang_Ai_National_Park_hut.jpg,0,c0282898b2ae0d19
image_1254.hdf5,169664326,nature_landscape,wikimedia_commons,https://upload.wikimedia.org/wikipedia/commons/e/ec/Hyocephalus_aprugnus%2C_Onkaparinga_River_National_Park%2C_Onkaparinga_Hills%2C_SA%2C_AU_imported_from_iNaturalist_photo_248335170.jpg,"https://commons.wikimedia.org/wiki/File:Hyocephalus_aprugnus,_Onkaparinga_River_National_Park,_Onkaparinga_Hills,_SA,_AU_imported_from_iNaturalist_photo_248335170.jpg",CC BY 4.0,,"(c) Connor Margetts, some rights reserved (CC BY)","File:Hyocephalus aprugnus, Onkaparinga River National Park, Onkaparinga Hills, SA, AU imported from iNaturalist photo 248335170.jpg","(2048, 1365)",627d2998088b771216cd5944e73986cd,https://upload.wikimedia.org/wikipedia/commons/thumb/e/ec/Hyocephalus_aprugnus%2C_Onkaparinga_River_National_Park%2C_Onkaparinga_Hills%2C_SA%2C_AU_imported_from_iNaturalist_photo_248335170.jpg/1920px-Hyocephalus_aprugnus%2C_Onkaparinga_River_National_Park%2C_Onkaparinga_Hills%2C_SA%2C_AU_imported_from_iNaturalist_photo_248335170.jpg,0,b21a9cf0fcac39b5
image_1255.hdf5,179390929,nature_landscape,wikimedia_commons,https://upload.wikimedia.org/wikipedia/commons/b/be/A_bubbling_mud_pot_located_within_Lassen_Volcanic_National_Park.jpg,https://commons.wikimedia.org/wiki/File:A_bubbling_mud_pot_located_within_Lassen_Volcanic_National_Park.jpg,CC BY 4.0,,Stch2022,File:A bubbling mud pot located within Lassen Volcanic National Park.jpg,"(4608, 3456)",81bbf73bf15047bed150951eb44dcdb2,https://upload.wikimedia.org/wikipedia/commons/thumb/b/be/A_bubbling_mud_pot_located_within_Lassen_Volcanic_National_Park.jpg/1920px-A_bubbling_mud_pot_located_within_Lassen_Volcanic_National_Park.jpg,0,47070d4dd9412717
image_1256.hdf5,131544289,nature_landscape,wikimedia_commons,https://upload.wikimedia.org/wikipedia/commons/6/6d/Detail_of_the_Scarlet_Snowberry_shrub_as_seen_in_Kahurangi_National_Park.jpg,https://commons.wikimedia.org/wiki/File:Detail_of_the_Scarlet_Snowberry_shrub_as_seen_in_Kahurangi_National_Park.jpg,CC BY 4.0,,Oscar Dove,File:Detail of the Scarlet Snowberry shrub as seen in Kahurangi National Park.jpg,"(1024, 683)",9e1eb689ba4f892db552ca9d1dda8921,https://upload.wikimedia.org/wikipedia/commons/6/6d/Detail_of_the_Scarlet_Snowberry_shrub_as_seen_in_Kahurangi_National_Park.jpg,0,0c9f9bb5d5a4725a
image_1257.hdf5,185779010,building_exterior,wikimedia_commons,https://upload.wikimedia.org/wikipedia/commons/c/cd/Free_Democrats_party_office.jpg,https://commons.wikimedia.org/wiki/File:Free_Democrats_party_office.jpg,CC BY 4.0,,Jelger Groeneveld,File:Free Democrats party office.jpg,"(4608, 3456)",4b61cf93e470e056b5dc7a098bf9a449,https://upload.wikimedia.org/wikipedia/commons/thumb/c/cd/Free_Democrats_party_office.jpg/1920px-Free_Democrats_party_office.jpg,0,00867f33eb5b96c7
image_1258.hdf5,99263938,nature_landscape,wikimedia_commons,https://upload.wikimedia.org/wikipedia/commons/1/14/0566.SBB.Natuurmonumenten.Nationaal.Park.DwingelderVeld.Heide.Winter.Corona.Drukte.ZondagMiddag.wandeling.Natuurschoon.Spier.jpg,https://commons.wikimedia.org/wiki/File:0566.SBB.Natuurmonumenten.Nationaal.Park.DwingelderVeld.Heide.Winter.Corona.Drukte.ZondagMiddag.wandeling.Natuurschoon.Spier.jpg,CC BY 4.0,,Andre Hosper,File:0566.SBB.Natuurmonumenten.Nationaal.Park.DwingelderVeld.Heide.Winter.Corona.Drukte.ZondagMiddag.wandeling.Natuurschoon.Spier.jpg,"(4032, 3024)",d5e8268b29bf52f9f41d414905bc4a24,https://upload.wikimedia.org/wikipedia/commons/thumb/1/14/0566.SBB.Natuurmonumenten.Nationaal.Park.DwingelderVeld.Heide.Winter.Corona.Drukte.ZondagMiddag.wandeling.Natuurschoon.Spier.jpg/1920px-0566.SBB.Natuurmonumenten.Nationaal.Park.DwingelderVeld.Heide.Winter.Corona.Drukte.ZondagMiddag.wandeling.Natuurschoon.Spier.jpg,0,9ad646060c4492b4
image_1259.hdf5,123591377,building_exterior,wikimedia_commons,https://upload.wikimedia.org/wikipedia/commons/8/89/03_Cartagena%2C_Spain_-_Castillo_de_Atalaya%2C_Patrimonio_hist%C3%B3rico_de_Espa%C3%B1a.jpg,"https://commons.wikimedia.org/wiki/File:03_Cartagena,_Spain_-_Castillo_de_Atalaya,_Patrimonio_hist%C3%B3rico_de_Espa%C3%B1a.jpg",CC BY 4.0,https://www.pond5.com/artist/citylife#1/2176,Tupungato,"File:03 Cartagena, Spain - Castillo de Atalaya, Patrimonio histórico de España.jpg","(2592, 1728)",fad88b71f2d04a1dc1d23bdc3e04d4e8,https://upload.wikimedia.org/wikipedia/commons/thumb/8/89/03_Cartagena%2C_Spain_-_Castillo_de_Atalaya%2C_Patrimonio_hist%C3%B3rico_de_Espa%C3%B1a.jpg/1920px-03_Cartagena%2C_Spain_-_Castillo_de_Atalaya%2C_Patrimonio_hist%C3%B3rico_de_Espa%C3%B1a.jpg,0,01130c3e7a1e8504
image_1260.hdf5,44161479,building_exterior,wikimedia_commons,https://upload.wikimedia.org/wikipedia/commons/8/8b/Cagliari_Sardinia_Duomo_Portal_Santa_Maria.jpg,https://commons.wikimedia.org/wiki/File:Cagliari_Sardinia_Duomo_Portal_Santa_Maria.jpg,CC BY 4.0,,Unukorno,File:Cagliari Sardinia Duomo Portal Santa Maria.jpg,"(3044, 2030)",833b425d3a3ea11557c86a5d81e4509e,https://upload.wikimedia.org/wikipedia/commons/thumb/8/8b/Cagliari_Sardinia_Duomo_Portal_Santa_Maria.jpg/1920px-Cagliari_Sardinia_Duomo_Portal_Santa_Maria.jpg,0,6c36327470f0e87a
image_1261.hdf5,147217101,building_exterior,wikimedia_commons,https://upload.wikimedia.org/wikipedia/commons/5/58/Shadows_of_the_solar_eclipse_in_Boulder%2C_Colorado%2C_April_2024.jpg,"https://commons.wikimedia.org/wiki/File:Shadows_of_the_solar_eclipse_in_Boulder,_Colorado,_April_2024.jpg",CC BY 4.0,,Colohisto,"File:Shadows of the solar eclipse in Boulder, Colorado, April 2024.jpg","(4160, 3120)",e42762c7d709f956119c404fbcb08223,https://upload.wikimedia.org/wikipedia/commons/thumb/5/58/Shadows_of_the_solar_eclipse_in_Boulder%2C_Colorado%2C_April_2024.jpg/1920px-Shadows_of_the_solar_eclipse_in_Boulder%2C_Colorado%2C_April_2024.jpg,0,66c789b4d6eccd89
image_1262.hdf5,187339039,building_exterior,wikimedia_commons,https://upload.wikimedia.org/wikipedia/commons/c/c9/The_Turtle_Hospital_exterior.jpg,https://commons.wikimedia.org/wiki/File:The_Turtle_Hospital_exterior.jpg,CC BY 4.0,,Redhead3434,File:The Turtle Hospital exterior.jpg,"(1330, 910)",a9ac5e48a16fc3e18010738fad88d280,https://upload.wikimedia.org/wikipedia/commons/c/c9/The_Turtle_Hospital_exterior.jpg,0,0a19351233314172
image_1263.hdf5,157465064,building_exterior,wikimedia_commons,https://upload.wikimedia.org/wikipedia/commons/d/d6/Castle_Bromwich_Hall_Hotel%2C_Birmingham._Frontage_detail.jpg,"https://commons.wikimedia.org/wiki/File:Castle_Bromwich_Hall_Hotel,_Birmingham._Frontage_detail.jpg",CC BY 4.0,,Rosser1954,"File:Castle Bromwich Hall Hotel, Birmingham. Frontage detail.jpg","(5152, 3864)",1a01338055e2b89623fadc0e470aa1cc,https://upload.wikimedia.org/wikipedia/commons/thumb/d/d6/Castle_Bromwich_Hall_Hotel%2C_Birmingham._Frontage_detail.jpg/1920px-Castle_Bromwich_Hall_Hotel%2C_Birmingham._Frontage_detail.jpg,0,8cad26ccc8cdcd0c
image_1264.hdf5,169483595,nature_landscape,wikimedia_commons,https://upload.wikimedia.org/wikipedia/commons/b/be/Ta%27_Qali_National_Park_in_2025_05.jpg,https://commons.wikimedia.org/wiki/File:Ta%27_Qali_National_Park_in_2025_05.jpg,CC BY 4.0,,Continentaleurope,File:Ta' Qali National Park in 2025 05.jpg,"(1536, 2048)",834cc2a16aa7d5213274874e0469a196,https://upload.wikimedia.org/wikipedia/commons/b/be/Ta%27_Qali_National_Park_in_2025_05.jpg,0,34b878360e30e1c8
image_1265.hdf5,182334496,building_exterior,wikimedia_commons,https://upload.wikimedia.org/wikipedia/commons/b/b5/Kancherkol_College.jpg,https://commons.wikimedia.org/wiki/File:Kancherkol_College.jpg,CC BY 4.0,https://upload.wikimedia.org/wikipedia/commons/b/b5/Kancherkol_College.jpg,Tushar Hossain,File:Kancherkol College.jpg,"(3981, 2985)",662b6c113112f974185b2582e33690c8,https://upload.wikimedia.org/wikipedia/commons/thumb/b/b5/Kancherkol_College.jpg/1920px-Kancherkol_College.jpg,0,9bc3657c64405001
image_1266.hdf5,193302522,building_exterior,wikimedia_commons,https://upload.wikimedia.org/wikipedia/commons/6/69/2026-05-02_Library_building_of_the_West_Slovak_Museum.jpg,https://commons.wikimedia.org/wiki/File:2026-05-02_Library_building_of_the_West_Slovak_Museum.jpg,CC BY 4.0,,Szilas,File:2026-05-02 Library building of the West Slovak Museum.jpg,"(1500, 1947)",0f7759851eb5ea34a4d988103cfcb9d5,https://upload.wikimedia.org/wikipedia/commons/6/69/2026-05-02_Library_building_of_the_West_Slovak_Museum.jpg,0,373336b22d59d91b
image_1267.hdf5,89844155,nature_landscape,wikimedia_commons,https://upload.wikimedia.org/wikipedia/commons/8/86/Rock_wren_fledglings_in_Kahurangi_National_Park.jpg,https://commons.wikimedia.org/wiki/File:Rock_wren_fledglings_in_Kahurangi_National_Park.jpg,CC BY 4.0,https://commons.wikimedia.org/wiki/User:Podzemnik,Podzemnik,File:Rock wren fledglings in Kahurangi National Park.jpg,"(947, 618)",b691f3e1d3885d8d183b3a1d12536579,https://upload.wikimedia.org/wikipedia/commons/8/86/Rock_wren_fledglings_in_Kahurangi_National_Park.jpg,0,3f3e7776767a3e3c
image_1268.hdf5,95178124,nature_landscape,wikimedia_commons,https://upload.wikimedia.org/wikipedia/commons/d/db/Caucasus_Nature_Reserve_%2810.3897-zookeys.739.22041%29_Figure_8.jpg,https://commons.wikimedia.org/wiki/File:Caucasus_Nature_Reserve_(10.3897-zookeys.739.22041)_Figure_8.jpg,CC BY 4.0,https://doi.org/10.3897/zookeys.739.22041,https://doi.org/10.3897/zookeys.739.22041,File:Caucasus Nature Reserve (10.3897-zookeys.739.22041) Figure 8.jpg,"(1512, 2233)",3128792aa3416495562b89d9ca619ae1,https://upload.wikimedia.org/wikipedia/commons/d/db/Caucasus_Nature_Reserve_%2810.3897-zookeys.739.22041%29_Figure_8.jpg,0,23212334a3a3db6a
image_1269.hdf5,180299848,nature_landscape,wikimedia_commons,https://upload.wikimedia.org/wikipedia/commons/2/2e/Barton_Cove_Nature_Area_%2854922338366%29.jpg,https://commons.wikimedia.org/wiki/File:Barton_Cove_Nature_Area_(54922338366).jpg,CC BY 4.0,https://www.flickr.com/people/188360586@N03,Ethan Long,File:Barton Cove Nature Area (54922338366).jpg,"(5901, 3934)",e0a770633e3f26dd72cea5f704389de2,https://upload.wikimedia.org/wikipedia/commons/thumb/2/2e/Barton_Cove_Nature_Area_%2854922338366%29.jpg/1920px-Barton_Cove_Nature_Area_%2854922338366%29.jpg,0,084c5a5a4e27c6f8
image_1270.hdf5,148571213,nature_landscape,wikimedia_commons,https://upload.wikimedia.org/wikipedia/commons/9/99/Wycieczka_przyrodnicza_animator%C3%B3w_Laudato_Si.jpg,https://commons.wikimedia.org/wiki/File:Wycieczka_przyrodnicza_animator%C3%B3w_Laudato_Si.jpg,CC BY 4.0,,Sylwia Ufnalska,File:Wycieczka przyrodnicza animatorów Laudato Si.jpg,"(4624, 3472)",4affe24e9a7285ee5520e877a6a72355,https://upload.wikimedia.org/wikipedia/commons/thumb/9/99/Wycieczka_przyrodnicza_animator%C3%B3w_Laudato_Si.jpg/1920px-Wycieczka_przyrodnicza_animator%C3%B3w_Laudato_Si.jpg,0,65dfbb29db666fcf
image_1271.hdf5,193468930,nature_landscape,wikimedia_commons,https://upload.wikimedia.org/wikipedia/commons/d/df/Path_in_H%C3%A5gadalen-N%C3%A5sten_nature_reserve_in_June_2026.jpg,https://commons.wikimedia.org/wiki/File:Path_in_H%C3%A5gadalen-N%C3%A5sten_nature_reserve_in_June_2026.jpg,CC BY 4.0,,Cinclus-oppositifolia,File:Path in Hågadalen-Nåsten nature reserve in June 2026.jpg,"(4000, 6000)",bcdb8ff671a54f244d965dc9c1ad88f3,https://upload.wikimedia.org/wikipedia/commons/thumb/d/df/Path_in_H%C3%A5gadalen-N%C3%A5sten_nature_reserve_in_June_2026.jpg/1920px-Path_in_H%C3%A5gadalen-N%C3%A5sten_nature_reserve_in_June_2026.jpg,0,6b2926c68e1e3f3f
image_1272.hdf5,153765427,nature_landscape,wikimedia_commons,https://upload.wikimedia.org/wikipedia/commons/8/8e/J%2C_Bernard_Moore_House_1897_Restored_by_the_National_Park_Service_Klondike_Gold_Rush_National_Historical_Park.jpg,"https://commons.wikimedia.org/wiki/File:J,_Bernard_Moore_House_1897_Restored_by_the_National_Park_Service_Klondike_Gold_Rush_National_Historical_Park.jpg",CC BY 4.0,,Richard N Horne,"File:J, Bernard Moore House 1897 Restored by the National Park Service Klondike Gold Rush National Historical Park.jpg","(4971, 3314)",d28a0f500a70cca83614152da4076706,https://upload.wikimedia.org/wikipedia/commons/thumb/8/8e/J%2C_Bernard_Moore_House_1897_Restored_by_the_National_Park_Service_Klondike_Gold_Rush_National_Historical_Park.jpg/1920px-J%2C_Bernard_Moore_House_1897_Restored_by_the_National_Park_Service_Klondike_Gold_Rush_National_Historical_Park.jpg,0,061636368791ab5f
image_1273.hdf5,179183632,nature_landscape,wikimedia_commons,https://upload.wikimedia.org/wikipedia/commons/7/76/Khazineh_valley.jpg,https://commons.wikimedia.org/wiki/File:Khazineh_valley.jpg,CC BY 4.0,,Erfawwn,File:Khazineh valley.jpg,"(4245, 3436)",6de171b91ac0f26b826f47a1c89e0033,https://upload.wikimedia.org/wikipedia/commons/thumb/7/76/Khazineh_valley.jpg/1920px-Khazineh_valley.jpg,0,c0c0e0e6c67c3967
image_1274.hdf5,115951784,nature_landscape,wikimedia_commons,https://upload.wikimedia.org/wikipedia/commons/f/ff/Sitta_magna%2C_Doi_Pha_Hom_Pok_National_Park%2C_Thailand_104701666.jpg,"https://commons.wikimedia.org/wiki/File:Sitta_magna,_Doi_Pha_Hom_Pok_National_Park,_Thailand_104701666.jpg",CC BY 4.0,https://www.inaturalist.org/users/2533480,Christoph Moning,"File:Sitta magna, Doi Pha Hom Pok National Park, Thailand 104701666.jpg","(1774, 2048)",2d1379261ec6cb19076dbe0572afb031,https://upload.wikimedia.org/wikipedia/commons/f/ff/Sitta_magna%2C_Doi_Pha_Hom_Pok_National_Park%2C_Thailand_104701666.jpg,0,376767293367cb97
image_1275.hdf5,84225086,nature_landscape,wikimedia_commons,https://upload.wikimedia.org/wikipedia/commons/1/1c/Cheetah_in_Serengeti_National_Park.jpg,https://commons.wikimedia.org/wiki/File:Cheetah_in_Serengeti_National_Park.jpg,CC BY 4.0,,Shahilmpatel1,File:Cheetah in Serengeti National Park.jpg,"(3700, 4000)",e1d961142026c6308d2289a65fa9967f,https://upload.wikimedia.org/wikipedia/commons/thumb/1/1c/Cheetah_in_Serengeti_National_Park.jpg/1920px-Cheetah_in_Serengeti_National_Park.jpg,0,5935371b1b47870b
image_1276.hdf5,158872885,nature_landscape,wikimedia_commons,https://upload.wikimedia.org/wikipedia/commons/c/c3/Bufo_verrucosissimus_%28Sochi_National_Park%2C_Pechalnaya_Cave%29.png,"https://commons.wikimedia.org/wiki/File:Bufo_verrucosissimus_(Sochi_National_Park,_Pechalnaya_Cave).png",CC BY 4.0,,R.S. Vargovitsh,"File:Bufo verrucosissimus (Sochi National Park, Pechalnaya Cave).png","(1210, 896)",62b47e4842e0ab1b20cb4204abd40630,https://upload.wikimedia.org/wikipedia/commons/c/c3/Bufo_verrucosissimus_%28Sochi_National_Park%2C_Pechalnaya_Cave%29.png,0,ce8f312c3d71c38d
image_1277.hdf5,151125503,building_exterior,wikimedia_commons,https://upload.wikimedia.org/wikipedia/commons/5/56/RESTART_-_graffiti_outside.jpg,https://commons.wikimedia.org/wiki/File:RESTART_-_graffiti_outside.jpg,CC BY 4.0,,Nizzan Cohen,File:RESTART - graffiti outside.jpg,"(4208, 3120)",dfcb702ec1624a8df9783bd0732debe4,https://upload.wikimedia.org/wikipedia/commons/thumb/5/56/RESTART_-_graffiti_outside.jpg/1920px-RESTART_-_graffiti_outside.jpg,0,5a485c18c8493f09
image_1278.hdf5,84643751,nature_landscape,wikimedia_commons,https://upload.wikimedia.org/wikipedia/commons/4/4d/Kruger_National_Park%2C_Impala.jpg,"https://commons.wikimedia.org/wiki/File:Kruger_National_Park,_Impala.jpg",CC BY 4.0,,PanWoyteczek,"File:Kruger National Park, Impala.jpg","(2834, 1884)",88ce753d103c1cc04d70331196db68de,https://upload.wikimedia.org/wikipedia/commons/thumb/4/4d/Kruger_National_Park%2C_Impala.jpg/1920px-Kruger_National_Park%2C_Impala.jpg,0,87c44879a444840c
image_1279.hdf5,136246509,nature_landscape,wikimedia_commons,https://upload.wikimedia.org/wikipedia/commons/6/63/Fish_fauna_from_R%C3%ADo_Pilcomayo_National_Park_%287_of_7%29.png,https://commons.wikimedia.org/wiki/File:Fish_fauna_from_R%C3%ADo_Pilcomayo_National_Park_(7_of_7).png,CC BY 4.0,,"Florencia Brancolini, Priscilla Minotti, Lucila Protogino, Hugo López, and Claudio Baigún",File:Fish fauna from Río Pilcomayo National Park (7 of 7).png,"(1927, 1326)",cdc5b97b421bd2141b023befc875dc81,https://upload.wikimedia.org/wikipedia/commons/thumb/6/63/Fish_fauna_from_R%C3%ADo_Pilcomayo_National_Park_%287_of_7%29.png/1920px-Fish_fauna_from_R%C3%ADo_Pilcomayo_National_Park_%287_of_7%29.png,0,c64e4f8c9a7468e8
image_1280.hdf5,157591411,nature_landscape,wikimedia_commons,https://upload.wikimedia.org/wikipedia/commons/0/05/Biele_Chojnowskie_Nature_Reserve.jpg,https://commons.wikimedia.org/wiki/File:Biele_Chojnowskie_Nature_Reserve.jpg,CC BY 4.0,,RoodyAlien,File:Biele Chojnowskie Nature Reserve.jpg,"(8160, 6144)",a941e618361eed51e3ed0382b155c3b3,https://upload.wikimedia.org/wikipedia/commons/thumb/0/05/Biele_Chojnowskie_Nature_Reserve.jpg/1920px-Biele_Chojnowskie_Nature_Reserve.jpg,0,abb2926becf7e37d
image_1281.hdf5,184160321,building_exterior,wikimedia_commons,https://upload.wikimedia.org/wikipedia/commons/a/a3/Moscow_-_2025_-_Pashkov_house_-_exterior.jpg,https://commons.wikimedia.org/wiki/File:Moscow_-_2025_-_Pashkov_house_-_exterior.jpg,CC BY 4.0,,Юрий Д.К.,File:Moscow - 2025 - Pashkov house - exterior.jpg,"(7296, 6208)",38beb2bacfe6b59d26d1697b4f7c549a,https://upload.wikimedia.org/wikipedia/commons/thumb/a/a3/Moscow_-_2025_-_Pashkov_house_-_exterior.jpg/1920px-Moscow_-_2025_-_Pashkov_house_-_exterior.jpg,0,f7fdfdf6e6fffac8
image_1282.hdf5,194035290,nature_landscape,wikimedia_commons,https://upload.wikimedia.org/wikipedia/commons/0/0d/Image_of_Kingley_Vale_National_Nature_Reserve.jpg,https://commons.wikimedia.org/wiki/File:Image_of_Kingley_Vale_National_Nature_Reserve.jpg,CC BY 4.0,,Christina Murphy 2026,File:Image of Kingley Vale National Nature Reserve.jpg,"(4284, 5712)",a214e66024c00697b434cfad93e886f4,https://upload.wikimedia.org/wikipedia/commons/thumb/0/0d/Image_of_Kingley_Vale_National_Nature_Reserve.jpg/1920px-Image_of_Kingley_Vale_National_Nature_Reserve.jpg,0,1cdf396512860707
image_1283.hdf5,176954485,building_exterior,wikimedia_commons,https://upload.wikimedia.org/wikipedia/commons/4/41/Langeais_%2837%29_Ch%C3%A2teau_-_Fa%C3%A7ade_ouest_-_09.jpg,https://commons.wikimedia.org/wiki/File:Langeais_(37)_Ch%C3%A2teau_-_Fa%C3%A7ade_ouest_-_09.jpg,CC BY 4.0,,Félix le Maugeois,File:Langeais (37) Château - Façade ouest - 09.jpg,"(3648, 2736)",1c2ef75f6ade1b88a06b8ee6269640a8,https://upload.wikimedia.org/wikipedia/commons/thumb/4/41/Langeais_%2837%29_Ch%C3%A2teau_-_Fa%C3%A7ade_ouest_-_09.jpg/1920px-Langeais_%2837%29_Ch%C3%A2teau_-_Fa%C3%A7ade_ouest_-_09.jpg,0,738fde4d4dcdf3d5
image_1284.hdf5,65563326,building_exterior,wikimedia_commons,https://upload.wikimedia.org/wikipedia/commons/2/21/2016-12-12_The_exterior_of_Indeogwon_Patrol_Division_at_the_final_stage_of_Architectural_Work_%283%29.jpg,https://commons.wikimedia.org/wiki/File:2016-12-12_The_exterior_of_Indeogwon_Patrol_Division_at_the_final_stage_of_Architectural_Work_(3).jpg,CC BY 4.0,,고려,File:2016-12-12 The exterior of Indeogwon Patrol Division at the final stage of Architectural Work (3).jpg,"(4128, 3096)",52d700c8c03644595f831df6160b3455,https://upload.wikimedia.org/wikipedia/commons/thumb/2/21/2016-12-12_The_exterior_of_Indeogwon_Patrol_Division_at_the_final_stage_of_Architectural_Work_%283%29.jpg/1920px-2016-12-12_The_exterior_of_Indeogwon_Patrol_Division_at_the_final_stage_of_Architectural_Work_%283%29.jpg,0,630fb827078b94a6
image_1285.hdf5,183410218,nature_landscape,wikimedia_commons,https://upload.wikimedia.org/wikipedia/commons/b/b1/One_of_the_Twin_Rocks_in_Capitol_Reef_National_Park.jpg,https://commons.wikimedia.org/wiki/File:One_of_the_Twin_Rocks_in_Capitol_Reef_National_Park.jpg,CC BY 4.0,,Pahcal123,File:One of the Twin Rocks in Capitol Reef National Park.jpg,"(5184, 3456)",fd81ef28223d7175e9051e47296a2eec,https://upload.wikimedia.org/wikipedia/commons/thumb/b/b1/One_of_the_Twin_Rocks_in_Capitol_Reef_National_Park.jpg/1920px-One_of_the_Twin_Rocks_in_Capitol_Reef_National_Park.jpg,0,6f37369f8bdebf3e
image_1286.hdf5,182483851,building_exterior,wikimedia_commons,https://upload.wikimedia.org/wikipedia/commons/4/42/Siermetaal_in_de_Maaike_Kerrebroeckstraat.jpg,https://commons.wikimedia.org/wiki/File:Siermetaal_in_de_Maaike_Kerrebroeckstraat.jpg,CC BY 4.0,,Marcia Matthys,File:Siermetaal in de Maaike Kerrebroeckstraat.jpg,"(1682, 2242)",28c118d0d793efc0ebea921e5e2e7d22,https://upload.wikimedia.org/wikipedia/commons/4/42/Siermetaal_in_de_Maaike_Kerrebroeckstraat.jpg,0,cad2d9d3f1dfcde4
image_1287.hdf5,140965118,building_exterior,wikimedia_commons,https://upload.wikimedia.org/wikipedia/commons/4/45/2007_03_27_Tirana_Airport_TIA_LATI_03.jpg,https://commons.wikimedia.org/wiki/File:2007_03_27_Tirana_Airport_TIA_LATI_03.jpg,CC BY 4.0,,Peter Nath,File:2007 03 27 Tirana Airport TIA LATI 03.jpg,"(2592, 1944)",92f2f4d6482112c5b9d49db67a468fb3,https://upload.wikimedia.org/wikipedia/commons/thumb/4/45/2007_03_27_Tirana_Airport_TIA_LATI_03.jpg/1920px-2007_03_27_Tirana_Airport_TIA_LATI_03.jpg,0,0f0700100f00077f
image_1288.hdf5,35984540,nature_landscape,wikimedia_commons,https://upload.wikimedia.org/wikipedia/commons/3/31/Herbal%2C_Naples_landscape%2C_mid_18th_century_Wellcome_L0018193.jpg,"https://commons.wikimedia.org/wiki/File:Herbal,_Naples_landscape,_mid_18th_century_Wellcome_L0018193.jpg",CC BY 4.0,https://commons.wikimedia.org/wiki/User:F%C3%A6,Fæ,"File:Herbal, Naples landscape, mid 18th century Wellcome L0018193.jpg","(1231, 1538)",b79e80bab4d90ca6540b4373c777d3da,https://upload.wikimedia.org/wikipedia/commons/3/31/Herbal%2C_Naples_landscape%2C_mid_18th_century_Wellcome_L0018193.jpg,0,e9cc86a6aeb6d079
image_1289.hdf5,44266245,building_exterior,wikimedia_commons,https://upload.wikimedia.org/wikipedia/commons/8/85/Biblioteca_Carles_Rahola_de_Girona._Exteriors_octubre_2015_02.jpg,https://commons.wikimedia.org/wiki/File:Biblioteca_Carles_Rahola_de_Girona._Exteriors_octubre_2015_02.jpg,CC BY 4.0,,Kippelboy,File:Biblioteca Carles Rahola de Girona. Exteriors octubre 2015 02.jpg,"(3264, 2448)",04c829aa3b5e3fb2224a8728b64e3388,https://upload.wikimedia.org/wikipedia/commons/thumb/8/85/Biblioteca_Carles_Rahola_de_Girona._Exteriors_octubre_2015_02.jpg/1920px-Biblioteca_Carles_Rahola_de_Girona._Exteriors_octubre_2015_02.jpg,0,7034040202424e0b
image_1290.hdf5,164724139,building_exterior,wikimedia_commons,https://upload.wikimedia.org/wikipedia/commons/6/6f/Fachada_del_ex-cinema_Cantarell.jpg,https://commons.wikimedia.org/wiki/File:Fachada_del_ex-cinema_Cantarell.jpg,CC BY 4.0,,Alaniarq,File:Fachada del ex-cinema Cantarell.jpg,"(3024, 4032)",e7c9dc2b4934b612c087b74a86f8dd7b,https://upload.wikimedia.org/wikipedia/commons/thumb/6/6f/Fachada_del_ex-cinema_Cantarell.jpg/1920px-Fachada_del_ex-cinema_Cantarell.jpg,0,031d75557de4a6e4
image_1291.hdf5,159299741,nature_landscape,wikimedia_commons,https://upload.wikimedia.org/wikipedia/commons/a/a3/20220706_Naturschutzgebiet_S%C3%BCdliche_Fr%C3%B6ttmaninger_Heide_02.jpg,https://commons.wikimedia.org/wiki/File:20220706_Naturschutzgebiet_S%C3%BCdliche_Fr%C3%B6ttmaninger_Heide_02.jpg,CC BY 4.0,,Flocci Nivis,File:20220706 Naturschutzgebiet Südliche Fröttmaninger Heide 02.jpg,"(6016, 4016)",df4af79e2aea9d157f6e7c8c4a1bd827,https://upload.wikimedia.org/wikipedia/commons/thumb/a/a3/20220706_Naturschutzgebiet_S%C3%BCdliche_Fr%C3%B6ttmaninger_Heide_02.jpg/1920px-20220706_Naturschutzgebiet_S%C3%BCdliche_Fr%C3%B6ttmaninger_Heide_02.jpg,0,290d8f0f0f070707
image_1292.hdf5,150043253,building_exterior,wikimedia_commons,https://upload.wikimedia.org/wikipedia/commons/f/f9/Mercury_theatre_Building_Exterior_-_Photo_by_Mercury_Theatre.jpg,https://commons.wikimedia.org/wiki/File:Mercury_theatre_Building_Exterior_-_Photo_by_Mercury_Theatre.jpg,CC BY 4.0,,MercuryTheatre,File:Mercury theatre Building Exterior - Photo by Mercury Theatre.jpg,"(3629, 2655)",53c09df6a8c51346b7546ec5319fc724,https://upload.wikimedia.org/wikipedia/commons/thumb/f/f9/Mercury_theatre_Building_Exterior_-_Photo_by_Mercury_Theatre.jpg/1920px-Mercury_theatre_Building_Exterior_-_Photo_by_Mercury_Theatre.jpg,0,e0728b88a88fe8ec
image_1293.hdf5,90799238,nature_landscape,wikimedia_commons,https://upload.wikimedia.org/wikipedia/commons/2/2e/%D0%9B%D1%8D%D0%BD%D0%B4_%D0%B0%D1%80%D1%82_%D0%B8%D0%B7_%D0%B6%D0%B5%D0%BB%D0%B5%D0%B7%D0%BD%D1%8B%D1%85_%D0%BF%D0%B0%D0%BB%D0%BE%D0%BA.jpg,https://commons.wikimedia.org/wiki/File:%D0%9B%D1%8D%D0%BD%D0%B4_%D0%B0%D1%80%D1%82_%D0%B8%D0%B7_%D0%B6%D0%B5%D0%BB%D0%B5%D0%B7%D0%BD%D1%8B%D1%85_%D0%BF%D0%B0%D0%BB%D0%BE%D0%BA.jpg,CC BY 4.0,,Флорист,File:Лэнд арт из железных палок.jpg,"(1775, 2657)",843c3a5de1a77884ccb6f4cf697fcb60,https://upload.wikimedia.org/wikipedia/commons/2/2e/%D0%9B%D1%8D%D0%BD%D0%B4_%D0%B0%D1%80%D1%82_%D0%B8%D0%B7_%D0%B6%D0%B5%D0%BB%D0%B5%D0%B7%D0%BD%D1%8B%D1%85_%D0%BF%D0%B0%D0%BB%D0%BE%D0%BA.jpg,0,5898696de7459a2c
image_1294.hdf5,150530228,building_exterior,wikimedia_commons,https://upload.wikimedia.org/wikipedia/commons/d/de/Landujan_%2835%29_%C3%89glise_Saint-Tudin_-_Ext%C3%A9rieur_-_15.jpg,https://commons.wikimedia.org/wiki/File:Landujan_(35)_%C3%89glise_Saint-Tudin_-_Ext%C3%A9rieur_-_15.jpg,CC BY 4.0,,GO69,File:Landujan (35) Église Saint-Tudin - Extérieur - 15.jpg,"(2736, 3648)",803099ccfad2d60857deb3672b0c07b6,https://upload.wikimedia.org/wikipedia/commons/thumb/d/de/Landujan_%2835%29_%C3%89glise_Saint-Tudin_-_Ext%C3%A9rieur_-_15.jpg/1920px-Landujan_%2835%29_%C3%89glise_Saint-Tudin_-_Ext%C3%A9rieur_-_15.jpg,0,ffdba6b61e0c9142
image_1295.hdf5,176379022,building_exterior,wikimedia_commons,https://upload.wikimedia.org/wikipedia/commons/0/0c/First_Tennessee_Plaza_-_Knoxville%2C_Tennessee_-_December_27%2C_2014.jpg,"https://commons.wikimedia.org/wiki/File:First_Tennessee_Plaza_-_Knoxville,_Tennessee_-_December_27,_2014.jpg",CC BY 4.0,,David Ratledge,"File:First Tennessee Plaza - Knoxville, Tennessee - December 27, 2014.jpg","(4896, 3264)",51331b718023ab9909499323b9a12f8b,https://upload.wikimedia.org/wikipedia/commons/thumb/0/0c/First_Tennessee_Plaza_-_Knoxville%2C_Tennessee_-_December_27%2C_2014.jpg/1920px-First_Tennessee_Plaza_-_Knoxville%2C_Tennessee_-_December_27%2C_2014.jpg,0,2f6767672e33631b
image_1296.hdf5,66330147,building_exterior,wikimedia_commons,https://upload.wikimedia.org/wikipedia/commons/c/cb/22_Bahman_2018_in_Tehran_10.jpg,https://commons.wikimedia.org/wiki/File:22_Bahman_2018_in_Tehran_10.jpg,CC BY 4.0,https://commons.wikimedia.org/wiki/User:Mbazri,Mbazri,File:22 Bahman 2018 in Tehran 10.jpg,"(748, 533)",645768a768703ed82be380fe031003a1,https://upload.wikimedia.org/wikipedia/commons/c/cb/22_Bahman_2018_in_Tehran_10.jpg,0,333194313189332c
image_1297.hdf5,146890435,nature_landscape,wikimedia_commons,https://upload.wikimedia.org/wikipedia/commons/7/79/Mokrad%C5%82a_Stary_Imielnik_1.jpg,https://commons.wikimedia.org/wiki/File:Mokrad%C5%82a_Stary_Imielnik_1.jpg,CC BY 4.0,,Mafo,File:Mokradła Stary Imielnik 1.jpg,"(4000, 3000)",7a6d0d0cf2fda64e4873442224ce2c74,https://upload.wikimedia.org/wikipedia/commons/thumb/7/79/Mokrad%C5%82a_Stary_Imielnik_1.jpg/1920px-Mokrad%C5%82a_Stary_Imielnik_1.jpg,0,0a0c6dff0e26dfbf
image_1298.hdf5,135917869,building_exterior,wikimedia_commons,https://upload.wikimedia.org/wikipedia/commons/e/e2/IOOF_Building%2C_Heppner_-_DPLA_-_979233926b1feb24368e2664df099d4d_%28page_1%29.jpg,"https://commons.wikimedia.org/wiki/File:IOOF_Building,_Heppner_-_DPLA_-_979233926b1feb24368e2664df099d4d_(page_1).jpg",CC BY 4.0,,"Gary Halvorson, Oregon State Archives","File:IOOF Building, Heppner - DPLA - 979233926b1feb24368e2664df099d4d (page 1).jpg","(2000, 1339)",ae1b56f0cbadf3a7f42635ee235c2706,https://upload.wikimedia.org/wikipedia/commons/thumb/e/e2/IOOF_Building%2C_Heppner_-_DPLA_-_979233926b1feb24368e2664df099d4d_%28page_1%29.jpg/1920px-IOOF_Building%2C_Heppner_-_DPLA_-_979233926b1feb24368e2664df099d4d_%28page_1%29.jpg,0,ffbf4fcf838e870f
image_1299.hdf5,119328102,building_exterior,wikimedia_commons,https://upload.wikimedia.org/wikipedia/commons/3/3a/The_Rathskeller_-_June_2022_-_Sarah_Stierch_09.jpg,https://commons.wikimedia.org/wiki/File:The_Rathskeller_-_June_2022_-_Sarah_Stierch_09.jpg,CC BY 4.0,,Missvain,File:The Rathskeller - June 2022 - Sarah Stierch 09.jpg,"(4032, 3024)",457f1ae73b8b25b8ff171f0e6343f680,https://upload.wikimedia.org/wikipedia/commons/thumb/3/3a/The_Rathskeller_-_June_2022_-_Sarah_Stierch_09.jpg/1920px-The_Rathskeller_-_June_2022_-_Sarah_Stierch_09.jpg,0,139b8dad8e937136
image_1300.hdf5,176042864,building_exterior,wikimedia_commons,https://upload.wikimedia.org/wikipedia/commons/0/05/Building_under_construction_%28Indonesia%29.jpg,https://commons.wikimedia.org/wiki/File:Building_under_construction_(Indonesia).jpg,CC BY 4.0,,Fitrah 9131,File:Building under construction (Indonesia).jpg,"(4080, 3060)",7c734a6669f41d4a1a6d7387a501b6cb,https://upload.wikimedia.org/wikipedia/commons/thumb/0/05/Building_under_construction_%28Indonesia%29.jpg/1920px-Building_under_construction_%28Indonesia%29.jpg,0,d5f8f0e4e4ac01c3
image_1301.hdf5,87136792,building_exterior,wikimedia_commons,https://upload.wikimedia.org/wikipedia/commons/1/15/Zele_Cesar_Meeusstraat_14_-_117859_-_onroerenderfgoed.jpg,https://commons.wikimedia.org/wiki/File:Zele_Cesar_Meeusstraat_14_-_117859_-_onroerenderfgoed.jpg,CC BY 4.0,,"Duchêne, Helena",File:Zele Cesar Meeusstraat 14 - 117859 - onroerenderfgoed.jpg,"(427, 640)",68dc11c1696f0490ddbde506b18c56cc,https://upload.wikimedia.org/wikipedia/commons/1/15/Zele_Cesar_Meeusstraat_14_-_117859_-_onroerenderfgoed.jpg,0,0e21380751520a18
image_1302.hdf5,108321290,building_exterior,wikimedia_commons,https://upload.wikimedia.org/wikipedia/commons/7/73/Flying_buttress_Milan.jpg,https://commons.wikimedia.org/wiki/File:Flying_buttress_Milan.jpg,CC BY 4.0,,Bruno Sudret,File:Flying buttress Milan.jpg,"(852, 1280)",da25b815bb89c75288120b1004d21130,https://upload.wikimedia.org/wikipedia/commons/7/73/Flying_buttress_Milan.jpg,0,0e3ef9a74feeeacc
image_1303.hdf5,159144655,building_exterior,wikimedia_commons,https://upload.wikimedia.org/wikipedia/commons/1/1f/Maxine_Waters_speaking_outside_of_the_Treasury_Building.jpg,https://commons.wikimedia.org/wiki/File:Maxine_Waters_speaking_outside_of_the_Treasury_Building.jpg,CC BY 4.0,,SWinxy,File:Maxine Waters speaking outside of the Treasury Building.jpg,"(4145, 2758)",90c1836c603af105a291ee900d59200e,https://upload.wikimedia.org/wikipedia/commons/thumb/1/1f/Maxine_Waters_speaking_outside_of_the_Treasury_Building.jpg/1920px-Maxine_Waters_speaking_outside_of_the_Treasury_Building.jpg,0,96f2c9cf694b6786
image_1304.hdf5,116917079,building_exterior,wikimedia_commons,https://upload.wikimedia.org/wikipedia/commons/c/cd/Sculpture-Roof-La-Duomo.jpg,https://commons.wikimedia.org/wiki/File:Sculpture-Roof-La-Duomo.jpg,CC BY 4.0,,acediscovery,File:Sculpture-Roof-La-Duomo.jpg,"(2400, 3200)",fc16c62b93c812da4ad57c191a265616,https://upload.wikimedia.org/wikipedia/commons/thumb/c/cd/Sculpture-Roof-La-Duomo.jpg/1920px-Sculpture-Roof-La-Duomo.jpg,0,c173325800020002
image_1305.hdf5,148556744,nature_landscape,wikimedia_commons,https://upload.wikimedia.org/wikipedia/commons/0/0c/Galloway_Weide_Adelby_mitten_in_Flensburg_02.jpg,https://commons.wikimedia.org/wiki/File:Galloway_Weide_Adelby_mitten_in_Flensburg_02.jpg,CC BY 4.0,,Norderflens,File:Galloway Weide Adelby mitten in Flensburg 02.jpg,"(3072, 4080)",187738e31456aefc3626bba85172cd16,https://upload.wikimedia.org/wikipedia/commons/thumb/0/0c/Galloway_Weide_Adelby_mitten_in_Flensburg_02.jpg/1920px-Galloway_Weide_Adelby_mitten_in_Flensburg_02.jpg,0,1c3f3b0e1c018241
image_1306.hdf5,160678500,nature_landscape,wikimedia_commons,https://upload.wikimedia.org/wikipedia/commons/6/6b/In_den_Gabrissen_img01.jpg,https://commons.wikimedia.org/wiki/File:In_den_Gabrissen_img01.jpg,CC BY 4.0,,Lucaconi2000,File:In den Gabrissen img01.jpg,"(2048, 1536)",8967a207a41b5179f132d58d92ee53d4,https://upload.wikimedia.org/wikipedia/commons/thumb/6/6b/In_den_Gabrissen_img01.jpg/1920px-In_den_Gabrissen_img01.jpg,0,320206de5a2f4e4f
image_1307.hdf5,90749738,nature_landscape,wikimedia_commons,https://upload.wikimedia.org/wikipedia/commons/5/54/Matrya_conset.jpg,https://commons.wikimedia.org/wiki/File:Matrya_conset.jpg,CC BY 4.0,,Orlovma,File:Matrya conset.jpg,"(4608, 3456)",4974fe8feb940e0a54e41a96d251b1c5,https://upload.wikimedia.org/wikipedia/commons/thumb/5/54/Matrya_conset.jpg/1920px-Matrya_conset.jpg,0,63519898f0abefcf
image_1308.hdf5,179871148,nature_landscape,wikimedia_commons,https://upload.wikimedia.org/wikipedia/commons/f/f6/Shenandoah_National_Park_trail_post_label.png,https://commons.wikimedia.org/wiki/File:Shenandoah_National_Park_trail_post_label.png,CC BY 4.0,,Alexander Abair,File:Shenandoah National Park trail post label.png,"(6010, 4114)",db7a06df90fc5e906ee18a2fba966aa4,https://upload.wikimedia.org/wikipedia/commons/thumb/f/f6/Shenandoah_National_Park_trail_post_label.png/1920px-Shenandoah_National_Park_trail_post_label.png,0,1238082121292939
image_1309.hdf5,86607924,building_exterior,wikimedia_commons,https://upload.wikimedia.org/wikipedia/commons/c/cc/Vuurtoren_en_betonnen_hekwerk_-_343532_-_onroerenderfgoed.jpg,https://commons.wikimedia.org/wiki/File:Vuurtoren_en_betonnen_hekwerk_-_343532_-_onroerenderfgoed.jpg,CC BY 4.0,,"De Schepper, Jo",File:Vuurtoren en betonnen hekwerk - 343532 - onroerenderfgoed.jpg,"(3072, 4432)",42c33af3ccf61fb3d0ba917163c839ff,https://upload.wikimedia.org/wikipedia/commons/thumb/c/cc/Vuurtoren_en_betonnen_hekwerk_-_343532_-_onroerenderfgoed.jpg/1920px-Vuurtoren_en_betonnen_hekwerk_-_343532_-_onroerenderfgoed.jpg,0,2122b2b221313032
image_1310.hdf5,172171733,nature_landscape,wikimedia_commons,https://upload.wikimedia.org/wikipedia/commons/4/4c/Oberhausen_an_der_Nahe_Nature_protection_132.jpg,https://commons.wikimedia.org/wiki/File:Oberhausen_an_der_Nahe_Nature_protection_132.jpg,CC BY 4.0,,Jacquesverlaeken,File:Oberhausen an der Nahe Nature protection 132.jpg,"(1920, 2560)",7780ffdd49a9e4c4dc7f1a0e5821c79e,https://upload.wikimedia.org/wikipedia/commons/thumb/4/4c/Oberhausen_an_der_Nahe_Nature_protection_132.jpg/1920px-Oberhausen_an_der_Nahe_Nature_protection_132.jpg,0,360140511d9f0f23
image_1311.hdf5,81096598,building_exterior,wikimedia_commons,https://upload.wikimedia.org/wikipedia/commons/c/c9/Blox_building_in_Copenhagen.jpg,https://commons.wikimedia.org/wiki/File:Blox_building_in_Copenhagen.jpg,CC BY 4.0,,Sintakso,File:Blox building in Copenhagen.jpg,"(4032, 3024)",b9793d4a37a491b9d005c08cd4ca72c3,https://upload.wikimedia.org/wikipedia/commons/thumb/c/c9/Blox_building_in_Copenhagen.jpg/1920px-Blox_building_in_Copenhagen.jpg,0,0030d2d3c41380f0
image_1312.hdf5,167032238,building_exterior,wikimedia_commons,https://upload.wikimedia.org/wikipedia/commons/9/9e/Buildings_in_DIB_Bottola%2C_Faridpur.jpg,"https://commons.wikimedia.org/wiki/File:Buildings_in_DIB_Bottola,_Faridpur.jpg",CC BY 4.0,,মোঃ সাকিবুল হাসান,"File:Buildings in DIB Bottola, Faridpur.jpg","(3058, 2295)",f41b1d4cefc09affc45d37678b4a905a,https://upload.wikimedia.org/wikipedia/commons/thumb/9/9e/Buildings_in_DIB_Bottola%2C_Faridpur.jpg/1920px-Buildings_in_DIB_Bottola%2C_Faridpur.jpg,0,89871bcaec5b1233
image_1313.hdf5,107914676,building_exterior,wikimedia_commons,https://upload.wikimedia.org/wikipedia/commons/f/fc/%E5%9B%BD%E7%AB%8B%E7%AB%B6%E6%8A%80%E5%A0%B4%E3%81%AE%E5%A4%96%E8%A6%B3_Exterior_of_the_Japan_National_Stadium_03.jpg,https://commons.wikimedia.org/wiki/File:%E5%9B%BD%E7%AB%8B%E7%AB%B6%E6%8A%80%E5%A0%B4%E3%81%AE%E5%A4%96%E8%A6%B3_Exterior_of_the_Japan_National_Stadium_03.jpg,CC BY 4.0,,RuinDig/Yuki Uchida,File:国立競技場の外観 Exterior of the Japan National Stadium 03.jpg,"(2048, 1536)",358e363028ff559333648323feef6e18,https://upload.wikimedia.org/wikipedia/commons/thumb/f/fc/%E5%9B%BD%E7%AB%8B%E7%AB%B6%E6%8A%80%E5%A0%B4%E3%81%AE%E5%A4%96%E8%A6%B3_Exterior_of_the_Japan_National_Stadium_03.jpg/1920px-%E5%9B%BD%E7%AB%8B%E7%AB%B6%E6%8A%80%E5%A0%B4%E3%81%AE%E5%A4%96%E8%A6%B3_Exterior_of_the_Japan_National_Stadium_03.jpg,0,0840d898871a1a9e
image_1314.hdf5,143118642,building_exterior,wikimedia_commons,https://upload.wikimedia.org/wikipedia/commons/a/a2/FK_Riteriai_team_player_bus_front_Copenhagen.jpg,https://commons.wikimedia.org/wiki/File:FK_Riteriai_team_player_bus_front_Copenhagen.jpg,CC BY 4.0,,Froztbyte,File:FK Riteriai team player bus front Copenhagen.jpg,"(4032, 3024)",ed52dd9b0e6c6850ed1a2076b704efc0,https://upload.wikimedia.org/wikipedia/commons/thumb/a/a2/FK_Riteriai_team_player_bus_front_Copenhagen.jpg/1920px-FK_Riteriai_team_player_bus_front_Copenhagen.jpg,0,8679f8f89816e8fc
image_1315.hdf5,162919204,nature_landscape,wikimedia_commons,https://upload.wikimedia.org/wikipedia/commons/b/bc/Van_Long_Nature_Reserve_Riet_Grotten_Kalksteen_Ninh_Binh.jpg,https://commons.wikimedia.org/wiki/File:Van_Long_Nature_Reserve_Riet_Grotten_Kalksteen_Ninh_Binh.jpg,CC BY 4.0,,Andre Hospers,File:Van Long Nature Reserve Riet Grotten Kalksteen Ninh Binh.jpg,"(4032, 3024)",42b2e9c377c86574e2c1396b50352c30,https://upload.wikimedia.org/wikipedia/commons/thumb/b/bc/Van_Long_Nature_Reserve_Riet_Grotten_Kalksteen_Ninh_Binh.jpg/1920px-Van_Long_Nature_Reserve_Riet_Grotten_Kalksteen_Ninh_Binh.jpg,0,0f2fcfcfbf49cdad
image_1316.hdf5,179580135,building_exterior,wikimedia_commons,https://upload.wikimedia.org/wikipedia/commons/b/b7/2021-02-18-dentistry-building-exterior12s1a6907_50980387066_o.jpg,https://commons.wikimedia.org/wiki/File:2021-02-18-dentistry-building-exterior12s1a6907_50980387066_o.jpg,CC BY 4.0,https://commons.wikimedia.org/wiki/User:DrThneed,DrThneed,File:2021-02-18-dentistry-building-exterior12s1a6907 50980387066 o.jpg,"(6699, 4466)",b511e783e48a894ed3f9286bb52edacd,https://upload.wikimedia.org/wikipedia/commons/thumb/b/b7/2021-02-18-dentistry-building-exterior12s1a6907_50980387066_o.jpg/1920px-2021-02-18-dentistry-building-exterior12s1a6907_50980387066_o.jpg,0,585958589cbd2e36
image_1317.hdf5,185723776,nature_landscape,wikimedia_commons,https://upload.wikimedia.org/wikipedia/commons/a/a4/19_Hintersee_mit_Hochkalter_und_dessen_Spiegelung.jpg,https://commons.wikimedia.org/wiki/File:19_Hintersee_mit_Hochkalter_und_dessen_Spiegelung.jpg,CC BY 4.0,,Ekki3,File:19 Hintersee mit Hochkalter und dessen Spiegelung.jpg,"(4000, 3000)",93a0ae041b74303d0f114508345d5123,https://upload.wikimedia.org/wikipedia/commons/thumb/a/a4/19_Hintersee_mit_Hochkalter_und_dessen_Spiegelung.jpg/1920px-19_Hintersee_mit_Hochkalter_und_dessen_Spiegelung.jpg,0,c90801a126035899
image_1318.hdf5,181425161,building_exterior,wikimedia_commons,https://upload.wikimedia.org/wikipedia/commons/3/30/Northern_frontage%2C_Wolnica_Square%2C_Kazimierz%2C_Krak%C3%B3w%2C_Poland.jpg,"https://commons.wikimedia.org/wiki/File:Northern_frontage,_Wolnica_Square,_Kazimierz,_Krak%C3%B3w,_Poland.jpg",CC BY 4.0,,Igor123121,"File:Northern frontage, Wolnica Square, Kazimierz, Kraków, Poland.jpg","(3200, 2398)",23f146211734b95b4f3af841de4ee2fc,https://upload.wikimedia.org/wikipedia/commons/thumb/3/30/Northern_frontage%2C_Wolnica_Square%2C_Kazimierz%2C_Krak%C3%B3w%2C_Poland.jpg/1920px-Northern_frontage%2C_Wolnica_Square%2C_Kazimierz%2C_Krak%C3%B3w%2C_Poland.jpg,0,0d4d4b0d8df47d8f
image_1319.hdf5,185927403,building_exterior,wikimedia_commons,https://upload.wikimedia.org/wikipedia/commons/5/50/Exterior_of_the_Museum_of_Architecture_and_Design.jpg,https://commons.wikimedia.org/wiki/File:Exterior_of_the_Museum_of_Architecture_and_Design.jpg,CC BY 4.0,,MBH,File:Exterior of the Museum of Architecture and Design.jpg,"(9248, 6936)",b679a0723fb73d3602fb9a7f4f2409fe,https://upload.wikimedia.org/wikipedia/commons/thumb/5/50/Exterior_of_the_Museum_of_Architecture_and_Design.jpg/1920px-Exterior_of_the_Museum_of_Architecture_and_Design.jpg,0,838f8e9b3868e791
image_1320.hdf5,185178905,building_exterior,wikimedia_commons,https://upload.wikimedia.org/wikipedia/commons/5/51/Iluminaci%C3%B3n_Congreso_Enfermedades_Raras.jpg,https://commons.wikimedia.org/wiki/File:Iluminaci%C3%B3n_Congreso_Enfermedades_Raras.jpg,CC BY 4.0,,Palomilla Apocatastásica,File:Iluminación Congreso Enfermedades Raras.jpg,"(3024, 4032)",2140bef4e8cc3cc2e4b5f88cf29fd751,https://upload.wikimedia.org/wikipedia/commons/thumb/5/51/Iluminaci%C3%B3n_Congreso_Enfermedades_Raras.jpg/1920px-Iluminaci%C3%B3n_Congreso_Enfermedades_Raras.jpg,0,c434c1c0d89246cf
image_1321.hdf5,149317596,building_exterior,wikimedia_commons,https://upload.wikimedia.org/wikipedia/commons/3/37/Exterior_decoration_of_Burtuk_Tshechu_Monastery_in_Gangtok_district%2C_East_Sikkim.jpg,"https://commons.wikimedia.org/wiki/File:Exterior_decoration_of_Burtuk_Tshechu_Monastery_in_Gangtok_district,_East_Sikkim.jpg",CC BY 4.0,,Anjan Kumar Kundu,"File:Exterior decoration of Burtuk Tshechu Monastery in Gangtok district, East Sikkim.jpg","(5400, 3600)",e0900e66cd76df11c5cd2710e1b89b72,https://upload.wikimedia.org/wikipedia/commons/thumb/3/37/Exterior_decoration_of_Burtuk_Tshechu_Monastery_in_Gangtok_district%2C_East_Sikkim.jpg/1920px-Exterior_decoration_of_Burtuk_Tshechu_Monastery_in_Gangtok_district%2C_East_Sikkim.jpg,0,e84a4a4af0f022f2
image_1322.hdf5,173109489,nature_landscape,wikimedia_commons,https://upload.wikimedia.org/wikipedia/commons/f/fb/SAFARI_AT_THE_NATIONAL_PARK_%2816%29.png,https://commons.wikimedia.org/wiki/File:SAFARI_AT_THE_NATIONAL_PARK_(16).png,CC BY 4.0,,Ferfive,File:SAFARI AT THE NATIONAL PARK (16).png,"(1844, 3128)",d634dc46ef8a6bb78ab6702aac92ece0,https://upload.wikimedia.org/wikipedia/commons/f/fb/SAFARI_AT_THE_NATIONAL_PARK_%2816%29.png,0,0c78a93433cdcfc4
image_1323.hdf5,192868188,building_exterior,wikimedia_commons,https://upload.wikimedia.org/wikipedia/commons/3/38/Sculpture_group_on_the_western_fa%C3%A7ade%2C_Massandra_Palace_01.jpg,"https://commons.wikimedia.org/wiki/File:Sculpture_group_on_the_western_fa%C3%A7ade,_Massandra_Palace_01.jpg",CC BY 4.0,,Dmytro Petishkin,"File:Sculpture group on the western façade, Massandra Palace 01.jpg","(5106, 3456)",28d207930a8b0fa5401463ee96a9b35d,https://upload.wikimedia.org/wikipedia/commons/thumb/3/38/Sculpture_group_on_the_western_fa%C3%A7ade%2C_Massandra_Palace_01.jpg/1920px-Sculpture_group_on_the_western_fa%C3%A7ade%2C_Massandra_Palace_01.jpg,0,cf3fd4d4d5bc3f3f
image_1324.hdf5,86975326,building_exterior,wikimedia_commons,https://upload.wikimedia.org/wikipedia/commons/6/65/Tongeren_Muntstraat_25_-_258616_-_onroerenderfgoed.jpg,https://commons.wikimedia.org/wiki/File:Tongeren_Muntstraat_25_-_258616_-_onroerenderfgoed.jpg,CC BY 4.0,,"Schlusmans, Frieda",File:Tongeren Muntstraat 25 - 258616 - onroerenderfgoed.jpg,"(1025, 1440)",6a97edfaf7797b394948aa55ad1f51e1,https://upload.wikimedia.org/wikipedia/commons/6/65/Tongeren_Muntstraat_25_-_258616_-_onroerenderfgoed.jpg,0,b070e8ccb4fc64e0
image_1325.hdf5,187414322,building_exterior,wikimedia_commons,https://upload.wikimedia.org/wikipedia/commons/f/f7/ExteriorofCornerLunch.jpg,https://commons.wikimedia.org/wiki/File:ExteriorofCornerLunch.jpg,CC BY 4.0,,Pacamah,File:ExteriorofCornerLunch.jpg,"(5712, 4284)",bfabd1e3ce3f17178a51aeb2e855c7a2,https://upload.wikimedia.org/wikipedia/commons/thumb/f/f7/ExteriorofCornerLunch.jpg/1920px-ExteriorofCornerLunch.jpg,0,e06870e4985a6959
image_1326.hdf5,173807284,nature_landscape,wikimedia_commons,https://upload.wikimedia.org/wikipedia/commons/4/42/Coral_Rock_Oyster%2C_Green_Island_National_Park%2C_Green_Island%2C_QLD%2C_AU_imported_from_iNaturalist_photo_488198065.jpg,"https://commons.wikimedia.org/wiki/File:Coral_Rock_Oyster,_Green_Island_National_Park,_Green_Island,_QLD,_AU_imported_from_iNaturalist_photo_488198065.jpg",CC BY 4.0,,"(c) Caleb Catto, some rights reserved (CC BY)","File:Coral Rock Oyster, Green Island National Park, Green Island, QLD, AU imported from iNaturalist photo 488198065.jpg","(2048, 1536)",234eceb24a31e9f817d64b589733a493,https://upload.wikimedia.org/wikipedia/commons/thumb/4/42/Coral_Rock_Oyster%2C_Green_Island_National_Park%2C_Green_Island%2C_QLD%2C_AU_imported_from_iNaturalist_photo_488198065.jpg/1920px-Coral_Rock_Oyster%2C_Green_Island_National_Park%2C_Green_Island%2C_QLD%2C_AU_imported_from_iNaturalist_photo_488198065.jpg,0,8223238b4b94c4e0
image_1327.hdf5,69434597,nature_landscape,wikimedia_commons,https://upload.wikimedia.org/wikipedia/commons/8/84/Nightcap_National_Park%2C_NSW_Australia.jpg,"https://commons.wikimedia.org/wiki/File:Nightcap_National_Park,_NSW_Australia.jpg",CC BY 4.0,,Jess miller,"File:Nightcap National Park, NSW Australia.jpg","(3840, 3840)",8816479842f466fc571daee5df73b849,https://upload.wikimedia.org/wikipedia/commons/thumb/8/84/Nightcap_National_Park%2C_NSW_Australia.jpg/1920px-Nightcap_National_Park%2C_NSW_Australia.jpg,0,cd7357971737b796
image_1328.hdf5,181891959,nature_landscape,wikimedia_commons,https://upload.wikimedia.org/wikipedia/commons/a/a8/Gracupica_jalla%2C_Bali_Birding_Tour_National_Park%2C_Bali%2C_Indonesia_2.jpg,"https://commons.wikimedia.org/wiki/File:Gracupica_jalla,_Bali_Birding_Tour_National_Park,_Bali,_Indonesia_2.jpg",CC BY 4.0,https://www.inaturalist.org/people/panjigusti,panjigusti,"File:Gracupica jalla, Bali Birding Tour National Park, Bali, Indonesia 2.jpg","(2048, 1536)",4e369605735d2706f576d3802a345743,https://upload.wikimedia.org/wikipedia/commons/thumb/a/a8/Gracupica_jalla%2C_Bali_Birding_Tour_National_Park%2C_Bali%2C_Indonesia_2.jpg/1920px-Gracupica_jalla%2C_Bali_Birding_Tour_National_Park%2C_Bali%2C_Indonesia_2.jpg,0,9efb7554cd45c250
image_1329.hdf5,177154073,building_exterior,wikimedia_commons,https://upload.wikimedia.org/wikipedia/commons/e/ec/Before_the_Fish_Fry_at_the_Slovenian_National_Home.jpg,https://commons.wikimedia.org/wiki/File:Before_the_Fish_Fry_at_the_Slovenian_National_Home.jpg,CC BY 4.0,,Gswaggy23,File:Before the Fish Fry at the Slovenian National Home.jpg,"(4284, 5712)",7c8d9a9ed41cc48adf49c9642736a6f0,https://upload.wikimedia.org/wikipedia/commons/thumb/e/ec/Before_the_Fish_Fry_at_the_Slovenian_National_Home.jpg/1920px-Before_the_Fish_Fry_at_the_Slovenian_National_Home.jpg,0,dcdfbcd4d45c9333
image_1330.hdf5,135909824,nature_landscape,wikimedia_commons,https://upload.wikimedia.org/wikipedia/commons/9/9d/Sun_Notch_Trail%2C_Crater_Lake_National_Park_-_DPLA_-_470d968c58d8dabb57d7eb00334fe6fc.jpg,"https://commons.wikimedia.org/wiki/File:Sun_Notch_Trail,_Crater_Lake_National_Park_-_DPLA_-_470d968c58d8dabb57d7eb00334fe6fc.jpg",CC BY 4.0,,"Gary Halvorson, Oregon State Archives","File:Sun Notch Trail, Crater Lake National Park - DPLA - 470d968c58d8dabb57d7eb00334fe6fc.jpg","(2000, 1335)",f57f25beafbcc5a9d6d19d781c9163f4,https://upload.wikimedia.org/wikipedia/commons/thumb/9/9d/Sun_Notch_Trail%2C_Crater_Lake_National_Park_-_DPLA_-_470d968c58d8dabb57d7eb00334fe6fc.jpg/1920px-Sun_Notch_Trail%2C_Crater_Lake_National_Park_-_DPLA_-_470d968c58d8dabb57d7eb00334fe6fc.jpg,0,94544a86949898da
image_1331.hdf5,163437569,nature_landscape,wikimedia_commons,https://upload.wikimedia.org/wikipedia/commons/1/1a/Lion_at_Nairobi_National_Park%2C_Kenya.jpg,"https://commons.wikimedia.org/wiki/File:Lion_at_Nairobi_National_Park,_Kenya.jpg",CC BY 4.0,,Elena.laps,"File:Lion at Nairobi National Park, Kenya.jpg","(3024, 4032)",fd60502f2c02f31992b393a691aaf00a,https://upload.wikimedia.org/wikipedia/commons/thumb/1/1a/Lion_at_Nairobi_National_Park%2C_Kenya.jpg/1920px-Lion_at_Nairobi_National_Park%2C_Kenya.jpg,0,19e3e38848c08c18
image_1332.hdf5,131601201,building_exterior,wikimedia_commons,https://upload.wikimedia.org/wikipedia/commons/7/7d/%D0%A0%D0%B5%D0%BA%D0%BE%D0%BD%D1%81%D1%82%D1%80%D1%83%D0%BA%D1%86%D0%B8%D1%8F_%D0%B0%D1%80%D0%BA%D0%B8_%D0%B3%D0%BB%D0%B0%D0%B2%D0%BD%D0%BE%D0%B3%D0%BE_%D0%B2%D1%85%D0%BE%D0%B4%D0%B0_%D1%81%D0%B0%D0%B4%D0%B0_%D0%90%D0%BA%D1%81%D0%B0%D0%BA%D0%BE%D0%B2%D0%B0_%D0%B2_%D0%A3%D1%84%D0%B5.jpg,https://commons.wikimedia.org/wiki/File:%D0%A0%D0%B5%D0%BA%D0%BE%D0%BD%D1%81%D1%82%D1%80%D1%83%D0%BA%D1%86%D0%B8%D1%8F_%D0%B0%D1%80%D0%BA%D0%B8_%D0%B3%D0%BB%D0%B0%D0%B2%D0%BD%D0%BE%D0%B3%D0%BE_%D0%B2%D1%85%D0%BE%D0%B4%D0%B0_%D1%81%D0%B0%D0%B4%D0%B0_%D0%90%D0%BA%D1%81%D0%B0%D0%BA%D0%BE%D0%B2%D0%B0_%D0%B2_%D0%A3%D1%84%D0%B5.jpg,CC BY 4.0,,Официальный портал Республики Башкортостан,File:Реконструкция арки главного входа сада Аксакова в Уфе.jpg,"(1024, 682)",f38137ec5fffe9711f693c64da230606,https://upload.wikimedia.org/wikipedia/commons/7/7d/%D0%A0%D0%B5%D0%BA%D0%BE%D0%BD%D1%81%D1%82%D1%80%D1%83%D0%BA%D1%86%D0%B8%D1%8F_%D0%B0%D1%80%D0%BA%D0%B8_%D0%B3%D0%BB%D0%B0%D0%B2%D0%BD%D0%BE%D0%B3%D0%BE_%D0%B2%D1%85%D0%BE%D0%B4%D0%B0_%D1%81%D0%B0%D0%B4%D0%B0_%D0%90%D0%BA%D1%81%D0%B0%D0%BA%D0%BE%D0%B2%D0%B0_%D0%B2_%D0%A3%D1%84%D0%B5.jpg,0,4ac9a5c22264e979
image_1333.hdf5,35128050,nature_landscape,wikimedia_commons,https://upload.wikimedia.org/wikipedia/commons/7/7b/Sliding-Rocks-on-Racetrack-Playa-Death-Valley-National-Park-First-Observation-of-Rocks-in-Motion-pone.0105948.g003.jpg,https://commons.wikimedia.org/wiki/File:Sliding-Rocks-on-Racetrack-Playa-Death-Valley-National-Park-First-Observation-of-Rocks-in-Motion-pone.0105948.g003.jpg,CC BY 4.0,,"Norris R, Norris J, Lorenz R, Ray J, Jackson B",File:Sliding-Rocks-on-Racetrack-Playa-Death-Valley-National-Park-First-Observation-of-Rocks-in-Motion-pone.0105948.g003.jpg,"(629, 1031)",c34fa78488784f5c94e11cbe360d39a9,https://upload.wikimedia.org/wikipedia/commons/7/7b/Sliding-Rocks-on-Racetrack-Playa-Death-Valley-National-Park-First-Observation-of-Rocks-in-Motion-pone.0105948.g003.jpg,0,0e0e2c2c1e998fac
image_1334.hdf5,190763387,nature_landscape,wikimedia_commons,https://upload.wikimedia.org/wikipedia/commons/3/32/Exterior_of_Pine_Springs_Visitor_Center_in_Guadalupe_Mountains_National_Park_-_DPLA_-_5d40a1148c389ccf1ee2409147573b27.jpg,https://commons.wikimedia.org/wiki/File:Exterior_of_Pine_Springs_Visitor_Center_in_Guadalupe_Mountains_National_Park_-_DPLA_-_5d40a1148c389ccf1ee2409147573b27.jpg,CC BY 4.0,,"Hicks, William",File:Exterior of Pine Springs Visitor Center in Guadalupe Mountains National Park - DPLA - 5d40a1148c389ccf1ee2409147573b27.jpg,"(1500, 1000)",bfe09e98aa6404e254678c5d1a3b4732,https://upload.wikimedia.org/wikipedia/commons/3/32/Exterior_of_Pine_Springs_Visitor_Center_in_Guadalupe_Mountains_National_Park_-_DPLA_-_5d40a1148c389ccf1ee2409147573b27.jpg,0,971f17073da3471e
image_1335.hdf5,150925304,nature_landscape,wikimedia_commons,https://upload.wikimedia.org/wikipedia/commons/d/d0/Molenhoek_-_entrance_sign_province_of_Dutch_Limburg_%26_Maasduinen_National_Park_-_2023-08-21.jpg,https://commons.wikimedia.org/wiki/File:Molenhoek_-_entrance_sign_province_of_Dutch_Limburg_%26_Maasduinen_National_Park_-_2023-08-21.jpg,CC BY 4.0,,Sjenghai,File:Molenhoek - entrance sign province of Dutch Limburg & Maasduinen National Park - 2023-08-21.jpg,"(3024, 4032)",0f922301a15d73cffce5f8f6ffd0fa5b,https://upload.wikimedia.org/wikipedia/commons/thumb/d/d0/Molenhoek_-_entrance_sign_province_of_Dutch_Limburg_%26_Maasduinen_National_Park_-_2023-08-21.jpg/1920px-Molenhoek_-_entrance_sign_province_of_Dutch_Limburg_%26_Maasduinen_National_Park_-_2023-08-21.jpg,0,9090d1175b6776bf
image_1336.hdf5,188898772,building_exterior,wikimedia_commons,https://upload.wikimedia.org/wikipedia/commons/6/63/Karlovy_Vary_vila_Louise_%2808%29.jpg,https://commons.wikimedia.org/wiki/File:Karlovy_Vary_vila_Louise_(08).jpg,CC BY 4.0,,Zorka Sojka,File:Karlovy Vary vila Louise (08).jpg,"(2991, 4032)",803ff6728efd950b59644346bfe7f8a8,https://upload.wikimedia.org/wikipedia/commons/thumb/6/63/Karlovy_Vary_vila_Louise_%2808%29.jpg/1920px-Karlovy_Vary_vila_Louise_%2808%29.jpg,0,9d85879b99999987
image_1337.hdf5,149241487,building_exterior,wikimedia_commons,https://upload.wikimedia.org/wikipedia/commons/8/85/Jameh_Mosque_of_Yazd2024-06-09_16.jpg,https://commons.wikimedia.org/wiki/File:Jameh_Mosque_of_Yazd2024-06-09_16.jpg,CC BY 4.0,,Mohammad Sadegh Hoboubati,File:Jameh Mosque of Yazd2024-06-09 16.jpg,"(800, 557)",386ba83d35240e2a1d4e79dff839bfa3,https://upload.wikimedia.org/wikipedia/commons/8/85/Jameh_Mosque_of_Yazd2024-06-09_16.jpg,0,4d8e1737370b2b27
image_1338.hdf5,145181114,nature_landscape,wikimedia_commons,https://upload.wikimedia.org/wikipedia/commons/0/06/White-faced_heron_at_Lane_Cove_National_Park.jpg,https://commons.wikimedia.org/wiki/File:White-faced_heron_at_Lane_Cove_National_Park.jpg,CC BY 4.0,,Dicklyon,File:White-faced heron at Lane Cove National Park.jpg,"(2262, 3395)",fdec789d5e4fd2471d7fba993424a41d,https://upload.wikimedia.org/wikipedia/commons/thumb/0/06/White-faced_heron_at_Lane_Cove_National_Park.jpg/1920px-White-faced_heron_at_Lane_Cove_National_Park.jpg,0,a7cde62eae8ab331
image_1339.hdf5,180642084,nature_landscape,wikimedia_commons,https://upload.wikimedia.org/wikipedia/commons/f/ff/Deedar_Singh_Pardesi_with_two_poets_of_Delhi%2C_Barkat_Punjabi_and_Teja_Singh_Sabar_in_Nairobi_National_Park._1956.jpg,"https://commons.wikimedia.org/wiki/File:Deedar_Singh_Pardesi_with_two_poets_of_Delhi,_Barkat_Punjabi_and_Teja_Singh_Sabar_in_Nairobi_National_Park._1956.jpg",CC BY 4.0,,Amarjit Chandan,"File:Deedar Singh Pardesi with two poets of Delhi, Barkat Punjabi and Teja Singh Sabar in Nairobi National Park. 1956.jpg","(2083, 1878)",9e47c19caa6c17d7562aa6005f699201,https://upload.wikimedia.org/wikipedia/commons/thumb/f/ff/Deedar_Singh_Pardesi_with_two_poets_of_Delhi%2C_Barkat_Punjabi_and_Teja_Singh_Sabar_in_Nairobi_National_Park._1956.jpg/1920px-Deedar_Singh_Pardesi_with_two_poets_of_Delhi%2C_Barkat_Punjabi_and_Teja_Singh_Sabar_in_Nairobi_National_Park._1956.jpg,0,fbe109b9b17177ff
image_1340.hdf5,153079312,nature_landscape,wikimedia_commons,https://upload.wikimedia.org/wikipedia/commons/6/67/Kylemore_Abbey%2C_Connemara_National_Park_-_2023.11.16.jpg,"https://commons.wikimedia.org/wiki/File:Kylemore_Abbey,_Connemara_National_Park_-_2023.11.16.jpg",CC BY 4.0,,Maepln,"File:Kylemore Abbey, Connemara National Park - 2023.11.16.jpg","(3832, 5760)",52b8bc0270a50a6c2e22bb1a7b783932,https://upload.wikimedia.org/wikipedia/commons/thumb/6/67/Kylemore_Abbey%2C_Connemara_National_Park_-_2023.11.16.jpg/1920px-Kylemore_Abbey%2C_Connemara_National_Park_-_2023.11.16.jpg,0,94b62b294a292923
image_1341.hdf5,177334813,nature_landscape,wikimedia_commons,https://upload.wikimedia.org/wikipedia/commons/b/b8/Dasyblemma_straminea%2C_Big_Bend_National_Park%2C_Texas_imported_from_iNaturalist_photo_4724700.jpg,"https://commons.wikimedia.org/wiki/File:Dasyblemma_straminea,_Big_Bend_National_Park,_Texas_imported_from_iNaturalist_photo_4724700.jpg",CC BY 4.0,,"(c) Sam Kieschnick, some rights reserved (CC BY)","File:Dasyblemma straminea, Big Bend National Park, Texas imported from iNaturalist photo 4724700.jpg","(1024, 768)",f2a714976813f17c03c580947315f306,https://upload.wikimedia.org/wikipedia/commons/b/b8/Dasyblemma_straminea%2C_Big_Bend_National_Park%2C_Texas_imported_from_iNaturalist_photo_4724700.jpg,0,1e06221b93103139
image_1342.hdf5,138377979,nature_landscape,wikimedia_commons,https://upload.wikimedia.org/wikipedia/commons/b/b0/Pontederia_crassipes_62191267_in_Roodeplaat_Nature_Reserve%2C_Gauteng%2C_South_Africa.jpg,"https://commons.wikimedia.org/wiki/File:Pontederia_crassipes_62191267_in_Roodeplaat_Nature_Reserve,_Gauteng,_South_Africa.jpg",CC BY 4.0,,"(c) Matthew Fainman, some rights reserved (CC BY)","File:Pontederia crassipes 62191267 in Roodeplaat Nature Reserve, Gauteng, South Africa.jpg","(2048, 1536)",86e555fef8cca41ab4da51a397c20bd5,https://upload.wikimedia.org/wikipedia/commons/thumb/b/b0/Pontederia_crassipes_62191267_in_Roodeplaat_Nature_Reserve%2C_Gauteng%2C_South_Africa.jpg/1920px-Pontederia_crassipes_62191267_in_Roodeplaat_Nature_Reserve%2C_Gauteng%2C_South_Africa.jpg,0,03030f3f536f4fd3
image_1343.hdf5,177242485,building_exterior,wikimedia_commons,https://upload.wikimedia.org/wikipedia/commons/0/08/Fitch_hoose_house_ext_left.jpg,https://commons.wikimedia.org/wiki/File:Fitch_hoose_house_ext_left.jpg,CC BY 4.0,,Apw250,File:Fitch hoose house ext left.jpg,"(4032, 3024)",ff4fee365331e21dc49a2173c902aa3b,https://upload.wikimedia.org/wikipedia/commons/thumb/0/08/Fitch_hoose_house_ext_left.jpg/1920px-Fitch_hoose_house_ext_left.jpg,0,7b061c2c28e2c260
image_1344.hdf5,88418275,building_exterior,wikimedia_commons,https://upload.wikimedia.org/wikipedia/commons/8/8c/1396010612501874710379894_%D8%AE%DB%8C%D8%A7%D8%A8%D8%A7%D9%86_%DB%B3%DB%B0_%D8%AA%DB%8C%D8%B1.jpg,https://commons.wikimedia.org/wiki/File:1396010612501874710379894_%D8%AE%DB%8C%D8%A7%D8%A8%D8%A7%D9%86_%DB%B3%DB%B0_%D8%AA%DB%8C%D8%B1.jpg,CC BY 4.0,,Ehsan Rasouli,File:1396010612501874710379894 خیابان ۳۰ تیر.jpg,"(800, 492)",8665bd2f35ffd9b55c16003f40abbb03,https://upload.wikimedia.org/wikipedia/commons/8/8c/1396010612501874710379894_%D8%AE%DB%8C%D8%A7%D8%A8%D8%A7%D9%86_%DB%B3%DB%B0_%D8%AA%DB%8C%D8%B1.jpg,0,9d9032323962544c
image_1345.hdf5,191399764,nature_landscape,wikimedia_commons,https://upload.wikimedia.org/wikipedia/commons/5/56/Bjoernareaasen_nature_reserve_view_3_Partille_municipality_Sweden_on_May_6_2026.jpg,https://commons.wikimedia.org/wiki/File:Bjoernareaasen_nature_reserve_view_3_Partille_municipality_Sweden_on_May_6_2026.jpg,CC BY 4.0,,R. Henrik Nilsson,File:Bjoernareaasen nature reserve view 3 Partille municipality Sweden on May 6 2026.jpg,"(3000, 4000)",8a68a7c8d88c648704eda13d8e514ea6,https://upload.wikimedia.org/wikipedia/commons/thumb/5/56/Bjoernareaasen_nature_reserve_view_3_Partille_municipality_Sweden_on_May_6_2026.jpg/1920px-Bjoernareaasen_nature_reserve_view_3_Partille_municipality_Sweden_on_May_6_2026.jpg,0,2b4f47cf6a66620e
image_1346.hdf5,53510493,nature_landscape,wikimedia_commons,https://upload.wikimedia.org/wikipedia/commons/2/23/Ipsea_malabarica_flowers_at_Silent_Valley_National_Park_1_-_cropped.jpg,https://commons.wikimedia.org/wiki/File:Ipsea_malabarica_flowers_at_Silent_Valley_National_Park_1_-_cropped.jpg,CC BY 4.0,,Vinayaraj,File:Ipsea malabarica flowers at Silent Valley National Park 1 - cropped.jpg,"(1250, 1750)",5f791b980eaaac81154ec4c1cff28b20,https://upload.wikimedia.org/wikipedia/commons/2/23/Ipsea_malabarica_flowers_at_Silent_Valley_National_Park_1_-_cropped.jpg,0,e0ea4f4d6e7a6bc9
image_1347.hdf5,181539103,building_exterior,wikimedia_commons,https://upload.wikimedia.org/wikipedia/commons/2/24/2026_Gregory_Bovino_at_Bishop_Henry_Whipple_Building_just_outside_of_Minneapolis%2C_Minnesota_in_January.jpg,"https://commons.wikimedia.org/wiki/File:2026_Gregory_Bovino_at_Bishop_Henry_Whipple_Building_just_outside_of_Minneapolis,_Minnesota_in_January.jpg",CC BY 4.0,,Chad Davis.,"File:2026 Gregory Bovino at Bishop Henry Whipple Building just outside of Minneapolis, Minnesota in January.jpg","(4096, 2731)",d8b2527305e69ab2f6b89a160f99f431,https://upload.wikimedia.org/wikipedia/commons/thumb/2/24/2026_Gregory_Bovino_at_Bishop_Henry_Whipple_Building_just_outside_of_Minneapolis%2C_Minnesota_in_January.jpg/1920px-2026_Gregory_Bovino_at_Bishop_Henry_Whipple_Building_just_outside_of_Minneapolis%2C_Minnesota_in_January.jpg,0,1352de373393d2d3
image_1348.hdf5,49897907,nature_landscape,wikimedia_commons,https://upload.wikimedia.org/wikipedia/commons/f/fa/Cow_on_the_way_to_the_Double_lake_in_the_Valley_of_the_seven_lakes_in_Triglav_National_Park.jpg,https://commons.wikimedia.org/wiki/File:Cow_on_the_way_to_the_Double_lake_in_the_Valley_of_the_seven_lakes_in_Triglav_National_Park.jpg,CC BY 4.0,http://dreamypixel.com/,Dreamy Pixel,File:Cow on the way to the Double lake in the Valley of the seven lakes in Triglav National Park.jpg,"(6390, 4047)",966b54dac54250b696e0b7538e016fa2,https://upload.wikimedia.org/wikipedia/commons/thumb/f/fa/Cow_on_the_way_to_the_Double_lake_in_the_Valley_of_the_seven_lakes_in_Triglav_National_Park.jpg/1920px-Cow_on_the_way_to_the_Double_lake_in_the_Valley_of_the_seven_lakes_in_Triglav_National_Park.jpg,0,403038641b5b479f
image_1349.hdf5,148605756,building_exterior,wikimedia_commons,https://upload.wikimedia.org/wikipedia/commons/4/4c/20240504_Panewnik_Basilica_facade.jpg,https://commons.wikimedia.org/wiki/File:20240504_Panewnik_Basilica_facade.jpg,CC BY 4.0,,Abraham,File:20240504 Panewnik Basilica facade.jpg,"(3000, 4000)",09572f71bb432e17d0b71c16ae667ed4,https://upload.wikimedia.org/wikipedia/commons/thumb/4/4c/20240504_Panewnik_Basilica_facade.jpg/1920px-20240504_Panewnik_Basilica_facade.jpg,0,b6cd6c258dc1c4a6
image_1350.hdf5,155841866,nature_landscape,wikimedia_commons,https://upload.wikimedia.org/wikipedia/commons/7/7b/%D0%9F%D1%96%D1%89%D0%B0%D0%BD%D0%B8%D0%B9_%D0%BA%D1%80%D0%B0%D1%94%D0%B2%D0%B8%D0%B4.jpg,https://commons.wikimedia.org/wiki/File:%D0%9F%D1%96%D1%89%D0%B0%D0%BD%D0%B8%D0%B9_%D0%BA%D1%80%D0%B0%D1%94%D0%B2%D0%B8%D0%B4.jpg,CC BY 4.0,,Олена Харечко,File:Піщаний краєвид.jpg,"(1200, 1600)",8abf7f2c24d7510a6d2a573bc0fd878c,https://upload.wikimedia.org/wikipedia/commons/7/7b/%D0%9F%D1%96%D1%89%D0%B0%D0%BD%D0%B8%D0%B9_%D0%BA%D1%80%D0%B0%D1%94%D0%B2%D0%B8%D0%B4.jpg,0,cc7c5ab0f156d3b1
image_1351.hdf5,120194038,building_exterior,wikimedia_commons,https://upload.wikimedia.org/wikipedia/commons/5/59/Esteghlal_FC_vs_Naft_Masjed_Soleyman_FC%2C_30_May_2022_-_035.jpg,"https://commons.wikimedia.org/wiki/File:Esteghlal_FC_vs_Naft_Masjed_Soleyman_FC,_30_May_2022_-_035.jpg",CC BY 4.0,,فواد اشتری,"File:Esteghlal FC vs Naft Masjed Soleyman FC, 30 May 2022 - 035.jpg","(800, 557)",8f8e9cf65cc685bd6fbea300108a9378,https://upload.wikimedia.org/wikipedia/commons/5/59/Esteghlal_FC_vs_Naft_Masjed_Soleyman_FC%2C_30_May_2022_-_035.jpg,0,96b6d244aab0b2f2
image_1352.hdf5,142514515,building_exterior,wikimedia_commons,https://upload.wikimedia.org/wikipedia/commons/f/f0/Cattedrale_di_San_Nicola.jpg,https://commons.wikimedia.org/wiki/File:Cattedrale_di_San_Nicola.jpg,CC BY 4.0,,Photo2023,File:Cattedrale di San Nicola.jpg,"(3024, 4032)",b0315a4dc148c12de5156df7009803e2,https://upload.wikimedia.org/wikipedia/commons/thumb/f/f0/Cattedrale_di_San_Nicola.jpg/1920px-Cattedrale_di_San_Nicola.jpg,0,ccb060cc84a8e868
image_1353.hdf5,181148375,nature_landscape,wikimedia_commons,https://upload.wikimedia.org/wikipedia/commons/8/8f/View_of_Lassen_Volcanic_National_Park%2C_first_snow_of_2025.jpg,"https://commons.wikimedia.org/wiki/File:View_of_Lassen_Volcanic_National_Park,_first_snow_of_2025.jpg",CC BY 4.0,,E mln e,"File:View of Lassen Volcanic National Park, first snow of 2025.jpg","(4032, 3024)",1a922e114d7b3ef155e81b03e5b82036,https://upload.wikimedia.org/wikipedia/commons/thumb/8/8f/View_of_Lassen_Volcanic_National_Park%2C_first_snow_of_2025.jpg/1920px-View_of_Lassen_Volcanic_National_Park%2C_first_snow_of_2025.jpg,0,000000c6c430108d
image_1354.hdf5,165220472,nature_landscape,wikimedia_commons,https://upload.wikimedia.org/wikipedia/commons/2/25/Pronghorn_Spiny_Lobster%2C_Hawai%E2%80%98i_Volcanoes_National_Park%2C_Pahoa%2C_HI%2C_US_imported_from_iNaturalist_photo_463191406.jpg,"https://commons.wikimedia.org/wiki/File:Pronghorn_Spiny_Lobster,_Hawai%E2%80%98i_Volcanoes_National_Park,_Pahoa,_HI,_US_imported_from_iNaturalist_photo_463191406.jpg",CC BY 4.0,,"(c) L. Miles Horne, some rights reserved (CC BY)","File:Pronghorn Spiny Lobster, Hawai‘i Volcanoes National Park, Pahoa, HI, US imported from iNaturalist photo 463191406.jpg","(1536, 2048)",d7fd4994922ad061045ebf8e4727744d,https://upload.wikimedia.org/wikipedia/commons/2/25/Pronghorn_Spiny_Lobster%2C_Hawai%E2%80%98i_Volcanoes_National_Park%2C_Pahoa%2C_HI%2C_US_imported_from_iNaturalist_photo_463191406.jpg,0,8db70c2c667b2c62
image_1355.hdf5,139412261,building_exterior,wikimedia_commons,https://upload.wikimedia.org/wikipedia/commons/0/00/Facility_Exterior_at_Night_%28rubin-facility-night-full%29.jpg,https://commons.wikimedia.org/wiki/File:Facility_Exterior_at_Night_(rubin-facility-night-full).jpg,CC BY 4.0,,"Todd Mason, Mason Productions Inc./Rubin Observatory/ NSF/ AURA",File:Facility Exterior at Night (rubin-facility-night-full).jpg,"(4550, 3450)",2991a9f211bfbab34a702c78507cfe88,https://upload.wikimedia.org/wikipedia/commons/thumb/0/00/Facility_Exterior_at_Night_%28rubin-facility-night-full%29.jpg/1920px-Facility_Exterior_at_Night_%28rubin-facility-night-full%29.jpg,0,6564c132303f8ecc
image_1356.hdf5,190044213,nature_landscape,wikimedia_commons,https://upload.wikimedia.org/wikipedia/commons/d/d1/Barasingha_in_Kanha_National_Park_02.jpg,https://commons.wikimedia.org/wiki/File:Barasingha_in_Kanha_National_Park_02.jpg,CC BY 4.0,,Bernard Gagnon,File:Barasingha in Kanha National Park 02.jpg,"(5440, 3627)",769b009b10fea627586e7bdbbccf3377,https://upload.wikimedia.org/wikipedia/commons/thumb/d/d1/Barasingha_in_Kanha_National_Park_02.jpg/1920px-Barasingha_in_Kanha_National_Park_02.jpg,0,d958586c8be98c9c
image_1357.hdf5,157115094,nature_landscape,wikimedia_commons,https://upload.wikimedia.org/wikipedia/commons/7/77/Long-tailed_Shrike_Lanius_schach_Velavadar_National_Park%2C_Gujarat%2C_India_DSCN7252.jpg,"https://commons.wikimedia.org/wiki/File:Long-tailed_Shrike_Lanius_schach_Velavadar_National_Park,_Gujarat,_India_DSCN7252.jpg",CC BY 4.0,,Rohitjahnavi,"File:Long-tailed Shrike Lanius schach Velavadar National Park, Gujarat, India DSCN7252.jpg","(4608, 3456)",87949801b3c2ae633db691493c6655e1,https://upload.wikimedia.org/wikipedia/commons/thumb/7/77/Long-tailed_Shrike_Lanius_schach_Velavadar_National_Park%2C_Gujarat%2C_India_DSCN7252.jpg/1920px-Long-tailed_Shrike_Lanius_schach_Velavadar_National_Park%2C_Gujarat%2C_India_DSCN7252.jpg,0,0f0c7ed9f13b0d1e
image_1358.hdf5,121556569,building_exterior,wikimedia_commons,https://upload.wikimedia.org/wikipedia/commons/1/1d/Villa_Cavrois_Exterior_%28Q518747%29_-_3.jpg,https://commons.wikimedia.org/wiki/File:Villa_Cavrois_Exterior_(Q518747)_-_3.jpg,CC BY 4.0,,Hay Kranen,File:Villa Cavrois Exterior (Q518747) - 3.jpg,"(3024, 4032)",5f89d26e78fd8b522f47e66db15451f5,https://upload.wikimedia.org/wikipedia/commons/thumb/1/1d/Villa_Cavrois_Exterior_%28Q518747%29_-_3.jpg/1920px-Villa_Cavrois_Exterior_%28Q518747%29_-_3.jpg,0,738eec617393f23e
image_1359.hdf5,143871844,building_exterior,wikimedia_commons,https://upload.wikimedia.org/wikipedia/commons/d/da/Cathedral_of_Gniezno_%2820-cropped%29.jpg,https://commons.wikimedia.org/wiki/File:Cathedral_of_Gniezno_(20-cropped).jpg,CC BY 4.0,,Tournasol7,File:Cathedral of Gniezno (20-cropped).jpg,"(3537, 4055)",1b3c7a571552c5c587fe244fe37f1f57,https://upload.wikimedia.org/wikipedia/commons/thumb/d/da/Cathedral_of_Gniezno_%2820-cropped%29.jpg/1920px-Cathedral_of_Gniezno_%2820-cropped%29.jpg,0,146a6924ca492bd6
image_1360.hdf5,164787265,building_exterior,wikimedia_commons,https://upload.wikimedia.org/wikipedia/commons/3/36/96_Veterinary_Care_exterior.jpg,https://commons.wikimedia.org/wiki/File:96_Veterinary_Care_exterior.jpg,CC BY 4.0,,G1B71,File:96 Veterinary Care exterior.jpg,"(4032, 3024)",b3ddab6208ff4e4702bc4fb3027d664b,https://upload.wikimedia.org/wikipedia/commons/thumb/3/36/96_Veterinary_Care_exterior.jpg/1920px-96_Veterinary_Care_exterior.jpg,0,93447676fcd83030
image_1361.hdf5,50844720,building_exterior,wikimedia_commons,https://upload.wikimedia.org/wikipedia/commons/f/f6/Mohammad_Ali_Rajai_Museum.jpg,https://commons.wikimedia.org/wiki/File:Mohammad_Ali_Rajai_Museum.jpg,CC BY 4.0,,Mohammad Hossein Movahedinejad/ Pouya News Club,File:Mohammad Ali Rajai Museum.jpg,"(800, 485)",184f66b8e322e497a47ac901e57dbc58,https://upload.wikimedia.org/wikipedia/commons/f/f6/Mohammad_Ali_Rajai_Museum.jpg,0,0f8f0b1b333d191c
image_1362.hdf5,160763914,nature_landscape,wikimedia_commons,https://upload.wikimedia.org/wikipedia/commons/2/28/Monumento_Natural_Cerro_Santa_Ana_-_Entrada_por_Santa_Ana.jpg,https://commons.wikimedia.org/wiki/File:Monumento_Natural_Cerro_Santa_Ana_-_Entrada_por_Santa_Ana.jpg,CC BY 4.0,,Aramburu Carlos,File:Monumento Natural Cerro Santa Ana - Entrada por Santa Ana.jpg,"(4000, 3000)",f5cb8b2d991253eb0a8dcedec1a3e76c,https://upload.wikimedia.org/wikipedia/commons/thumb/2/28/Monumento_Natural_Cerro_Santa_Ana_-_Entrada_por_Santa_Ana.jpg/1920px-Monumento_Natural_Cerro_Santa_Ana_-_Entrada_por_Santa_Ana.jpg,0,f099c975d4a60b0b
image_1363.hdf5,153729304,building_exterior,wikimedia_commons,https://upload.wikimedia.org/wikipedia/commons/c/cc/Cathedral_Junction_exterior_in_2024.png,https://commons.wikimedia.org/wiki/File:Cathedral_Junction_exterior_in_2024.png,CC BY 4.0,,ProtoKiwi,File:Cathedral Junction exterior in 2024.png,"(4032, 2308)",0e08a7d50433d349c02eb574cebe0f39,https://upload.wikimedia.org/wikipedia/commons/thumb/c/cc/Cathedral_Junction_exterior_in_2024.png/1920px-Cathedral_Junction_exterior_in_2024.png,0,4747d3d3630544d7
image_1364.hdf5,174299285,building_exterior,wikimedia_commons,https://upload.wikimedia.org/wikipedia/commons/e/ed/Tsing_Yi_Station_Building_exterior_2025_08_part2.jpg,https://commons.wikimedia.org/wiki/File:Tsing_Yi_Station_Building_exterior_2025_08_part2.jpg,CC BY 4.0,,Qwer132477,File:Tsing Yi Station Building exterior 2025 08 part2.jpg,"(4032, 3024)",f4372da68a0f0d5c724aa59b1c3c5d40,https://upload.wikimedia.org/wikipedia/commons/thumb/e/ed/Tsing_Yi_Station_Building_exterior_2025_08_part2.jpg/1920px-Tsing_Yi_Station_Building_exterior_2025_08_part2.jpg,0,00107064f1dcc692
image_1365.hdf5,175688197,building_exterior,wikimedia_commons,https://upload.wikimedia.org/wikipedia/commons/1/1f/Exterior_of_the_UTSC_Sam_Ibrahim_Building.jpg,https://commons.wikimedia.org/wiki/File:Exterior_of_the_UTSC_Sam_Ibrahim_Building.jpg,CC BY 4.0,,Atynadia,File:Exterior of the UTSC Sam Ibrahim Building.jpg,"(4032, 3024)",d8011efabbb368d717c74b589f377125,https://upload.wikimedia.org/wikipedia/commons/thumb/1/1f/Exterior_of_the_UTSC_Sam_Ibrahim_Building.jpg/1920px-Exterior_of_the_UTSC_Sam_Ibrahim_Building.jpg,0,e9c333f0d0f036e1
image_1366.hdf5,163024220,building_exterior,wikimedia_commons,https://upload.wikimedia.org/wikipedia/commons/c/c3/AUS_Canberra%2C_Central%2C_High_Court_of_Australia_002.jpg,"https://commons.wikimedia.org/wiki/File:AUS_Canberra,_Central,_High_Court_of_Australia_002.jpg",CC BY 4.0,,-wuppertaler,"File:AUS Canberra, Central, High Court of Australia 002.jpg","(3588, 2607)",917ee4c4c354071e340d6c98a0df4940,https://upload.wikimedia.org/wikipedia/commons/thumb/c/c3/AUS_Canberra%2C_Central%2C_High_Court_of_Australia_002.jpg/1920px-AUS_Canberra%2C_Central%2C_High_Court_of_Australia_002.jpg,0,4721393a3b1992c2
image_1367.hdf5,153365886,building_exterior,wikimedia_commons,https://upload.wikimedia.org/wikipedia/commons/6/6f/Austrian_Parliament_Building_-_1.jpg,https://commons.wikimedia.org/wiki/File:Austrian_Parliament_Building_-_1.jpg,CC BY 4.0,,Wiki Asmah,File:Austrian Parliament Building - 1.jpg,"(3024, 4032)",17375c0db88fcffd403ce5c6bc329359,https://upload.wikimedia.org/wikipedia/commons/thumb/6/6f/Austrian_Parliament_Building_-_1.jpg/1920px-Austrian_Parliament_Building_-_1.jpg,0,c6069131d888b012
image_1368.hdf5,138881126,building_exterior,wikimedia_commons,https://upload.wikimedia.org/wikipedia/commons/4/4f/Building_of_Japan_Academy_Exterior.jpg,https://commons.wikimedia.org/wiki/File:Building_of_Japan_Academy_Exterior.jpg,CC BY 4.0,,日本学士院,File:Building of Japan Academy Exterior.jpg,"(640, 480)",684ad2026a93024d6639f383b9817b66,https://upload.wikimedia.org/wikipedia/commons/4/4f/Building_of_Japan_Academy_Exterior.jpg,0,200004001c181b0c
image_1369.hdf5,173053482,nature_landscape,wikimedia_commons,https://upload.wikimedia.org/wikipedia/commons/9/94/Moonlit_Mountain_Majesty.jpg,https://commons.wikimedia.org/wiki/File:Moonlit_Mountain_Majesty.jpg,CC BY 4.0,,Antonio Sinoy,File:Moonlit Mountain Majesty.jpg,"(1280, 931)",b8eeaa00eeedc023631a8b6b420d67fa,https://upload.wikimedia.org/wikipedia/commons/9/94/Moonlit_Mountain_Majesty.jpg,0,11132b1719080916
image_1370.hdf5,59276834,nature_landscape,wikimedia_commons,https://upload.wikimedia.org/wikipedia/commons/6/6e/Neovison_vison_-_Acadia_National_Park_-_1.jpg,https://commons.wikimedia.org/wiki/File:Neovison_vison_-_Acadia_National_Park_-_1.jpg,CC BY 4.0,,Jarek Tuszyński,File:Neovison vison - Acadia National Park - 1.jpg,"(2130, 2629)",701f4611f44087138c2cc2e6de751e5e,https://upload.wikimedia.org/wikipedia/commons/thumb/6/6e/Neovison_vison_-_Acadia_National_Park_-_1.jpg/1920px-Neovison_vison_-_Acadia_National_Park_-_1.jpg,0,848d4953f36466c5
image_1371.hdf5,158968500,nature_landscape,wikimedia_commons,https://upload.wikimedia.org/wikipedia/commons/e/ed/Tanzania-_Serengeti_National_Park_-_giraffa.jpg,https://commons.wikimedia.org/wiki/File:Tanzania-_Serengeti_National_Park_-_giraffa.jpg,CC BY 4.0,,Mario Falcetti,File:Tanzania- Serengeti National Park - giraffa.jpg,"(4608, 3456)",01015b468250d6134d8611fe6030787a,https://upload.wikimedia.org/wikipedia/commons/thumb/e/ed/Tanzania-_Serengeti_National_Park_-_giraffa.jpg/1920px-Tanzania-_Serengeti_National_Park_-_giraffa.jpg,0,9fb3ec4c98957cc4
image_1372.hdf5,186696984,nature_landscape,wikimedia_commons,https://upload.wikimedia.org/wikipedia/commons/5/5b/Ibex_near_the_Valette_refuge%2C_Vanoise_National_Park%2C_2025_%281%29.jpg,"https://commons.wikimedia.org/wiki/File:Ibex_near_the_Valette_refuge,_Vanoise_National_Park,_2025_(1).jpg",CC BY 4.0,,Ibex73,"File:Ibex near the Valette refuge, Vanoise National Park, 2025 (1).jpg","(1272, 1695)",657d7b3016b50f09ffa0020e5a5546b4,https://upload.wikimedia.org/wikipedia/commons/5/5b/Ibex_near_the_Valette_refuge%2C_Vanoise_National_Park%2C_2025_%281%29.jpg,0,1928e7f3d47c70b0
image_1373.hdf5,185533284,nature_landscape,wikimedia_commons,https://upload.wikimedia.org/wikipedia/commons/9/9e/Nature_reserve_-_%C5%9Anie%C5%BCycowy_Jar_%286%29.jpg,https://commons.wikimedia.org/wiki/File:Nature_reserve_-_%C5%9Anie%C5%BCycowy_Jar_(6).jpg,CC BY 4.0,,MOs810,File:Nature reserve - Śnieżycowy Jar (6).jpg,"(1384, 1018)",49fdc640d1dfe99b5f9729e998e66648,https://upload.wikimedia.org/wikipedia/commons/9/9e/Nature_reserve_-_%C5%9Anie%C5%BCycowy_Jar_%286%29.jpg,0,49393ce8387878f2
image_1374.hdf5,153528023,nature_landscape,wikimedia_commons,https://upload.wikimedia.org/wikipedia/commons/7/7b/Tourist_Rudolph_A.Furtado_with_guide_Rick._Razafimahefa_in_Analamazaotra_National_Park_visitors_gallery.jpg,https://commons.wikimedia.org/wiki/File:Tourist_Rudolph_A.Furtado_with_guide_Rick._Razafimahefa_in_Analamazaotra_National_Park_visitors_gallery.jpg,CC BY 4.0,,Rudolphfurtado,File:Tourist Rudolph A.Furtado with guide Rick. Razafimahefa in Analamazaotra National Park visitors gallery.jpg,"(3056, 3056)",aa0fd6816cbd02fe4242817f57d60485,https://upload.wikimedia.org/wikipedia/commons/thumb/7/7b/Tourist_Rudolph_A.Furtado_with_guide_Rick._Razafimahefa_in_Analamazaotra_National_Park_visitors_gallery.jpg/1920px-Tourist_Rudolph_A.Furtado_with_guide_Rick._Razafimahefa_in_Analamazaotra_National_Park_visitors_gallery.jpg,0,c4cccc9c42c88c8c
image_1375.hdf5,175721259,nature_landscape,wikimedia_commons,https://upload.wikimedia.org/wikipedia/commons/0/0e/A_clash_of_worlds_-_The_SGR_train_travels_over_the_Nairobi_National_park_on_elevated_railway.jpg,https://commons.wikimedia.org/wiki/File:A_clash_of_worlds_-_The_SGR_train_travels_over_the_Nairobi_National_park_on_elevated_railway.jpg,CC BY 4.0,,Shadychiri,File:A clash of worlds - The SGR train travels over the Nairobi National park on elevated railway.jpg,"(6000, 4000)",0bcf722d25e829d93216e2c50c77f4f4,https://upload.wikimedia.org/wikipedia/commons/thumb/0/0e/A_clash_of_worlds_-_The_SGR_train_travels_over_the_Nairobi_National_park_on_elevated_railway.jpg/1920px-A_clash_of_worlds_-_The_SGR_train_travels_over_the_Nairobi_National_park_on_elevated_railway.jpg,0,3f1f1f090c440b26
image_1376.hdf5,142681768,nature_landscape,wikimedia_commons,https://upload.wikimedia.org/wikipedia/commons/3/36/Kikuyu_White-eye%2C_Nairobi_National_Park%2C_Kenya.jpg,"https://commons.wikimedia.org/wiki/File:Kikuyu_White-eye,_Nairobi_National_Park,_Kenya.jpg",CC BY 4.0,,TonyCastro,"File:Kikuyu White-eye, Nairobi National Park, Kenya.jpg","(1050, 789)",3884d51489cc9ee367ced56e2aa235c5,https://upload.wikimedia.org/wikipedia/commons/3/36/Kikuyu_White-eye%2C_Nairobi_National_Park%2C_Kenya.jpg,0,982873d178e0a4e4
image_1377.hdf5,194617443,building_exterior,wikimedia_commons,https://upload.wikimedia.org/wikipedia/commons/4/40/Roofless_214-216_Stapleton_Road%2C_Bristol_-_June_2026.jpg,"https://commons.wikimedia.org/wiki/File:Roofless_214-216_Stapleton_Road,_Bristol_-_June_2026.jpg",CC BY 4.0,,Captain Galaxy,"File:Roofless 214-216 Stapleton Road, Bristol - June 2026.jpg","(3456, 2304)",b68f6c33f1435124be4d5617df9e189f,https://upload.wikimedia.org/wikipedia/commons/thumb/4/40/Roofless_214-216_Stapleton_Road%2C_Bristol_-_June_2026.jpg/1920px-Roofless_214-216_Stapleton_Road%2C_Bristol_-_June_2026.jpg,0,489017030305159b
image_1378.hdf5,183039632,building_exterior,wikimedia_commons,https://upload.wikimedia.org/wikipedia/commons/0/0a/Kitakyushu_%28%E5%8C%97%E4%B9%9D%E5%B7%9E%29%2C_Fukuoka_Prefecture%2C_Japan_%F0%9F%87%AF%F0%9F%87%B5_-_Kitakyushu_Municipal_Museum_of_Art_exterior_3_February_2026.jpg,"https://commons.wikimedia.org/wiki/File:Kitakyushu_(%E5%8C%97%E4%B9%9D%E5%B7%9E),_Fukuoka_Prefecture,_Japan_%F0%9F%87%AF%F0%9F%87%B5_-_Kitakyushu_Municipal_Museum_of_Art_exterior_3_February_2026.jpg",CC BY 4.0,,Sharon Hahn Darlin,"File:Kitakyushu (北九州), Fukuoka Prefecture, Japan 🇯🇵 - Kitakyushu Municipal Museum of Art exterior 3 February 2026.jpg","(2764, 2968)",6f76e934cf37d4488ecfd13cb3d4c576,https://upload.wikimedia.org/wikipedia/commons/thumb/0/0a/Kitakyushu_%28%E5%8C%97%E4%B9%9D%E5%B7%9E%29%2C_Fukuoka_Prefecture%2C_Japan_%F0%9F%87%AF%F0%9F%87%B5_-_Kitakyushu_Municipal_Museum_of_Art_exterior_3_February_2026.jpg/1920px-Kitakyushu_%28%E5%8C%97%E4%B9%9D%E5%B7%9E%29%2C_Fukuoka_Prefecture%2C_Japan_%F0%9F%87%AF%F0%9F%87%B5_-_Kitakyushu_Municipal_Museum_of_Art_exterior_3_February_2026.jpg,0,5f3f6b67693b249a
image_1379.hdf5,150356697,nature_landscape,wikimedia_commons,https://upload.wikimedia.org/wikipedia/commons/c/ce/Snare_Mountain_-_a_pile_of_wire_snares_and_wheel_traps_in_Murchison_Falls_National_Park.jpg,https://commons.wikimedia.org/wiki/File:Snare_Mountain_-_a_pile_of_wire_snares_and_wheel_traps_in_Murchison_Falls_National_Park.jpg,CC BY 4.0,,Paul Hilton,File:Snare Mountain - a pile of wire snares and wheel traps in Murchison Falls National Park.jpg,"(1200, 800)",39e3e59b86e952f32461188366f83bf4,https://upload.wikimedia.org/wikipedia/commons/c/ce/Snare_Mountain_-_a_pile_of_wire_snares_and_wheel_traps_in_Murchison_Falls_National_Park.jpg,0,9b6b6149dc9525a0
image_1380.hdf5,123202305,nature_landscape,wikimedia_commons,https://upload.wikimedia.org/wikipedia/commons/d/d1/Banded_Kestrel%2C_Ifaty_National_Park%2C_Madagascar_1.jpg,"https://commons.wikimedia.org/wiki/File:Banded_Kestrel,_Ifaty_National_Park,_Madagascar_1.jpg",CC BY 4.0,https://www.inaturalist.org/people/paul_prior,paul_prior,"File:Banded Kestrel, Ifaty National Park, Madagascar 1.jpg","(2048, 1433)",5c79dcd3b9fe33b32e15a411dd903928,https://upload.wikimedia.org/wikipedia/commons/thumb/d/d1/Banded_Kestrel%2C_Ifaty_National_Park%2C_Madagascar_1.jpg/1920px-Banded_Kestrel%2C_Ifaty_National_Park%2C_Madagascar_1.jpg,0,46762637b79793cb
image_1381.hdf5,90763884,nature_landscape,wikimedia_commons,https://upload.wikimedia.org/wikipedia/commons/e/e8/Hypsipetes_crassirostris%2C_Vall%C3%A9e_de_Mai_National_Park%2C_Praslin_Island%2C_December_2019_02.jpg,"https://commons.wikimedia.org/wiki/File:Hypsipetes_crassirostris,_Vall%C3%A9e_de_Mai_National_Park,_Praslin_Island,_December_2019_02.jpg",CC BY 4.0,,Yulia Kolosova,"File:Hypsipetes crassirostris, Vallée de Mai National Park, Praslin Island, December 2019 02.jpg","(2680, 1872)",9ed766437b137fcee0a892ca1f279d2e,https://upload.wikimedia.org/wikipedia/commons/thumb/e/e8/Hypsipetes_crassirostris%2C_Vall%C3%A9e_de_Mai_National_Park%2C_Praslin_Island%2C_December_2019_02.jpg/1920px-Hypsipetes_crassirostris%2C_Vall%C3%A9e_de_Mai_National_Park%2C_Praslin_Island%2C_December_2019_02.jpg,0,a6623a188b33082b
image_1382.hdf5,173883820,building_exterior,wikimedia_commons,https://upload.wikimedia.org/wikipedia/commons/6/6f/Duomo%2C_Milan_Italy_2.jpg,"https://commons.wikimedia.org/wiki/File:Duomo,_Milan_Italy_2.jpg",CC BY 4.0,,Cestsalam,"File:Duomo, Milan Italy 2.jpg","(4000, 3000)",8f24835753580938aaa2208fa121d405,https://upload.wikimedia.org/wikipedia/commons/thumb/6/6f/Duomo%2C_Milan_Italy_2.jpg/1920px-Duomo%2C_Milan_Italy_2.jpg,0,554d0f0f1b95949d
image_1383.hdf5,191439159,nature_landscape,wikimedia_commons,https://upload.wikimedia.org/wikipedia/commons/d/d2/%28Diselma_archeri_trees_in_Mount_Field_National_Park%2C_Australia%29_-_DPLA_-_75135b58f4bce0f518918e7025700834.jpg,"https://commons.wikimedia.org/wiki/File:(Diselma_archeri_trees_in_Mount_Field_National_Park,_Australia)_-_DPLA_-_75135b58f4bce0f518918e7025700834.jpg",CC BY 4.0,,"Carlquist, Sherwin John, 1930-2021","File:(Diselma archeri trees in Mount Field National Park, Australia) - DPLA - 75135b58f4bce0f518918e7025700834.jpg","(1500, 1007)",1b2d3b7a90d404347cad2725be89f5fb,https://upload.wikimedia.org/wikipedia/commons/d/d2/%28Diselma_archeri_trees_in_Mount_Field_National_Park%2C_Australia%29_-_DPLA_-_75135b58f4bce0f518918e7025700834.jpg,0,7bf7f3d9d3d244cd
image_1384.hdf5,108191384,nature_landscape,wikimedia_commons,https://upload.wikimedia.org/wikipedia/commons/9/92/Painted_Dragon_Little_Desert_National_Park%2C_Victoria.jpg,"https://commons.wikimedia.org/wiki/File:Painted_Dragon_Little_Desert_National_Park,_Victoria.jpg",CC BY 4.0,,Ricky-Lee Erickson<br>Museums Victoria,"File:Painted Dragon Little Desert National Park, Victoria.jpg","(3000, 2250)",2b79912fcaec1b003d3fcd95a209f226,https://upload.wikimedia.org/wikipedia/commons/thumb/9/92/Painted_Dragon_Little_Desert_National_Park%2C_Victoria.jpg/1920px-Painted_Dragon_Little_Desert_National_Park%2C_Victoria.jpg,0,3aa6949231089012
image_1385.hdf5,163163195,nature_landscape,wikimedia_commons,https://upload.wikimedia.org/wikipedia/commons/7/7b/Nelson_Mandela_University_Nature_conservation.jpg,https://commons.wikimedia.org/wiki/File:Nelson_Mandela_University_Nature_conservation.jpg,CC BY 4.0,,LiBDi,File:Nelson Mandela University Nature conservation.jpg,"(3024, 4032)",000f86de482017f9aa399d0c113c40c4,https://upload.wikimedia.org/wikipedia/commons/thumb/7/7b/Nelson_Mandela_University_Nature_conservation.jpg/1920px-Nelson_Mandela_University_Nature_conservation.jpg,0,92181c540b332508
image_1386.hdf5,166466565,nature_landscape,wikimedia_commons,https://upload.wikimedia.org/wikipedia/commons/4/4e/Grimberg_natural_monument_Scots_pine_%28Pinus_sylvestris%29.jpg,https://commons.wikimedia.org/wiki/File:Grimberg_natural_monument_Scots_pine_(Pinus_sylvestris).jpg,CC BY 4.0,,Pinecone23,File:Grimberg natural monument Scots pine (Pinus sylvestris).jpg,"(3824, 3984)",e0cf6e86633b51dd5e370fa969a87e33,https://upload.wikimedia.org/wikipedia/commons/thumb/4/4e/Grimberg_natural_monument_Scots_pine_%28Pinus_sylvestris%29.jpg/1920px-Grimberg_natural_monument_Scots_pine_%28Pinus_sylvestris%29.jpg,0,66b591d87426e7c7
image_1387.hdf5,148908527,nature_landscape,wikimedia_commons,https://upload.wikimedia.org/wikipedia/commons/f/f1/Caguanes_National_Park_Aerial_View.jpg,https://commons.wikimedia.org/wiki/File:Caguanes_National_Park_Aerial_View.jpg,CC BY 4.0,,"(c) Jared Shorma, some rights reserved (CC BY)",File:Caguanes National Park Aerial View.jpg,"(1536, 2048)",7f39249eedfc5a5564bdec51a8913961,https://upload.wikimedia.org/wikipedia/commons/f/f1/Caguanes_National_Park_Aerial_View.jpg,0,9f9d4c46c3a4dfcf
image_1388.hdf5,150336948,nature_landscape,wikimedia_commons,https://upload.wikimedia.org/wikipedia/commons/4/4f/Nacionalni_park_by_Mihaila.jpg,https://commons.wikimedia.org/wiki/File:Nacionalni_park_by_Mihaila.jpg,CC BY 4.0,,Mihailajevtic1,File:Nacionalni park by Mihaila.jpg,"(1184, 1776)",41e5def271256c1e28a4c6eb0df49d58,https://upload.wikimedia.org/wikipedia/commons/thumb/4/4f/Nacionalni_park_by_Mihaila.jpg/960px-Nacionalni_park_by_Mihaila.jpg,0,0ffe090136890b14
image_1389.hdf5,68644923,nature_landscape,wikimedia_commons,https://upload.wikimedia.org/wikipedia/commons/b/b3/Sequoya_National_forest_Giant_Forest_en2016_%2830%29.JPG,https://commons.wikimedia.org/wiki/File:Sequoya_National_forest_Giant_Forest_en2016_(30).JPG,CC BY 4.0,https://commons.wikimedia.org/wiki/User:Pierre_Andr%C3%A9_Leclercq,Pierre André Leclercq,File:Sequoya National forest Giant Forest en2016 (30).JPG,"(3331, 2213)",ba1e68a4d17a022a70340599851c25d8,https://upload.wikimedia.org/wikipedia/commons/thumb/b/b3/Sequoya_National_forest_Giant_Forest_en2016_%2830%29.JPG/1920px-Sequoya_National_forest_Giant_Forest_en2016_%2830%29.JPG,0,5414962c491b2b2b
image_1390.hdf5,170943907,building_exterior,wikimedia_commons,https://upload.wikimedia.org/wikipedia/commons/d/d3/Wikimedian_Amitabha_Gupta_photographing_the_old_building_of_Sanskrit_College_during_Wiki_Explores_Cooch_Behar_-_II_02.jpg,https://commons.wikimedia.org/wiki/File:Wikimedian_Amitabha_Gupta_photographing_the_old_building_of_Sanskrit_College_during_Wiki_Explores_Cooch_Behar_-_II_02.jpg,CC BY 4.0,,Kingshuk Mondal,File:Wikimedian Amitabha Gupta photographing the old building of Sanskrit College during Wiki Explores Cooch Behar - II 02.jpg,"(4000, 3000)",d4f673de8006cfdb5e4834690a03d481,https://upload.wikimedia.org/wikipedia/commons/thumb/d/d3/Wikimedian_Amitabha_Gupta_photographing_the_old_building_of_Sanskrit_College_during_Wiki_Explores_Cooch_Behar_-_II_02.jpg/1920px-Wikimedian_Amitabha_Gupta_photographing_the_old_building_of_Sanskrit_College_during_Wiki_Explores_Cooch_Behar_-_II_02.jpg,0,8fcac08191848e98
image_1391.hdf5,178577320,nature_landscape,wikimedia_commons,https://upload.wikimedia.org/wikipedia/commons/3/34/Wicklow_Mountains_National_Park_in_Autumn.jpg,https://commons.wikimedia.org/wiki/File:Wicklow_Mountains_National_Park_in_Autumn.jpg,CC BY 4.0,,Jmm733,File:Wicklow Mountains National Park in Autumn.jpg,"(1284, 786)",a9b01fabb996e6c804fe0b94f7874abe,https://upload.wikimedia.org/wikipedia/commons/3/34/Wicklow_Mountains_National_Park_in_Autumn.jpg,0,4d31270f0c980f0e
image_1392.hdf5,64876466,building_exterior,wikimedia_commons,https://upload.wikimedia.org/wikipedia/commons/f/ff/Komal_Alimentation_G%C3%A9n%C3%A9ral-_corner_store_on_Avenue_Daniel_Boon_73_%28intersection_with_Rue_Francois_Bekaert%29_in_Auderghem%2C_Belgium%2C_view_from_outside_in_the_evening.jpg,"https://commons.wikimedia.org/wiki/File:Komal_Alimentation_G%C3%A9n%C3%A9ral-_corner_store_on_Avenue_Daniel_Boon_73_(intersection_with_Rue_Francois_Bekaert)_in_Auderghem,_Belgium,_view_from_outside_in_the_evening.jpg",CC BY 4.0,,Trougnouf,"File:Komal Alimentation Général- corner store on Avenue Daniel Boon 73 (intersection with Rue Francois Bekaert) in Auderghem, Belgium, view from outside in the evening.jpg","(4161, 3270)",1f3dfbc4108c3d1cb350ec757d8fae93,https://upload.wikimedia.org/wikipedia/commons/thumb/f/ff/Komal_Alimentation_G%C3%A9n%C3%A9ral-_corner_store_on_Avenue_Daniel_Boon_73_%28intersection_with_Rue_Francois_Bekaert%29_in_Auderghem%2C_Belgium%2C_view_from_outside_in_the_evening.jpg/1920px-thumbnail.jpg,0,3771700e0f160e8f
image_1393.hdf5,101303921,nature_landscape,wikimedia_commons,https://upload.wikimedia.org/wikipedia/commons/9/97/The_Mansions%2C_Mount_Moffatt%2C_Carnarvon_National_Park.jpg,"https://commons.wikimedia.org/wiki/File:The_Mansions,_Mount_Moffatt,_Carnarvon_National_Park.jpg",CC BY 4.0,,Neville McManimm,"File:The Mansions, Mount Moffatt, Carnarvon National Park.jpg","(960, 640)",b291f7c468bad971e2c8766a4ba3e3b8,https://upload.wikimedia.org/wikipedia/commons/9/97/The_Mansions%2C_Mount_Moffatt%2C_Carnarvon_National_Park.jpg,0,32088d65a4a3ce66
image_1394.hdf5,85247324,building_exterior,wikimedia_commons,https://upload.wikimedia.org/wikipedia/commons/3/34/Novell_interior_and_outside_of_window_exterior_Florham_Park_New_Jersey_office_--_5_September_1995.jpg,https://commons.wikimedia.org/wiki/File:Novell_interior_and_outside_of_window_exterior_Florham_Park_New_Jersey_office_--_5_September_1995.jpg,CC BY 4.0,,Jonathan Schilling,File:Novell interior and outside of window exterior Florham Park New Jersey office -- 5 September 1995.jpg,"(894, 788)",392f6a90ccd84b1c4be9b03bccb76691,https://upload.wikimedia.org/wikipedia/commons/3/34/Novell_interior_and_outside_of_window_exterior_Florham_Park_New_Jersey_office_--_5_September_1995.jpg,0,3d3d3d3b3b3b332d
image_1395.hdf5,74035036,nature_landscape,wikimedia_commons,https://upload.wikimedia.org/wikipedia/commons/0/02/Close_wing_position_of_Ypthima_cantliei_Norman%2C_1958_%E2%80%93_Great_Four-ring.jpg,"https://commons.wikimedia.org/wiki/File:Close_wing_position_of_Ypthima_cantliei_Norman,_1958_%E2%80%93_Great_Four-ring.jpg",CC BY 4.0,,Gayatri_dutta,"File:Close wing position of Ypthima cantliei Norman, 1958 – Great Four-ring.jpg","(4096, 2730)",07efce1e27fefab8b72a906ae2d96c01,https://upload.wikimedia.org/wikipedia/commons/thumb/0/02/Close_wing_position_of_Ypthima_cantliei_Norman%2C_1958_%E2%80%93_Great_Four-ring.jpg/1920px-Close_wing_position_of_Ypthima_cantliei_Norman%2C_1958_%E2%80%93_Great_Four-ring.jpg,0,1c14d12b2587130e
image_1396.hdf5,125808484,building_exterior,wikimedia_commons,https://upload.wikimedia.org/wikipedia/commons/a/a8/En_exteri%C3%B6r_p%C3%A5_I6_sjukhus_GMSF.021643.jpg,https://commons.wikimedia.org/wiki/File:En_exteri%C3%B6r_p%C3%A5_I6_sjukhus_GMSF.021643.jpg,CC BY 4.0,https://commons.wikimedia.org/wiki/User:Theodor_Kehrer,Theodor Kehrer,File:En exteriör på I6 sjukhus GMSF.021643.jpg,"(2556, 1845)",d86c971a9a426553b2ce1bd5add06b9f,https://upload.wikimedia.org/wikipedia/commons/thumb/a/a8/En_exteri%C3%B6r_p%C3%A5_I6_sjukhus_GMSF.021643.jpg/1920px-En_exteri%C3%B6r_p%C3%A5_I6_sjukhus_GMSF.021643.jpg,0,4048e0d59c8c9c50
image_1397.hdf5,148450070,nature_landscape,wikimedia_commons,https://upload.wikimedia.org/wikipedia/commons/8/8a/Death_Valley_National_Park_sign.jpg,https://commons.wikimedia.org/wiki/File:Death_Valley_National_Park_sign.jpg,CC BY 4.0,,AramilFeraxa,File:Death Valley National Park sign.jpg,"(4608, 3456)",633e4e1ec87136171c45ce1fe586315b,https://upload.wikimedia.org/wikipedia/commons/thumb/8/8a/Death_Valley_National_Park_sign.jpg/1920px-Death_Valley_National_Park_sign.jpg,0,38dcccd9f888f87c
image_1398.hdf5,97110448,building_exterior,wikimedia_commons,https://upload.wikimedia.org/wikipedia/commons/8/88/Hive_in_Tree.jpg,https://commons.wikimedia.org/wiki/File:Hive_in_Tree.jpg,CC BY 4.0,,Mbrickn,File:Hive in Tree.jpg,"(963, 932)",8748008e6b2cf78702176435ac5612f4,https://upload.wikimedia.org/wikipedia/commons/thumb/8/88/Hive_in_Tree.jpg/960px-Hive_in_Tree.jpg,0,4ff5f0e6dae4783c
image_1399.hdf5,83468012,nature_landscape,wikimedia_commons,https://upload.wikimedia.org/wikipedia/commons/3/3d/Mabian_Dafengding_National_Nature_Reserve_%2810.3897-zookeys.807.29237%29_Figure_10.jpg,https://commons.wikimedia.org/wiki/File:Mabian_Dafengding_National_Nature_Reserve_(10.3897-zookeys.807.29237)_Figure_10.jpg,CC BY 4.0,https://doi.org/10.3897/zookeys.807.29237,https://doi.org/10.3897/zookeys.807.29237,File:Mabian Dafengding National Nature Reserve (10.3897-zookeys.807.29237) Figure 10.jpg,"(1512, 1134)",98f314fa59674370ac3c8ae9fcf24081,https://upload.wikimedia.org/wikipedia/commons/3/3d/Mabian_Dafengding_National_Nature_Reserve_%2810.3897-zookeys.807.29237%29_Figure_10.jpg,0,09834faf47092103
image_1400.hdf5,166374376,building_exterior,wikimedia_commons,https://upload.wikimedia.org/wikipedia/commons/5/5f/Orsz%C3%A1gh%C3%A1z_a_Szabads%C3%A1g_t%C3%A9r_fel%C5%91l_n%C3%A9zve.jpg,https://commons.wikimedia.org/wiki/File:Orsz%C3%A1gh%C3%A1z_a_Szabads%C3%A1g_t%C3%A9r_fel%C5%91l_n%C3%A9zve.jpg,CC BY 4.0,,Ronolator,File:Országház a Szabadság tér felől nézve.jpg,"(4000, 6000)",2d951abde8b8b9ec904aea134f6d790b,https://upload.wikimedia.org/wikipedia/commons/thumb/5/5f/Orsz%C3%A1gh%C3%A1z_a_Szabads%C3%A1g_t%C3%A9r_fel%C5%91l_n%C3%A9zve.jpg/1920px-Orsz%C3%A1gh%C3%A1z_a_Szabads%C3%A1g_t%C3%A9r_fel%C5%91l_n%C3%A9zve.jpg,0,3f133339670f8f8f
image_1401.hdf5,177662795,building_exterior,wikimedia_commons,https://upload.wikimedia.org/wikipedia/commons/f/fe/Grinnell_College_reunion_outside_Noyce_after_a_serious_windstorm_came_through.jpg,https://commons.wikimedia.org/wiki/File:Grinnell_College_reunion_outside_Noyce_after_a_serious_windstorm_came_through.jpg,CC BY 4.0,,Mattsjc,File:Grinnell College reunion outside Noyce after a serious windstorm came through.jpg,"(4032, 3024)",8b6f4b7eda932996933f9a4b4cadae0f,https://upload.wikimedia.org/wikipedia/commons/thumb/f/fe/Grinnell_College_reunion_outside_Noyce_after_a_serious_windstorm_came_through.jpg/1920px-Grinnell_College_reunion_outside_Noyce_after_a_serious_windstorm_came_through.jpg,0,7c67535233b17d6f
image_1402.hdf5,170002188,nature_landscape,wikimedia_commons,https://upload.wikimedia.org/wikipedia/commons/8/89/The_Hallyeohaesang_national_park_in_Namhae%2C_South_Korea.jpg,"https://commons.wikimedia.org/wiki/File:The_Hallyeohaesang_national_park_in_Namhae,_South_Korea.jpg",CC BY 4.0,,Pranay chakraborty 2004,"File:The Hallyeohaesang national park in Namhae, South Korea.jpg","(3879, 2909)",6a51096002e5f172df55247532bfc543,https://upload.wikimedia.org/wikipedia/commons/thumb/8/89/The_Hallyeohaesang_national_park_in_Namhae%2C_South_Korea.jpg/1920px-The_Hallyeohaesang_national_park_in_Namhae%2C_South_Korea.jpg,0,c0cfe002c2864f2d
image_1403.hdf5,194221128,building_exterior,wikimedia_commons,https://upload.wikimedia.org/wikipedia/commons/7/76/Landesmuseum_Z%C3%BCrich_courtyard_03.jpg,https://commons.wikimedia.org/wiki/File:Landesmuseum_Z%C3%BCrich_courtyard_03.jpg,CC BY 4.0,,1904.CC,File:Landesmuseum Zürich courtyard 03.jpg,"(4032, 3024)",b1c7e04a5190a2576cb3b626f3c5659d,https://upload.wikimedia.org/wikipedia/commons/thumb/7/76/Landesmuseum_Z%C3%BCrich_courtyard_03.jpg/1920px-Landesmuseum_Z%C3%BCrich_courtyard_03.jpg,0,1b3b4ea33307073d
image_1404.hdf5,141566988,nature_landscape,wikimedia_commons,https://upload.wikimedia.org/wikipedia/commons/7/76/Sebangau_National_Park.jpg,https://commons.wikimedia.org/wiki/File:Sebangau_National_Park.jpg,CC BY 4.0,,Fuadmi,File:Sebangau National Park.jpg,"(3060, 4080)",ad6bc8b8d6c9002b34c77acf73360acf,https://upload.wikimedia.org/wikipedia/commons/thumb/7/76/Sebangau_National_Park.jpg/1920px-Sebangau_National_Park.jpg,0,e5c58b2df8a21b30
image_1405.hdf5,175788710,building_exterior,wikimedia_commons,https://upload.wikimedia.org/wikipedia/commons/2/2a/CATTEDRALE_DI_TRANI_VISTA_DAL_MARE.jpg,https://commons.wikimedia.org/wiki/File:CATTEDRALE_DI_TRANI_VISTA_DAL_MARE.jpg,CC BY 4.0,,Vondenusk,File:CATTEDRALE DI TRANI VISTA DAL MARE.jpg,"(4857, 3556)",24f96c1efb80094e025e60cb93899167,https://upload.wikimedia.org/wikipedia/commons/thumb/2/2a/CATTEDRALE_DI_TRANI_VISTA_DAL_MARE.jpg/1920px-CATTEDRALE_DI_TRANI_VISTA_DAL_MARE.jpg,0,03138380b88e9e9b
image_1406.hdf5,49182389,nature_landscape,wikimedia_commons,https://upload.wikimedia.org/wikipedia/commons/1/19/Morocco_Toubkal_National_Park_Imlil_Valley_Aroumd3.jpg,https://commons.wikimedia.org/wiki/File:Morocco_Toubkal_National_Park_Imlil_Valley_Aroumd3.jpg,CC BY 4.0,,Alexander Klink,File:Morocco Toubkal National Park Imlil Valley Aroumd3.jpg,"(2856, 4288)",0c53f20c73d4890e6532df9e10c56160,https://upload.wikimedia.org/wikipedia/commons/thumb/1/19/Morocco_Toubkal_National_Park_Imlil_Valley_Aroumd3.jpg/1920px-Morocco_Toubkal_National_Park_Imlil_Valley_Aroumd3.jpg,0,039fd8663c382149
image_1407.hdf5,70035865,building_exterior,wikimedia_commons,https://upload.wikimedia.org/wikipedia/commons/5/56/The_sky_and_the_paralel_building_of_the_boats.jpg,https://commons.wikimedia.org/wiki/File:The_sky_and_the_paralel_building_of_the_boats.jpg,CC BY 4.0,,Arnau Domènech,File:The sky and the paralel building of the boats.jpg,"(1599, 1200)",74c5c30be7039b69e745f20f631ff5c0,https://upload.wikimedia.org/wikipedia/commons/5/56/The_sky_and_the_paralel_building_of_the_boats.jpg,0,a0e43e3f17135b79
image_1408.hdf5,150139064,nature_landscape,wikimedia_commons,https://upload.wikimedia.org/wikipedia/commons/2/2c/Percentage_of_country_covered_by_National_Parks.png,https://commons.wikimedia.org/wiki/File:Percentage_of_country_covered_by_National_Parks.png,CC BY 4.0,,Maps.interlude,File:Percentage of country covered by National Parks.png,"(1414, 1636)",ec8bc194d01110f3c3ccec6f35459b23,https://upload.wikimedia.org/wikipedia/commons/2/2c/Percentage_of_country_covered_by_National_Parks.png,0,f29b96566c64cd9b
image_1409.hdf5,77749617,nature_landscape,wikimedia_commons,https://upload.wikimedia.org/wikipedia/commons/e/e8/View_of_the_Milky_Way_from_the_Taganay_National_Park.jpg,https://commons.wikimedia.org/wiki/File:View_of_the_Milky_Way_from_the_Taganay_National_Park.jpg,CC BY 4.0,,Vasily Iakovlev,File:View of the Milky Way from the Taganay National Park.jpg,"(5504, 8256)",9bd4134434e777f18fee34e0576fb493,https://upload.wikimedia.org/wikipedia/commons/thumb/e/e8/View_of_the_Milky_Way_from_the_Taganay_National_Park.jpg/1920px-View_of_the_Milky_Way_from_the_Taganay_National_Park.jpg,0,0703070f2f67c725
image_1410.hdf5,178278639,nature_landscape,wikimedia_commons,https://upload.wikimedia.org/wikipedia/commons/e/e2/Birds_being_ringed_at_Wicken_Fen_Nature_Reserve%2C_UK_JEG5588.jpg,"https://commons.wikimedia.org/wiki/File:Birds_being_ringed_at_Wicken_Fen_Nature_Reserve,_UK_JEG5588.jpg",CC BY 4.0,,PJeganathan,"File:Birds being ringed at Wicken Fen Nature Reserve, UK JEG5588.jpg","(4928, 3264)",e93c00919eefac340d853d44b3911c0b,https://upload.wikimedia.org/wikipedia/commons/thumb/e/e2/Birds_being_ringed_at_Wicken_Fen_Nature_Reserve%2C_UK_JEG5588.jpg/1920px-Birds_being_ringed_at_Wicken_Fen_Nature_Reserve%2C_UK_JEG5588.jpg,0,490d2722260e0e27
image_1411.hdf5,170651469,nature_landscape,wikimedia_commons,https://upload.wikimedia.org/wikipedia/commons/d/d7/Jensia_yosemitana%2C_Yosemite_National_Park%2C_Tuolumne%2C_California%2C_United_States_imported_from_iNaturalist_photo_198536613.jpg,"https://commons.wikimedia.org/wiki/File:Jensia_yosemitana,_Yosemite_National_Park,_Tuolumne,_California,_United_States_imported_from_iNaturalist_photo_198536613.jpg",CC BY 4.0,,"(c) Chloe and Trevor Van Loon, some rights reserved (CC BY)","File:Jensia yosemitana, Yosemite National Park, Tuolumne, California, United States imported from iNaturalist photo 198536613.jpg","(2048, 1365)",2551a47908d0f614162387e2c2815f37,https://upload.wikimedia.org/wikipedia/commons/thumb/d/d7/Jensia_yosemitana%2C_Yosemite_National_Park%2C_Tuolumne%2C_California%2C_United_States_imported_from_iNaturalist_photo_198536613.jpg/1920px-Jensia_yosemitana%2C_Yosemite_National_Park%2C_Tuolumne%2C_California%2C_United_States_imported_from_iNaturalist_photo_198536613.jpg,0,1ba8064e4d614826
image_1412.hdf5,66887723,nature_landscape,wikimedia_commons,https://upload.wikimedia.org/wikipedia/commons/9/9a/Monnickendam%2C_landscape_nearby_the_town.jpg,"https://commons.wikimedia.org/wiki/File:Monnickendam,_landscape_nearby_the_town.jpg",CC BY 4.0,,Dguendel,"File:Monnickendam, landscape nearby the town.jpg","(2551, 1701)",8300664ca295484bee4b54ed69d17641,https://upload.wikimedia.org/wikipedia/commons/thumb/9/9a/Monnickendam%2C_landscape_nearby_the_town.jpg/1920px-Monnickendam%2C_landscape_nearby_the_town.jpg,0,022937df0b071f07
image_1413.hdf5,151481237,nature_landscape,wikimedia_commons,https://upload.wikimedia.org/wikipedia/commons/3/38/Devi%27s_crack%2C_Birtvisi_Natural_Monument%2C_Georgia.jpg,"https://commons.wikimedia.org/wiki/File:Devi%27s_crack,_Birtvisi_Natural_Monument,_Georgia.jpg",CC BY 4.0,,David Osipov,"File:Devi's crack, Birtvisi Natural Monument, Georgia.jpg","(960, 1280)",a1498a6c5402526aa31de4cd825f342b,https://upload.wikimedia.org/wikipedia/commons/3/38/Devi%27s_crack%2C_Birtvisi_Natural_Monument%2C_Georgia.jpg,0,cf6c6c643d921f8d
image_1414.hdf5,90841393,nature_landscape,wikimedia_commons,https://upload.wikimedia.org/wikipedia/commons/1/13/Cloudy_landscape.jpg,https://commons.wikimedia.org/wiki/File:Cloudy_landscape.jpg,CC BY 4.0,,Vladapo165,File:Cloudy landscape.jpg,"(6000, 4000)",f62c1d86da1289a5ed4e3f987f3e2dee,https://upload.wikimedia.org/wikipedia/commons/thumb/1/13/Cloudy_landscape.jpg/1920px-Cloudy_landscape.jpg,0,61d8c8c0c818038f
image_1415.hdf5,182325293,building_exterior,wikimedia_commons,https://upload.wikimedia.org/wikipedia/commons/c/ce/Billy%27s_Midway_Arcade_%28Building_Exterior%29_-_January_2025.jpg,https://commons.wikimedia.org/wiki/File:Billy%27s_Midway_Arcade_(Building_Exterior)_-_January_2025.jpg,CC BY 4.0,,Logg Tandy,File:Billy's Midway Arcade (Building Exterior) - January 2025.jpg,"(5472, 3648)",bc5045f1154f9e1ca5262994883d29ec,https://upload.wikimedia.org/wikipedia/commons/thumb/c/ce/Billy%27s_Midway_Arcade_%28Building_Exterior%29_-_January_2025.jpg/1920px-Billy%27s_Midway_Arcade_%28Building_Exterior%29_-_January_2025.jpg,0,016812131a260d10
image_1416.hdf5,87141658,building_exterior,wikimedia_commons,https://upload.wikimedia.org/wikipedia/commons/e/e4/Brugge_Sint-Salvatorskerkhof_zonder_nummer_-_174722_-_onroerenderfgoed.jpg,https://commons.wikimedia.org/wiki/File:Brugge_Sint-Salvatorskerkhof_zonder_nummer_-_174722_-_onroerenderfgoed.jpg,CC BY 4.0,,"Debonne, Vincent",File:Brugge Sint-Salvatorskerkhof zonder nummer - 174722 - onroerenderfgoed.jpg,"(1194, 1158)",e6970a806476b6d0d6eac3904c6c811c,https://upload.wikimedia.org/wikipedia/commons/e/e4/Brugge_Sint-Salvatorskerkhof_zonder_nummer_-_174722_-_onroerenderfgoed.jpg,0,929564796424997d
image_1417.hdf5,168538941,building_exterior,wikimedia_commons,https://upload.wikimedia.org/wikipedia/commons/d/db/%E5%A4%A7%E9%B5%AC%E7%81%A3%E6%B5%B7%E4%B8%8A%E6%95%99%E5%A0%82%E6%96%9C%E7%85%A7.jpg,https://commons.wikimedia.org/wiki/File:%E5%A4%A7%E9%B5%AC%E7%81%A3%E6%B5%B7%E4%B8%8A%E6%95%99%E5%A0%82%E6%96%9C%E7%85%A7.jpg,CC BY 4.0,,Outlookxp,File:大鵬灣海上教堂斜照.jpg,"(5712, 4284)",12548d36a44d750e1c6b298d6f37a295,https://upload.wikimedia.org/wikipedia/commons/thumb/d/db/%E5%A4%A7%E9%B5%AC%E7%81%A3%E6%B5%B7%E4%B8%8A%E6%95%99%E5%A0%82%E6%96%9C%E7%85%A7.jpg/1920px-%E5%A4%A7%E9%B5%AC%E7%81%A3%E6%B5%B7%E4%B8%8A%E6%95%99%E5%A0%82%E6%96%9C%E7%85%A7.jpg,0,64ccce1d9e535710
image_1418.hdf5,85460056,nature_landscape,wikimedia_commons,https://upload.wikimedia.org/wikipedia/commons/e/e9/Forest_in_Fiordland_National_Park%2C_New_Zealand_02.jpg,"https://commons.wikimedia.org/wiki/File:Forest_in_Fiordland_National_Park,_New_Zealand_02.jpg",CC BY 4.0,https://ja.wikipedia.org/wiki/user:%CE%A364,Σ64,"File:Forest in Fiordland National Park, New Zealand 02.jpg","(5600, 3733)",9fe290326f2157ea2ad813e89a41ce08,https://upload.wikimedia.org/wikipedia/commons/thumb/e/e9/Forest_in_Fiordland_National_Park%2C_New_Zealand_02.jpg/1920px-Forest_in_Fiordland_National_Park%2C_New_Zealand_02.jpg,0,b7f77b7abf1f3f37
image_1419.hdf5,186061043,building_exterior,wikimedia_commons,https://upload.wikimedia.org/wikipedia/commons/e/eb/Ralston_Opera_Exterior_2025_Wikipedia.jpg,https://commons.wikimedia.org/wiki/File:Ralston_Opera_Exterior_2025_Wikipedia.jpg,CC BY 4.0,,TulGuy,File:Ralston Opera Exterior 2025 Wikipedia.jpg,"(1536, 1502)",c4a68f5c2e158a7ffe22b8ba6e6d5d76,https://upload.wikimedia.org/wikipedia/commons/e/eb/Ralston_Opera_Exterior_2025_Wikipedia.jpg,0,c80f0e2bc9632e07
image_1420.hdf5,187076576,building_exterior,wikimedia_commons,https://upload.wikimedia.org/wikipedia/commons/3/3a/Voco_Orchard_Singapore_welcome.jpg,https://commons.wikimedia.org/wiki/File:Voco_Orchard_Singapore_welcome.jpg,CC BY 4.0,,Cassie Chew,File:Voco Orchard Singapore welcome.jpg,"(8192, 5464)",b2c2c95e30445d33ee8c25634e6c8d43,https://upload.wikimedia.org/wikipedia/commons/thumb/3/3a/Voco_Orchard_Singapore_welcome.jpg/1920px-Voco_Orchard_Singapore_welcome.jpg,0,52470d293b9b3375
image_1421.hdf5,84794021,nature_landscape,wikimedia_commons,https://upload.wikimedia.org/wikipedia/commons/5/52/Elk_at_Yellowstone_National_Park.jpg,https://commons.wikimedia.org/wiki/File:Elk_at_Yellowstone_National_Park.jpg,CC BY 4.0,,Charitra shetty,File:Elk at Yellowstone National Park.jpg,"(4032, 3024)",d762aa28cffe691395792975177789d3,https://upload.wikimedia.org/wikipedia/commons/thumb/5/52/Elk_at_Yellowstone_National_Park.jpg/1920px-Elk_at_Yellowstone_National_Park.jpg,0,fc7ddafbf7de83c0
image_1422.hdf5,125762450,nature_landscape,wikimedia_commons,https://upload.wikimedia.org/wikipedia/commons/1/1a/Fond_Ferdinand_Nature_Reserve.jpg,https://commons.wikimedia.org/wiki/File:Fond_Ferdinand_Nature_Reserve.jpg,CC BY 4.0,,Seychelles Nation,File:Fond Ferdinand Nature Reserve.jpg,"(640, 426)",7866584e9bd790ddfd8ab6dafa0f5eed,https://upload.wikimedia.org/wikipedia/commons/1/1a/Fond_Ferdinand_Nature_Reserve.jpg,0,67666541434b8f93
image_1423.hdf5,164734710,building_exterior,wikimedia_commons,https://upload.wikimedia.org/wikipedia/commons/d/db/Wiknic_at_the_Minnesota_State_Capitol.jpg,https://commons.wikimedia.org/wiki/File:Wiknic_at_the_Minnesota_State_Capitol.jpg,CC BY 4.0,,Robbschultz69,File:Wiknic at the Minnesota State Capitol.jpg,"(811, 540)",7d832bce46d60313d35150a9adad2a7b,https://upload.wikimedia.org/wikipedia/commons/d/db/Wiknic_at_the_Minnesota_State_Capitol.jpg,0,f0c8da9a94d525ab
image_1424.hdf5,132411007,building_exterior,wikimedia_commons,https://upload.wikimedia.org/wikipedia/commons/a/a8/Melbourne_Savage_Club_exterior_1.jpg,https://commons.wikimedia.org/wiki/File:Melbourne_Savage_Club_exterior_1.jpg,CC BY 4.0,,Nick Number,File:Melbourne Savage Club exterior 1.jpg,"(3024, 4032)",b1d13a98e5fe15570b3b0cd11180d3c5,https://upload.wikimedia.org/wikipedia/commons/thumb/a/a8/Melbourne_Savage_Club_exterior_1.jpg/1920px-Melbourne_Savage_Club_exterior_1.jpg,0,4f3693b31494949a
image_1425.hdf5,37284671,nature_landscape,wikimedia_commons,https://upload.wikimedia.org/wikipedia/commons/1/14/Wildebeest_herd_in_Amboseli_National_Park.jpeg,https://commons.wikimedia.org/wiki/File:Wildebeest_herd_in_Amboseli_National_Park.jpeg,CC BY 4.0,,Graeme Shannon (Colorado State University),File:Wildebeest herd in Amboseli National Park.jpeg,"(4752, 3168)",924781f780446f9d2917782bbbd06f8d,https://upload.wikimedia.org/wikipedia/commons/thumb/1/14/Wildebeest_herd_in_Amboseli_National_Park.jpeg/1920px-Wildebeest_herd_in_Amboseli_National_Park.jpeg,0,0f1307019f9b013d
image_1426.hdf5,113942292,nature_landscape,wikimedia_commons,https://upload.wikimedia.org/wikipedia/commons/0/00/Beit_Govrin_National_Park_%28997009157515805171.jpg,https://commons.wikimedia.org/wiki/File:Beit_Govrin_National_Park_(997009157515805171.jpg,CC BY 4.0,https://commons.wikimedia.org/wiki/User:Matanya,Matanya,File:Beit Govrin National Park (997009157515805171.jpg,"(2491, 2532)",5da52ebaad51c97bbd7884614ebf2f4c,https://upload.wikimedia.org/wikipedia/commons/thumb/0/00/Beit_Govrin_National_Park_%28997009157515805171.jpg/1920px-Beit_Govrin_National_Park_%28997009157515805171.jpg,0,af6f6deee4e464cd
image_1427.hdf5,139729681,building_exterior,wikimedia_commons,https://upload.wikimedia.org/wikipedia/commons/2/2c/10.28.23-2312SummitAveByLuigiNovi1.jpg,https://commons.wikimedia.org/wiki/File:10.28.23-2312SummitAveByLuigiNovi1.jpg,CC BY 4.0,,Luigi Novi,File:10.28.23-2312SummitAveByLuigiNovi1.jpg,"(3316, 2400)",973f7a2a1be3ccf71f522b13a609bad9,https://upload.wikimedia.org/wikipedia/commons/thumb/2/2c/10.28.23-2312SummitAveByLuigiNovi1.jpg/1920px-10.28.23-2312SummitAveByLuigiNovi1.jpg,0,002060c0c6c5058c
image_1428.hdf5,182208745,building_exterior,wikimedia_commons,https://upload.wikimedia.org/wikipedia/commons/a/a0/Paris_Montmartre_restaurant_C%C5%93ur_Sacr%C3%A9_ice_cream_stall_2026-01-03.jpg,https://commons.wikimedia.org/wiki/File:Paris_Montmartre_restaurant_C%C5%93ur_Sacr%C3%A9_ice_cream_stall_2026-01-03.jpg,CC BY 4.0,,Renée Kools,File:Paris Montmartre restaurant Cœur Sacré ice cream stall 2026-01-03.jpg,"(4800, 3600)",5ec7fb779b11804cd32044fbf8adc8ae,https://upload.wikimedia.org/wikipedia/commons/thumb/a/a0/Paris_Montmartre_restaurant_C%C5%93ur_Sacr%C3%A9_ice_cream_stall_2026-01-03.jpg/1920px-Paris_Montmartre_restaurant_C%C5%93ur_Sacr%C3%A9_ice_cream_stall_2026-01-03.jpg,0,278f8e94b4109815
image_1429.hdf5,71937324,building_exterior,wikimedia_commons,https://upload.wikimedia.org/wikipedia/commons/4/48/Plage_de_Monastir%2C_23_ao%C3%BBt_2018%2C_6.jpeg,"https://commons.wikimedia.org/wiki/File:Plage_de_Monastir,_23_ao%C3%BBt_2018,_6.jpeg",CC BY 4.0,https://commons.wikimedia.org/wiki/User:Dyolf77,Dyolf77,"File:Plage de Monastir, 23 août 2018, 6.jpeg","(4160, 3120)",9e463dece7d20eb1db44a2568e660023,https://upload.wikimedia.org/wikipedia/commons/thumb/4/48/Plage_de_Monastir%2C_23_ao%C3%BBt_2018%2C_6.jpeg/1920px-Plage_de_Monastir%2C_23_ao%C3%BBt_2018%2C_6.jpeg,0,18182ca5c0ccc2d0
image_1430.hdf5,144020297,nature_landscape,wikimedia_commons,https://upload.wikimedia.org/wikipedia/commons/4/47/Bryce_Canyon_National_Park%2C_Utah%2C_In_winter.jpg,"https://commons.wikimedia.org/wiki/File:Bryce_Canyon_National_Park,_Utah,_In_winter.jpg",CC BY 4.0,,Bigwiggy,"File:Bryce Canyon National Park, Utah, In winter.jpg","(4032, 3024)",c5c74790265421551596b1bdd93e3f98,https://upload.wikimedia.org/wikipedia/commons/thumb/4/47/Bryce_Canyon_National_Park%2C_Utah%2C_In_winter.jpg/1920px-Bryce_Canyon_National_Park%2C_Utah%2C_In_winter.jpg,0,e3f8ecf1df9ecc6d
image_1431.hdf5,177403843,building_exterior,wikimedia_commons,https://upload.wikimedia.org/wikipedia/commons/3/31/%D0%A4%D1%80%D0%B0%D0%B3%D0%BC%D0%B5%D0%BD%D1%82_%D0%B5%D0%BA%D1%81%D1%82%D0%B5%D1%80%27%D1%94%D1%80%D1%83._%D0%91%D1%83%D0%B4%D1%96%D0%B2%D0%BB%D1%8F_%D0%B2_%D1%86%D0%B5%D0%BD%D1%82%D1%80%D1%96_%D0%91%D0%B0%D1%85%D0%BC%D1%83%D1%82%D0%B0.jpg,https://commons.wikimedia.org/wiki/File:%D0%A4%D1%80%D0%B0%D0%B3%D0%BC%D0%B5%D0%BD%D1%82_%D0%B5%D0%BA%D1%81%D1%82%D0%B5%D1%80%27%D1%94%D1%80%D1%83._%D0%91%D1%83%D0%B4%D1%96%D0%B2%D0%BB%D1%8F_%D0%B2_%D1%86%D0%B5%D0%BD%D1%82%D1%80%D1%96_%D0%91%D0%B0%D1%85%D0%BC%D1%83%D1%82%D0%B0.jpg,CC BY 4.0,,Александр Водолазский,File:Фрагмент екстер'єру. Будівля в центрі Бахмута.jpg,"(3264, 2448)",a15457e05d6caccd1943e8d9f715a055,https://upload.wikimedia.org/wikipedia/commons/thumb/3/31/%D0%A4%D1%80%D0%B0%D0%B3%D0%BC%D0%B5%D0%BD%D1%82_%D0%B5%D0%BA%D1%81%D1%82%D0%B5%D1%80%27%D1%94%D1%80%D1%83._%D0%91%D1%83%D0%B4%D1%96%D0%B2%D0%BB%D1%8F_%D0%B2_%D1%86%D0%B5%D0%BD%D1%82%D1%80%D1%96_%D0%91%D0%B0%D1%85%D0%BC%D1%83%D1%82%D0%B0.jpg/1920px-%D0%A4%D1%80%D0%B0%D0%B3%D0%BC%D0%B5%D0%BD%D1%82_%D0%B5%D0%BA%D1%81%D1%82%D0%B5%D1%80%27%D1%94%D1%80%D1%83._%D0%91%D1%83%D0%B4%D1%96%D0%B2%D0%BB%D1%8F_%D0%B2_%D1%86%D0%B5%D0%BD%D1%82%D1%80%D1%96_%D0%91%D0%B0%D1%85%D0%BC%D1%83%D1%82%D0%B0.jpg,0,f1696969695d4fcb
image_1432.hdf5,58161899,building_exterior,wikimedia_commons,https://upload.wikimedia.org/wikipedia/commons/5/58/Sari_bazar_25.jpg,https://commons.wikimedia.org/wiki/File:Sari_bazar_25.jpg,CC BY 4.0,,Ali Reza Motamedi,File:Sari bazar 25.jpg,"(800, 493)",54ad17a577e0aec592762db82e641e66,https://upload.wikimedia.org/wikipedia/commons/5/58/Sari_bazar_25.jpg,0,733636045df6d686
image_1433.hdf5,164892985,nature_landscape,wikimedia_commons,https://upload.wikimedia.org/wikipedia/commons/d/db/Virginia_Bluebell_flowers_in_the_West_Ridge_Nature_Preserve_in_Chicago%2C_IL.png,"https://commons.wikimedia.org/wiki/File:Virginia_Bluebell_flowers_in_the_West_Ridge_Nature_Preserve_in_Chicago,_IL.png",CC BY 4.0,,Theedecemberblues,"File:Virginia Bluebell flowers in the West Ridge Nature Preserve in Chicago, IL.png","(940, 1250)",fa995472180288f813491d843bb9d915,https://upload.wikimedia.org/wikipedia/commons/d/db/Virginia_Bluebell_flowers_in_the_West_Ridge_Nature_Preserve_in_Chicago%2C_IL.png,0,694c4c0913b16c48
image_1434.hdf5,178016011,nature_landscape,wikimedia_commons,https://upload.wikimedia.org/wikipedia/commons/e/e2/South_African_ostrich_couple_located_in_Etosha_National_Park%2C_Namibia.jpg,"https://commons.wikimedia.org/wiki/File:South_African_ostrich_couple_located_in_Etosha_National_Park,_Namibia.jpg",CC BY 4.0,,WILD 420 - South African Ostrich,"File:South African ostrich couple located in Etosha National Park, Namibia.jpg","(1170, 853)",8e79b65070b4687cd8a1d289d6bee1cb,https://upload.wikimedia.org/wikipedia/commons/e/e2/South_African_ostrich_couple_located_in_Etosha_National_Park%2C_Namibia.jpg,0,0d3731e4f0722b23
image_1435.hdf5,143953701,building_exterior,wikimedia_commons,https://upload.wikimedia.org/wikipedia/commons/6/6b/Traeth_Mawr_Viaduct_IMG_3510c_copy.jpg,https://commons.wikimedia.org/wiki/File:Traeth_Mawr_Viaduct_IMG_3510c_copy.jpg,CC BY 4.0,,Talsarnau Times,File:Traeth Mawr Viaduct IMG 3510c copy.jpg,"(1500, 1125)",75a34654682fe02f99587f258b01b147,https://upload.wikimedia.org/wikipedia/commons/6/6b/Traeth_Mawr_Viaduct_IMG_3510c_copy.jpg,0,1d0d65741e870818
image_1436.hdf5,178410172,nature_landscape,wikimedia_commons,https://upload.wikimedia.org/wikipedia/commons/1/1a/California_Condor%2C_Pinnacles_National_Park%2C_San_Benito%2C_California%2C_United_States_imported_from_iNaturalist_photo_269648588.jpg,"https://commons.wikimedia.org/wiki/File:California_Condor,_Pinnacles_National_Park,_San_Benito,_California,_United_States_imported_from_iNaturalist_photo_269648588.jpg",CC BY 4.0,,"(c) Pinnacles National Park, some rights reserved (CC BY)","File:California Condor, Pinnacles National Park, San Benito, California, United States imported from iNaturalist photo 269648588.jpg","(2048, 1469)",c035ff4567b0742d2ff30e5640c2913e,https://upload.wikimedia.org/wikipedia/commons/thumb/1/1a/California_Condor%2C_Pinnacles_National_Park%2C_San_Benito%2C_California%2C_United_States_imported_from_iNaturalist_photo_269648588.jpg/1920px-California_Condor%2C_Pinnacles_National_Park%2C_San_Benito%2C_California%2C_United_States_imported_from_iNaturalist_photo_269648588.jpg,0,5cc9a6b124621332
image_1437.hdf5,86375408,building_exterior,wikimedia_commons,https://upload.wikimedia.org/wikipedia/commons/6/6d/Stadenstraat_znr_bunker_foto_1_-_32768_-_onroerenderfgoed.jpg,https://commons.wikimedia.org/wiki/File:Stadenstraat_znr_bunker_foto_1_-_32768_-_onroerenderfgoed.jpg,CC BY 4.0,,"Vanneste, Pol",File:Stadenstraat znr bunker foto 1 - 32768 - onroerenderfgoed.jpg,"(591, 443)",faa99d71088386199bee2740a0dc2325,https://upload.wikimedia.org/wikipedia/commons/6/6d/Stadenstraat_znr_bunker_foto_1_-_32768_-_onroerenderfgoed.jpg,0,8771e04e5afaf427
image_1438.hdf5,86110286,building_exterior,wikimedia_commons,https://upload.wikimedia.org/wikipedia/commons/1/17/Nieuwpoort_15_15101975_-_181353_-_onroerenderfgoed.jpg,https://commons.wikimedia.org/wiki/File:Nieuwpoort_15_15101975_-_181353_-_onroerenderfgoed.jpg,CC BY 4.0,,Vlaamse Gemeenschap,File:Nieuwpoort 15 15101975 - 181353 - onroerenderfgoed.jpg,"(448, 640)",7be2ecb631574a2be5f47cc68abc0525,https://upload.wikimedia.org/wikipedia/commons/1/17/Nieuwpoort_15_15101975_-_181353_-_onroerenderfgoed.jpg,0,e5267a1a776a2be1
image_1439.hdf5,184518612,nature_landscape,wikimedia_commons,https://upload.wikimedia.org/wikipedia/commons/c/cc/Nuthatch_-_Sitta_europaea_-_Eskrigg_Nature_Reserve.jpg,https://commons.wikimedia.org/wiki/File:Nuthatch_-_Sitta_europaea_-_Eskrigg_Nature_Reserve.jpg,CC BY 4.0,,caroline legg,File:Nuthatch - Sitta europaea - Eskrigg Nature Reserve.jpg,"(1838, 2756)",4361ec2b6a1105e75f86eb656a8058b4,https://upload.wikimedia.org/wikipedia/commons/c/cc/Nuthatch_-_Sitta_europaea_-_Eskrigg_Nature_Reserve.jpg,0,c8606c595fc8c8c4
image_1440.hdf5,140566954,building_exterior,wikimedia_commons,https://upload.wikimedia.org/wikipedia/commons/8/84/Pirate_Galley_concession_stand.jpg,https://commons.wikimedia.org/wiki/File:Pirate_Galley_concession_stand.jpg,CC BY 4.0,,PCHS-NJROTC,File:Pirate Galley concession stand.jpg,"(4032, 3024)",02bdb85bc3b4e8f31681ce56bc99de40,https://upload.wikimedia.org/wikipedia/commons/thumb/8/84/Pirate_Galley_concession_stand.jpg/1920px-Pirate_Galley_concession_stand.jpg,0,f23c7fd317313839
image_1441.hdf5,86998560,building_exterior,wikimedia_commons,https://upload.wikimedia.org/wikipedia/commons/2/2b/Gent_Tentoonstellingslaan_151_-_195408_-_onroerenderfgoed.jpg,https://commons.wikimedia.org/wiki/File:Gent_Tentoonstellingslaan_151_-_195408_-_onroerenderfgoed.jpg,CC BY 4.0,,"Depuydt, Katrijn",File:Gent Tentoonstellingslaan 151 - 195408 - onroerenderfgoed.jpg,"(480, 640)",b56cf51fc3140a9f0efa3c6212200e0f,https://upload.wikimedia.org/wikipedia/commons/2/2b/Gent_Tentoonstellingslaan_151_-_195408_-_onroerenderfgoed.jpg,0,708b4b630706978e
image_1442.hdf5,144488147,building_exterior,wikimedia_commons,https://upload.wikimedia.org/wikipedia/commons/7/76/HighCourtOfAustraliaSAR.png,https://commons.wikimedia.org/wiki/File:HighCourtOfAustraliaSAR.png,CC BY 4.0,,"Umbra Lab, Inc.",File:HighCourtOfAustraliaSAR.png,"(396, 428)",7c116284e752644e915af6b9a6194990,https://upload.wikimedia.org/wikipedia/commons/7/76/HighCourtOfAustraliaSAR.png,0,2d8f939396bc3d30
image_1443.hdf5,181157274,building_exterior,wikimedia_commons,https://upload.wikimedia.org/wikipedia/commons/6/6b/Future_Rooms_to_Go%3B_FL_50_Spring_Hill_Border.jpg,https://commons.wikimedia.org/wiki/File:Future_Rooms_to_Go;_FL_50_Spring_Hill_Border.jpg,CC BY 4.0,,DanTD,File:Future Rooms to Go; FL 50 Spring Hill Border.jpg,"(4608, 3456)",b457831375542a81505ba60f1c2398d0,https://upload.wikimedia.org/wikipedia/commons/thumb/6/6b/Future_Rooms_to_Go%3B_FL_50_Spring_Hill_Border.jpg/1920px-Future_Rooms_to_Go%3B_FL_50_Spring_Hill_Border.jpg,0,a3dc56a8e26c90fa
image_1444.hdf5,168352981,building_exterior,wikimedia_commons,https://upload.wikimedia.org/wikipedia/commons/0/0a/D%C3%A9tail_fa%C3%A7ade_couvent_Saint-Lazare_Marseille.jpg,https://commons.wikimedia.org/wiki/File:D%C3%A9tail_fa%C3%A7ade_couvent_Saint-Lazare_Marseille.jpg,CC BY 4.0,,Elme56,File:Détail façade couvent Saint-Lazare Marseille.jpg,"(383, 510)",a52ec351033e60a5094da3de113cdbc0,https://upload.wikimedia.org/wikipedia/commons/0/0a/D%C3%A9tail_fa%C3%A7ade_couvent_Saint-Lazare_Marseille.jpg,0,ec181105023380a0
image_1445.hdf5,142413110,nature_landscape,wikimedia_commons,https://upload.wikimedia.org/wikipedia/commons/6/6b/Horbat_Qarta_nature_reserve_2023_02.jpg,https://commons.wikimedia.org/wiki/File:Horbat_Qarta_nature_reserve_2023_02.jpg,CC BY 4.0,,Laliv g,File:Horbat Qarta nature reserve 2023 02.jpg,"(3000, 4000)",82051ac731e1cd320c6805cef3451de3,https://upload.wikimedia.org/wikipedia/commons/thumb/6/6b/Horbat_Qarta_nature_reserve_2023_02.jpg/1920px-Horbat_Qarta_nature_reserve_2023_02.jpg,0,aa8d4602054361bf
image_1446.hdf5,192075431,building_exterior,wikimedia_commons,https://upload.wikimedia.org/wikipedia/commons/d/d5/Exterior_Espino-Santos_Heritage_House_May_14_2026_Pulilan_04.jpg,https://commons.wikimedia.org/wiki/File:Exterior_Espino-Santos_Heritage_House_May_14_2026_Pulilan_04.jpg,CC BY 4.0,,P1898,File:Exterior Espino-Santos Heritage House May 14 2026 Pulilan 04.jpg,"(4096, 2844)",151e19c652cf9e9932c05fef5752eb47,https://upload.wikimedia.org/wikipedia/commons/thumb/d/d5/Exterior_Espino-Santos_Heritage_House_May_14_2026_Pulilan_04.jpg/1920px-Exterior_Espino-Santos_Heritage_House_May_14_2026_Pulilan_04.jpg,0,4ececfd9dbcd8f8b
image_1447.hdf5,146175815,building_exterior,wikimedia_commons,https://upload.wikimedia.org/wikipedia/commons/5/56/Outside_the_window.jpg,https://commons.wikimedia.org/wiki/File:Outside_the_window.jpg,CC BY 4.0,,Tiraspolsky,File:Outside the window.jpg,"(1875, 1244)",c9f1a4521b98ee870b9f572701d04ee0,https://upload.wikimedia.org/wikipedia/commons/5/56/Outside_the_window.jpg,0,250b3b2b2b2b2b2b
image_1448.hdf5,191936786,building_exterior,wikimedia_commons,https://upload.wikimedia.org/wikipedia/commons/3/30/Fachada_da_escola_Raimundo_Ferreira_Lima.jpg,https://commons.wikimedia.org/wiki/File:Fachada_da_escola_Raimundo_Ferreira_Lima.jpg,CC BY 4.0,,Deyvisonpplayer20,File:Fachada da escola Raimundo Ferreira Lima.jpg,"(4096, 3072)",35f3f36a7e62ce6faa115f5d5a35c290,https://upload.wikimedia.org/wikipedia/commons/thumb/3/30/Fachada_da_escola_Raimundo_Ferreira_Lima.jpg/1920px-Fachada_da_escola_Raimundo_Ferreira_Lima.jpg,0,908000e230b2da9c
image_1449.hdf5,68191772,building_exterior,wikimedia_commons,https://upload.wikimedia.org/wikipedia/commons/8/88/View_of_Tehran%2C_30_March_2018_02.jpg,"https://commons.wikimedia.org/wiki/File:View_of_Tehran,_30_March_2018_02.jpg",CC BY 4.0,,M. Saeed Sajjadi,"File:View of Tehran, 30 March 2018 02.jpg","(800, 486)",a4d9955ebff9e67d649ef9e12f7df4bf,https://upload.wikimedia.org/wikipedia/commons/8/88/View_of_Tehran%2C_30_March_2018_02.jpg,0,8dcf1f042715272f
image_1450.hdf5,77394436,building_exterior,wikimedia_commons,https://upload.wikimedia.org/wikipedia/commons/5/58/Tohoku_Fukushi_University_Station_exterior_2018.jpg,https://commons.wikimedia.org/wiki/File:Tohoku_Fukushi_University_Station_exterior_2018.jpg,CC BY 4.0,,Declan M Martin,File:Tohoku Fukushi University Station exterior 2018.jpg,"(4032, 3024)",6782304a1d71606a4b162e0846d74f7f,https://upload.wikimedia.org/wikipedia/commons/thumb/5/58/Tohoku_Fukushi_University_Station_exterior_2018.jpg/1920px-Tohoku_Fukushi_University_Station_exterior_2018.jpg,0,3cf1e77c602c6d7c
image_1451.hdf5,39669450,building_exterior,wikimedia_commons,https://upload.wikimedia.org/wikipedia/commons/8/82/Seeley_G._Mudd_Chemistry_Building_exterior%2C_April_2015.jpg,"https://commons.wikimedia.org/wiki/File:Seeley_G._Mudd_Chemistry_Building_exterior,_April_2015.jpg",CC BY 4.0,,Collin Knopp-Schwyn,"File:Seeley G. Mudd Chemistry Building exterior, April 2015.jpg","(4160, 3120)",decf84695488fe3852bd6d81d111a320,https://upload.wikimedia.org/wikipedia/commons/thumb/8/82/Seeley_G._Mudd_Chemistry_Building_exterior%2C_April_2015.jpg/1920px-Seeley_G._Mudd_Chemistry_Building_exterior%2C_April_2015.jpg,0,5f257179323ab859
image_1452.hdf5,134338193,nature_landscape,wikimedia_commons,https://upload.wikimedia.org/wikipedia/commons/5/50/Great_Grebe_Podiceps_major%2C_Tierra_del_Fuego_National_Park%2C_Argentina_1.jpg,"https://commons.wikimedia.org/wiki/File:Great_Grebe_Podiceps_major,_Tierra_del_Fuego_National_Park,_Argentina_1.jpg",CC BY 4.0,https://www.inaturalist.org/people/marreginas,marreginas,"File:Great Grebe Podiceps major, Tierra del Fuego National Park, Argentina 1.jpg","(2048, 1536)",b66e82d2768a33ffd2153d6361f10164,https://upload.wikimedia.org/wikipedia/commons/thumb/5/50/Great_Grebe_Podiceps_major%2C_Tierra_del_Fuego_National_Park%2C_Argentina_1.jpg/1920px-Great_Grebe_Podiceps_major%2C_Tierra_del_Fuego_National_Park%2C_Argentina_1.jpg,0,2559211336350dd6
image_1453.hdf5,163035960,building_exterior,wikimedia_commons,https://upload.wikimedia.org/wikipedia/commons/1/16/A_beautiful_day_in_the_neighborhood.jpg,https://commons.wikimedia.org/wiki/File:A_beautiful_day_in_the_neighborhood.jpg,CC BY 4.0,,Jon Rosenoer,File:A beautiful day in the neighborhood.jpg,"(3915, 5220)",313b101dfe598e88377ecaaab0392327,https://upload.wikimedia.org/wikipedia/commons/thumb/1/16/A_beautiful_day_in_the_neighborhood.jpg/1920px-A_beautiful_day_in_the_neighborhood.jpg,0,40945456472b70e1
image_1454.hdf5,167660035,building_exterior,wikimedia_commons,https://upload.wikimedia.org/wikipedia/commons/7/75/Copped_Hall_first_floor_window%2C_Epping%2C_Essex%2C_England_04.jpg,"https://commons.wikimedia.org/wiki/File:Copped_Hall_first_floor_window,_Epping,_Essex,_England_04.jpg",CC BY 4.0,,Acabashi,"File:Copped Hall first floor window, Epping, Essex, England 04.jpg","(3886, 5780)",333a167eac472f62b015222d96f30dbc,https://upload.wikimedia.org/wikipedia/commons/thumb/7/75/Copped_Hall_first_floor_window%2C_Epping%2C_Essex%2C_England_04.jpg/1920px-Copped_Hall_first_floor_window%2C_Epping%2C_Essex%2C_England_04.jpg,0,ea6a6aaa2a2e2666
image_1455.hdf5,151230020,nature_landscape,wikimedia_commons,https://upload.wikimedia.org/wikipedia/commons/2/2e/Discover_the_Best_Resorts_and_Hotels_Near_Pench_National_Park_and_Turia_Gate.jpg,https://commons.wikimedia.org/wiki/File:Discover_the_Best_Resorts_and_Hotels_Near_Pench_National_Park_and_Turia_Gate.jpg,CC BY 4.0,,Tanas1234,File:Discover the Best Resorts and Hotels Near Pench National Park and Turia Gate.jpg,"(3024, 3705)",b45d4ac8d879ccd2284f9a3c52419ef2,https://upload.wikimedia.org/wikipedia/commons/thumb/2/2e/Discover_the_Best_Resorts_and_Hotels_Near_Pench_National_Park_and_Turia_Gate.jpg/1920px-Discover_the_Best_Resorts_and_Hotels_Near_Pench_National_Park_and_Turia_Gate.jpg,0,9812cbd2d2f03992
image_1456.hdf5,40097176,building_exterior,wikimedia_commons,https://upload.wikimedia.org/wikipedia/commons/c/c5/%C4%8Cesk%C3%BD_Krumlov%2C_pohled_na_s%C3%ADdli%C5%A1t%C4%9B.jpg,"https://commons.wikimedia.org/wiki/File:%C4%8Cesk%C3%BD_Krumlov,_pohled_na_s%C3%ADdli%C5%A1t%C4%9B.jpg",CC BY 4.0,,being notified,"File:Český Krumlov, pohled na sídliště.jpg","(4770, 3178)",df1dd6270782dacd316bf83ef6ac0ad8,https://upload.wikimedia.org/wikipedia/commons/thumb/c/c5/%C4%8Cesk%C3%BD_Krumlov%2C_pohled_na_s%C3%ADdli%C5%A1t%C4%9B.jpg/1920px-%C4%8Cesk%C3%BD_Krumlov%2C_pohled_na_s%C3%ADdli%C5%A1t%C4%9B.jpg,0,3f5fd24519a46569
image_1457.hdf5,77119903,nature_landscape,wikimedia_commons,https://upload.wikimedia.org/wikipedia/commons/1/13/Manuel_Antonio_National_Park_on_sunset_sails.jpg,https://commons.wikimedia.org/wiki/File:Manuel_Antonio_National_Park_on_sunset_sails.jpg,CC BY 4.0,,Sunset Sails,File:Manuel Antonio National Park on sunset sails.jpg,"(960, 633)",28ddf5c7044484db29dbaac0530b268a,https://upload.wikimedia.org/wikipedia/commons/1/13/Manuel_Antonio_National_Park_on_sunset_sails.jpg,0,7efc33cb9898f05b
image_1458.hdf5,99767953,nature_landscape,wikimedia_commons,https://upload.wikimedia.org/wikipedia/commons/c/c1/Stream_along_the_Padjelantaleden_in_the_P%C3%A4rl%C3%A4lvens_fj%C3%A4llurskog_nature_reserve_%28DSCF2109%29.jpg,https://commons.wikimedia.org/wiki/File:Stream_along_the_Padjelantaleden_in_the_P%C3%A4rl%C3%A4lvens_fj%C3%A4llurskog_nature_reserve_(DSCF2109).jpg,CC BY 4.0,,Trougnouf (Benoit Brummer),File:Stream along the Padjelantaleden in the Pärlälvens fjällurskog nature reserve (DSCF2109).jpg,"(4904, 3274)",e98d870d4eff5a4ff5a3f3da64ad37ed,https://upload.wikimedia.org/wikipedia/commons/thumb/c/c1/Stream_along_the_Padjelantaleden_in_the_P%C3%A4rl%C3%A4lvens_fj%C3%A4llurskog_nature_reserve_%28DSCF2109%29.jpg/1920px-Stream_along_the_Padjelantaleden_in_the_P%C3%A4rl%C3%A4lvens_fj%C3%A4llurskog_nature_reserve_%28DSCF2109%29.jpg,0,070f11192e36965b
image_1459.hdf5,192138750,building_exterior,wikimedia_commons,https://upload.wikimedia.org/wikipedia/commons/6/6f/Exterior_of_the_Topography_of_Terror_building_Gropius.jpg,https://commons.wikimedia.org/wiki/File:Exterior_of_the_Topography_of_Terror_building_Gropius.jpg,CC BY 4.0,,Moleskine,File:Exterior of the Topography of Terror building Gropius.jpg,"(4000, 3000)",b42bb8df0201f20d03b8705edbeee45a,https://upload.wikimedia.org/wikipedia/commons/thumb/6/6f/Exterior_of_the_Topography_of_Terror_building_Gropius.jpg/1920px-Exterior_of_the_Topography_of_Terror_building_Gropius.jpg,0,f8c0e1f161262040
image_1460.hdf5,194990932,building_exterior,wikimedia_commons,https://upload.wikimedia.org/wikipedia/commons/5/50/Exterior_Of_The_United_States_Capitol_Building.jpg,https://commons.wikimedia.org/wiki/File:Exterior_Of_The_United_States_Capitol_Building.jpg,CC BY 4.0,,Trendscope,File:Exterior Of The United States Capitol Building.jpg,"(5616, 3744)",0c3e3019206d4c12c2d24466a02c1837,https://upload.wikimedia.org/wikipedia/commons/thumb/5/50/Exterior_Of_The_United_States_Capitol_Building.jpg/1920px-Exterior_Of_The_United_States_Capitol_Building.jpg,0,83ca4b130e0b0207
image_1461.hdf5,40432947,building_exterior,wikimedia_commons,https://upload.wikimedia.org/wikipedia/commons/e/e2/Louis_Vuitton_building_midtown_Manhattan_photo_Don_Ramey_Logan.jpg,https://commons.wikimedia.org/wiki/File:Louis_Vuitton_building_midtown_Manhattan_photo_Don_Ramey_Logan.jpg,CC BY 4.0,,Don Ramey Logan,File:Louis Vuitton building midtown Manhattan photo Don Ramey Logan.jpg,"(2736, 3228)",fcdcc4ab617525e36e7eae560fd59cb8,https://upload.wikimedia.org/wikipedia/commons/thumb/e/e2/Louis_Vuitton_building_midtown_Manhattan_photo_Don_Ramey_Logan.jpg/1920px-Louis_Vuitton_building_midtown_Manhattan_photo_Don_Ramey_Logan.jpg,0,7af2d7cbf1f9bceb
image_1462.hdf5,60607719,nature_landscape,wikimedia_commons,https://upload.wikimedia.org/wikipedia/commons/e/e4/Buffalo_at_Biscuit_Basin_in_Yellowstone_National_Park.jpg,https://commons.wikimedia.org/wiki/File:Buffalo_at_Biscuit_Basin_in_Yellowstone_National_Park.jpg,CC BY 4.0,,David Riordan,File:Buffalo at Biscuit Basin in Yellowstone National Park.jpg,"(4032, 3024)",2b707cb9ca8ae1121ac44b938113ee39,https://upload.wikimedia.org/wikipedia/commons/thumb/e/e4/Buffalo_at_Biscuit_Basin_in_Yellowstone_National_Park.jpg/1920px-Buffalo_at_Biscuit_Basin_in_Yellowstone_National_Park.jpg,0,8cd99d5f43253903
image_1463.hdf5,193593721,nature_landscape,wikimedia_commons,https://upload.wikimedia.org/wikipedia/commons/8/88/Nature_Kazerun1.jpg,https://commons.wikimedia.org/wiki/File:Nature_Kazerun1.jpg,CC BY 4.0,,Mostafafarhadi87,File:Nature Kazerun1.jpg,"(1290, 1503)",2977f74af8d97f276a44c44ca16a8dbf,https://upload.wikimedia.org/wikipedia/commons/8/88/Nature_Kazerun1.jpg,0,30cd2f86985783e9
image_1464.hdf5,100137574,nature_landscape,wikimedia_commons,https://upload.wikimedia.org/wikipedia/commons/c/cc/Walk_through_Coast_Redwood_in_Redwood_National_Park.jpg,https://commons.wikimedia.org/wiki/File:Walk_through_Coast_Redwood_in_Redwood_National_Park.jpg,CC BY 4.0,,CoreyAPotter,File:Walk through Coast Redwood in Redwood National Park.jpg,"(690, 920)",09cc7b3f12badd55535648fd7f4f9831,https://upload.wikimedia.org/wikipedia/commons/c/cc/Walk_through_Coast_Redwood_in_Redwood_National_Park.jpg,0,ebcdcdcdcefc0c4d
image_1465.hdf5,121677777,nature_landscape,wikimedia_commons,https://upload.wikimedia.org/wikipedia/commons/2/2f/Aardwolf%2C_Buffalo_Springs_National_Park%2C_Kenya_1_%28cropped%29.jpg,"https://commons.wikimedia.org/wiki/File:Aardwolf,_Buffalo_Springs_National_Park,_Kenya_1_(cropped).jpg",CC BY 4.0,https://www.inaturalist.org/people/elebew,Stefan Haag,"File:Aardwolf, Buffalo Springs National Park, Kenya 1 (cropped).jpg","(1213, 724)",174dcb5ca7610557b5812b40d8be1a3c,https://upload.wikimedia.org/wikipedia/commons/2/2f/Aardwolf%2C_Buffalo_Springs_National_Park%2C_Kenya_1_%28cropped%29.jpg,0,853278f2d38aa9c2
image_1466.hdf5,149880939,nature_landscape,wikimedia_commons,https://upload.wikimedia.org/wikipedia/commons/3/38/Rolleston_River%2C_Arthur%27s_Pass_National_Park%2C_New_Zealand_02.jpg,"https://commons.wikimedia.org/wiki/File:Rolleston_River,_Arthur%27s_Pass_National_Park,_New_Zealand_02.jpg",CC BY 4.0,,Michal Klajban,"File:Rolleston River, Arthur's Pass National Park, New Zealand 02.jpg","(4128, 3096)",a992df042281052742a9a880fda5dfef,https://upload.wikimedia.org/wikipedia/commons/thumb/3/38/Rolleston_River%2C_Arthur%27s_Pass_National_Park%2C_New_Zealand_02.jpg/1920px-Rolleston_River%2C_Arthur%27s_Pass_National_Park%2C_New_Zealand_02.jpg,0,56e6eec898234742
image_1467.hdf5,163255593,nature_landscape,wikimedia_commons,https://upload.wikimedia.org/wikipedia/commons/f/ff/Wetlands_Van_Long_Nature_Reserve_%2875558%29.jpg,https://commons.wikimedia.org/wiki/File:Wetlands_Van_Long_Nature_Reserve_(75558).jpg,CC BY 4.0,,JakobHosp,File:Wetlands Van Long Nature Reserve (75558).jpg,"(1643, 2147)",83c602ea3250e91e313553a9935d0153,https://upload.wikimedia.org/wikipedia/commons/f/ff/Wetlands_Van_Long_Nature_Reserve_%2875558%29.jpg,0,713d072919060f9b
image_1468.hdf5,108296182,building_exterior,wikimedia_commons,https://upload.wikimedia.org/wikipedia/commons/7/79/Duomo_animal.jpg,https://commons.wikimedia.org/wiki/File:Duomo_animal.jpg,CC BY 4.0,,Shyamal,File:Duomo animal.jpg,"(2560, 2792)",b11e57e5190c44692e081ff9ef6ea20f,https://upload.wikimedia.org/wikipedia/commons/thumb/7/79/Duomo_animal.jpg/1920px-Duomo_animal.jpg,0,695948e0ccc869e8
image_1469.hdf5,142171871,nature_landscape,wikimedia_commons,https://upload.wikimedia.org/wikipedia/commons/8/8a/Parque_Nacional_Marinho_de_Fernando_de_Noronha_-_Jo%C3%A3o_Paulo_Marques_DAndretta_1-edited.jpg,https://commons.wikimedia.org/wiki/File:Parque_Nacional_Marinho_de_Fernando_de_Noronha_-_Jo%C3%A3o_Paulo_Marques_DAndretta_1-edited.jpg,CC BY 4.0,,João D'Andretta,File:Parque Nacional Marinho de Fernando de Noronha - João Paulo Marques DAndretta 1-edited.jpg,"(3937, 2625)",d44f4430933b6a9061feeb80ce7aa1d1,https://upload.wikimedia.org/wikipedia/commons/thumb/8/8a/Parque_Nacional_Marinho_de_Fernando_de_Noronha_-_Jo%C3%A3o_Paulo_Marques_DAndretta_1-edited.jpg/1920px-Parque_Nacional_Marinho_de_Fernando_de_Noronha_-_Jo%C3%A3o_Paulo_Marques_DAndretta_1-edited.jpg,0,491d1b19333a3c31
image_1470.hdf5,152150564,nature_landscape,wikimedia_commons,https://upload.wikimedia.org/wikipedia/commons/b/b5/Patince_24_Slovakia_12.jpg,https://commons.wikimedia.org/wiki/File:Patince_24_Slovakia_12.jpg,CC BY 4.0,,Jozef Kotulič,File:Patince 24 Slovakia 12.jpg,"(5472, 3648)",1219d67f9ffa166564305478bf0e68cd,https://upload.wikimedia.org/wikipedia/commons/thumb/b/b5/Patince_24_Slovakia_12.jpg/1920px-Patince_24_Slovakia_12.jpg,0,f8f0c6b4313cbcd6
image_1471.hdf5,175390393,nature_landscape,wikimedia_commons,https://upload.wikimedia.org/wikipedia/commons/f/f8/Cliffs_in_Bruce_Peninsula_National_Park.jpg,https://commons.wikimedia.org/wiki/File:Cliffs_in_Bruce_Peninsula_National_Park.jpg,CC BY 4.0,,Hannah Clover,File:Cliffs in Bruce Peninsula National Park.jpg,"(3024, 4032)",d395bc722482b9781d02bae197a1cd37,https://upload.wikimedia.org/wikipedia/commons/thumb/f/f8/Cliffs_in_Bruce_Peninsula_National_Park.jpg/1920px-Cliffs_in_Bruce_Peninsula_National_Park.jpg,0,8f41181c581a0f39
image_1472.hdf5,75993291,nature_landscape,wikimedia_commons,https://upload.wikimedia.org/wikipedia/commons/4/41/Flachau_mountain_01.jpg,https://commons.wikimedia.org/wiki/File:Flachau_mountain_01.jpg,CC BY 4.0,,Richard Symonds,File:Flachau mountain 01.jpg,"(4048, 3036)",75a5f5fc610e2a008de69d3fbc1db944,https://upload.wikimedia.org/wikipedia/commons/thumb/4/41/Flachau_mountain_01.jpg/1920px-Flachau_mountain_01.jpg,0,f7fdfff717b23137
image_1473.hdf5,170311674,building_exterior,wikimedia_commons,https://upload.wikimedia.org/wikipedia/commons/8/8a/Supernova_from_a_distance_%28upr_IMG_5917-CC%29.jpg,https://commons.wikimedia.org/wiki/File:Supernova_from_a_distance_(upr_IMG_5917-CC).jpg,CC BY 4.0,,ESO/P. Horálek,File:Supernova from a distance (upr IMG 5917-CC).jpg,"(5050, 3006)",e938fc031bc7a03291767aad28bb0e04,https://upload.wikimedia.org/wikipedia/commons/thumb/8/8a/Supernova_from_a_distance_%28upr_IMG_5917-CC%29.jpg/1920px-Supernova_from_a_distance_%28upr_IMG_5917-CC%29.jpg,0,fbfbcdc1d1e10103
image_1474.hdf5,146119743,nature_landscape,wikimedia_commons,https://upload.wikimedia.org/wikipedia/commons/c/c2/G%C3%BCterweg_Haselrast_O.jpg,https://commons.wikimedia.org/wiki/File:G%C3%BCterweg_Haselrast_O.jpg,CC BY 4.0,,Linie29,File:Güterweg Haselrast O.jpg,"(8256, 5504)",fa22d03dccea0627f5c47fba34d3de68,https://upload.wikimedia.org/wikipedia/commons/thumb/c/c2/G%C3%BCterweg_Haselrast_O.jpg/1920px-G%C3%BCterweg_Haselrast_O.jpg,0,0d0d0c0a9b9b0f87
image_1475.hdf5,84996392,nature_landscape,wikimedia_commons,https://upload.wikimedia.org/wikipedia/commons/5/58/Cloud_at_Sunset.jpg,https://commons.wikimedia.org/wiki/File:Cloud_at_Sunset.jpg,CC BY 4.0,,Fooxj,File:Cloud at Sunset.jpg,"(6000, 4000)",f83a29c370e1d90f09fd16c48a1000d2,https://upload.wikimedia.org/wikipedia/commons/thumb/5/58/Cloud_at_Sunset.jpg/1920px-Cloud_at_Sunset.jpg,0,0fd7590f0f2f330a
image_1476.hdf5,153347249,building_exterior,wikimedia_commons,https://upload.wikimedia.org/wikipedia/commons/7/7f/Lobo_wolf_statue_at_University_of_New_Mexico.jpg,https://commons.wikimedia.org/wiki/File:Lobo_wolf_statue_at_University_of_New_Mexico.jpg,CC BY 4.0,,Kenneth C. Zirkel,File:Lobo wolf statue at University of New Mexico.jpg,"(3600, 2400)",f1fa52e8980242cf15090ebe822ff7ce,https://upload.wikimedia.org/wikipedia/commons/thumb/7/7f/Lobo_wolf_statue_at_University_of_New_Mexico.jpg/1920px-Lobo_wolf_statue_at_University_of_New_Mexico.jpg,0,858791901c167716
image_1477.hdf5,136165989,nature_landscape,wikimedia_commons,https://upload.wikimedia.org/wikipedia/commons/e/e6/Exercising_at_national_park%2C_Singapore.jpg,"https://commons.wikimedia.org/wiki/File:Exercising_at_national_park,_Singapore.jpg",CC BY 4.0,,Anish Sheela,"File:Exercising at national park, Singapore.jpg","(4608, 3456)",a7bfac6217fe935d179b226b69029d55,https://upload.wikimedia.org/wikipedia/commons/thumb/e/e6/Exercising_at_national_park%2C_Singapore.jpg/1920px-Exercising_at_national_park%2C_Singapore.jpg,0,476d6ccd13038c0c
image_1478.hdf5,86830950,building_exterior,wikimedia_commons,https://upload.wikimedia.org/wikipedia/commons/6/6e/Mortsel_Drabstraat_252_2_voorgevel_-_143270_-_onroerenderfgoed.jpg,https://commons.wikimedia.org/wiki/File:Mortsel_Drabstraat_252_2_voorgevel_-_143270_-_onroerenderfgoed.jpg,CC BY 4.0,,"Braeken, Jo",File:Mortsel Drabstraat 252 2 voorgevel - 143270 - onroerenderfgoed.jpg,"(768, 1024)",4df8051afa14c32f3114483ead77c170,https://upload.wikimedia.org/wikipedia/commons/6/6e/Mortsel_Drabstraat_252_2_voorgevel_-_143270_-_onroerenderfgoed.jpg,0,fcd49cde82849014
image_1479.hdf5,190047107,nature_landscape,wikimedia_commons,https://upload.wikimedia.org/wikipedia/commons/6/6e/Nature_Day_in_Yazd_10_%28Mehr%2C_2026%29.jpg,"https://commons.wikimedia.org/wiki/File:Nature_Day_in_Yazd_10_(Mehr,_2026).jpg",CC BY 4.0,,Majid Dehghanizadeh,"File:Nature Day in Yazd 10 (Mehr, 2026).jpg","(1280, 853)",e2b8a27d02c13e25e04822c9f837502c,https://upload.wikimedia.org/wikipedia/commons/6/6e/Nature_Day_in_Yazd_10_%28Mehr%2C_2026%29.jpg,0,7d7cfcec6cd4640c
image_1480.hdf5,108525977,building_exterior,wikimedia_commons,https://upload.wikimedia.org/wikipedia/commons/6/6e/Ofunaken_headquarters_bld.jpg,https://commons.wikimedia.org/wiki/File:Ofunaken_headquarters_bld.jpg,CC BY 4.0,,Yoh-Plus,File:Ofunaken headquarters bld.jpg,"(4032, 3024)",2abb91b5f8034345b09a61fc315dfdff,https://upload.wikimedia.org/wikipedia/commons/thumb/6/6e/Ofunaken_headquarters_bld.jpg/1920px-Ofunaken_headquarters_bld.jpg,0,33013c6a61298d16
image_1481.hdf5,154789863,building_exterior,wikimedia_commons,https://upload.wikimedia.org/wikipedia/commons/0/0a/Duomo_%28Amalfi%29_01.jpg,https://commons.wikimedia.org/wiki/File:Duomo_(Amalfi)_01.jpg,CC BY 4.0,,Bernard Gagnon,File:Duomo (Amalfi) 01.jpg,"(3216, 2144)",55ed55fb9e62628b040cd76f6ce70a43,https://upload.wikimedia.org/wikipedia/commons/thumb/0/0a/Duomo_%28Amalfi%29_01.jpg/1920px-Duomo_%28Amalfi%29_01.jpg,0,93a98cb1d5b0b0d4
image_1482.hdf5,175239852,building_exterior,wikimedia_commons,https://upload.wikimedia.org/wikipedia/commons/d/dc/Catedral_de_la_Almudena_-_Madrid_-_08.jpg,https://commons.wikimedia.org/wiki/File:Catedral_de_la_Almudena_-_Madrid_-_08.jpg,CC BY 4.0,,Javier Perez Montes,File:Catedral de la Almudena - Madrid - 08.jpg,"(7360, 4912)",7e2ad92ba2c6f19f67dca35884e2fec3,https://upload.wikimedia.org/wikipedia/commons/thumb/d/dc/Catedral_de_la_Almudena_-_Madrid_-_08.jpg/1920px-Catedral_de_la_Almudena_-_Madrid_-_08.jpg,0,1333323129190e9f
image_1483.hdf5,142525314,building_exterior,wikimedia_commons,https://upload.wikimedia.org/wikipedia/commons/9/9c/Graues_Haus_in_Winkel_am_Rhein_1963%2C_Gartenseite.jpg,"https://commons.wikimedia.org/wiki/File:Graues_Haus_in_Winkel_am_Rhein_1963,_Gartenseite.jpg",CC BY 4.0,,Dr. Mark Nerling,"File:Graues Haus in Winkel am Rhein 1963, Gartenseite.jpg","(4459, 3044)",80a4402a5a85ac3d3b5892ff6a85ad30,https://upload.wikimedia.org/wikipedia/commons/thumb/9/9c/Graues_Haus_in_Winkel_am_Rhein_1963%2C_Gartenseite.jpg/1920px-Graues_Haus_in_Winkel_am_Rhein_1963%2C_Gartenseite.jpg,0,c67d6e3a3a357c7c
image_1484.hdf5,74252251,nature_landscape,wikimedia_commons,https://upload.wikimedia.org/wikipedia/commons/4/43/Plectaster_decanus%2C_Bunurong_Marine_National_Park_01.jpg,"https://commons.wikimedia.org/wiki/File:Plectaster_decanus,_Bunurong_Marine_National_Park_01.jpg",CC BY 4.0,,Photographer: Patrick Honan,"File:Plectaster decanus, Bunurong Marine National Park 01.jpg","(3000, 2000)",4fb38b3fbcd9e5976184e88ba4a53975,https://upload.wikimedia.org/wikipedia/commons/thumb/4/43/Plectaster_decanus%2C_Bunurong_Marine_National_Park_01.jpg/1920px-Plectaster_decanus%2C_Bunurong_Marine_National_Park_01.jpg,0,cb491327695ab6b1
image_1485.hdf5,184779701,building_exterior,wikimedia_commons,https://upload.wikimedia.org/wikipedia/commons/0/05/Pro-Palestine_protest_Gothenburg_2026-02-22_08.jpg,https://commons.wikimedia.org/wiki/File:Pro-Palestine_protest_Gothenburg_2026-02-22_08.jpg,CC BY 4.0,,Crannofonix News,File:Pro-Palestine protest Gothenburg 2026-02-22 08.jpg,"(4032, 2688)",6b2d5a74a5b7071fc1959e5faf84cf07,https://upload.wikimedia.org/wikipedia/commons/thumb/0/05/Pro-Palestine_protest_Gothenburg_2026-02-22_08.jpg/1920px-Pro-Palestine_protest_Gothenburg_2026-02-22_08.jpg,0,5f5b6d7b1b37b514
image_1486.hdf5,171585406,building_exterior,wikimedia_commons,https://upload.wikimedia.org/wikipedia/commons/9/9f/Exterior_of_Our_Lady_of_the_Snows_Church%2C_Re%C8%99i%C8%9Ba_in_May_2025.jpg,"https://commons.wikimedia.org/wiki/File:Exterior_of_Our_Lady_of_the_Snows_Church,_Re%C8%99i%C8%9Ba_in_May_2025.jpg",CC BY 4.0,,TudorTulok,"File:Exterior of Our Lady of the Snows Church, Reșița in May 2025.jpg","(3024, 4032)",1469b850dd263c28041ed0cabd55a25f,https://upload.wikimedia.org/wikipedia/commons/thumb/9/9f/Exterior_of_Our_Lady_of_the_Snows_Church%2C_Re%C8%99i%C8%9Ba_in_May_2025.jpg/1920px-Exterior_of_Our_Lady_of_the_Snows_Church%2C_Re%C8%99i%C8%9Ba_in_May_2025.jpg,0,317074e8fafbf3d6
image_1487.hdf5,86089113,building_exterior,wikimedia_commons,https://upload.wikimedia.org/wikipedia/commons/4/4f/Grimbergen_Kerkplein_1%2C_Abdijstraat_20_Sint-Servatiuskerk_-_17504_-_onroerenderfgoed.jpg,"https://commons.wikimedia.org/wiki/File:Grimbergen_Kerkplein_1,_Abdijstraat_20_Sint-Servatiuskerk_-_17504_-_onroerenderfgoed.jpg",CC BY 4.0,,"Van Damme, Marjolijn","File:Grimbergen Kerkplein 1, Abdijstraat 20 Sint-Servatiuskerk - 17504 - onroerenderfgoed.jpg","(591, 402)",b2afe46d12f8df6950c99bb530b92b95,https://upload.wikimedia.org/wikipedia/commons/4/4f/Grimbergen_Kerkplein_1%2C_Abdijstraat_20_Sint-Servatiuskerk_-_17504_-_onroerenderfgoed.jpg,0,b6a2e6ccc6e2ced7
image_1488.hdf5,189441437,building_exterior,wikimedia_commons,https://upload.wikimedia.org/wikipedia/commons/5/5e/Exterior_of_room_on_Novye_Cheryomyshki.jpg,https://commons.wikimedia.org/wiki/File:Exterior_of_room_on_Novye_Cheryomyshki.jpg,CC BY 4.0,,Главархив Москвы,File:Exterior of room on Novye Cheryomyshki.jpg,"(1600, 1024)",9d11f3a9968051670ee5d090c8945a07,https://upload.wikimedia.org/wikipedia/commons/5/5e/Exterior_of_room_on_Novye_Cheryomyshki.jpg,0,0c29c9c9cbcadede
image_1489.hdf5,109666855,nature_landscape,wikimedia_commons,https://upload.wikimedia.org/wikipedia/commons/1/12/Doornfontein_Nature_Reserve_%2810.3897-afrinvertebr.60.33075%29_Figure_15.jpg,https://commons.wikimedia.org/wiki/File:Doornfontein_Nature_Reserve_(10.3897-afrinvertebr.60.33075)_Figure_15.jpg,CC BY 4.0,https://doi.org/10.3897/afrinvertebr.60.33075,https://doi.org/10.3897/afrinvertebr.60.33075,File:Doornfontein Nature Reserve (10.3897-afrinvertebr.60.33075) Figure 15.jpg,"(1371, 1028)",4dda1f80092adc2106b3e8a48975980e,https://upload.wikimedia.org/wikipedia/commons/1/12/Doornfontein_Nature_Reserve_%2810.3897-afrinvertebr.60.33075%29_Figure_15.jpg,0,b0f1278f093be752
image_1490.hdf5,157023771,building_exterior,wikimedia_commons,https://upload.wikimedia.org/wikipedia/commons/3/36/DSC05821_SanVincenzoAnastasio.jpg,https://commons.wikimedia.org/wiki/File:DSC05821_SanVincenzoAnastasio.jpg,CC BY 4.0,,TreFontane,File:DSC05821 SanVincenzoAnastasio.jpg,"(5184, 5712)",bc0b2f74a063ede7caa077f83e0cc0cb,https://upload.wikimedia.org/wikipedia/commons/thumb/3/36/DSC05821_SanVincenzoAnastasio.jpg/1920px-DSC05821_SanVincenzoAnastasio.jpg,0,93f36b2b17d69634
image_1491.hdf5,145047287,building_exterior,wikimedia_commons,https://upload.wikimedia.org/wikipedia/commons/6/66/2024-02-01-Hmong_Museum%2C_St._Paul%2C_MN-09-Building_Exterior_entrance.jpg,"https://commons.wikimedia.org/wiki/File:2024-02-01-Hmong_Museum,_St._Paul,_MN-09-Building_Exterior_entrance.jpg",CC BY 4.0,,Myotus,"File:2024-02-01-Hmong Museum, St. Paul, MN-09-Building Exterior entrance.jpg","(4032, 3024)",8232e74aaab6231bf7d0f38d9b4e1530,https://upload.wikimedia.org/wikipedia/commons/thumb/6/66/2024-02-01-Hmong_Museum%2C_St._Paul%2C_MN-09-Building_Exterior_entrance.jpg/1920px-2024-02-01-Hmong_Museum%2C_St._Paul%2C_MN-09-Building_Exterior_entrance.jpg,0,037ffca8ac8e3ffd
image_1492.hdf5,35829448,nature_landscape,wikimedia_commons,https://upload.wikimedia.org/wikipedia/commons/2/23/Indian_elephants_Grazing%2C_Jim_Corbett_National_Park.jpg,"https://commons.wikimedia.org/wiki/File:Indian_elephants_Grazing,_Jim_Corbett_National_Park.jpg",CC BY 4.0,,Stalin SM,"File:Indian elephants Grazing, Jim Corbett National Park.jpg","(1280, 854)",7d85f344b8664644d9836cdfd35273b4,https://upload.wikimedia.org/wikipedia/commons/2/23/Indian_elephants_Grazing%2C_Jim_Corbett_National_Park.jpg,0,1b8b0f17650f0e0b
image_1493.hdf5,75916912,building_exterior,wikimedia_commons,https://upload.wikimedia.org/wikipedia/commons/1/16/Berlin%2C_St._Thomas_von_Aquin_%28Akademiekirche%29%2C_Relief_NIK_7582.jpg,"https://commons.wikimedia.org/wiki/File:Berlin,_St._Thomas_von_Aquin_(Akademiekirche),_Relief_NIK_7582.jpg",CC BY 4.0,,Nightflyer,"File:Berlin, St. Thomas von Aquin (Akademiekirche), Relief NIK 7582.jpg","(5727, 3818)",0d1e5045cc214633adc632fefd7be1af,https://upload.wikimedia.org/wikipedia/commons/thumb/1/16/Berlin%2C_St._Thomas_von_Aquin_%28Akademiekirche%29%2C_Relief_NIK_7582.jpg/1920px-Berlin%2C_St._Thomas_von_Aquin_%28Akademiekirche%29%2C_Relief_NIK_7582.jpg,0,13505445574d6d0d
image_1494.hdf5,87656561,nature_landscape,wikimedia_commons,https://upload.wikimedia.org/wikipedia/commons/8/81/Sunset_at_Big_Bend_National_Park.jpg,https://commons.wikimedia.org/wiki/File:Sunset_at_Big_Bend_National_Park.jpg,CC BY 4.0,https://www.tripofalifestyle.com,TripOfALifestyle.com,File:Sunset at Big Bend National Park.jpg,"(4700, 3272)",58bc9f81049ba6704bb74c0ceb936c82,https://upload.wikimedia.org/wikipedia/commons/thumb/8/81/Sunset_at_Big_Bend_National_Park.jpg/1920px-Sunset_at_Big_Bend_National_Park.jpg,0,193876e39b031733
image_1495.hdf5,167965816,nature_landscape,wikimedia_commons,https://upload.wikimedia.org/wikipedia/commons/1/18/DAYBREAK_IN_DUDWAH_NATIONAL_PARK.jpg,https://commons.wikimedia.org/wiki/File:DAYBREAK_IN_DUDWAH_NATIONAL_PARK.jpg,CC BY 4.0,,Amitban77,File:DAYBREAK IN DUDWAH NATIONAL PARK.jpg,"(5400, 3600)",e65b997aff215a679faf439bf2342af8,https://upload.wikimedia.org/wikipedia/commons/thumb/1/18/DAYBREAK_IN_DUDWAH_NATIONAL_PARK.jpg/1920px-DAYBREAK_IN_DUDWAH_NATIONAL_PARK.jpg,0,2626276f2fafa683
image_1496.hdf5,177380899,nature_landscape,wikimedia_commons,https://upload.wikimedia.org/wikipedia/commons/8/8d/Rich_Blood_in_Amboro_National_Park_Bolivia.jpg,https://commons.wikimedia.org/wiki/File:Rich_Blood_in_Amboro_National_Park_Bolivia.jpg,CC BY 4.0,,Richard Blood,File:Rich Blood in Amboro National Park Bolivia.jpg,"(1024, 649)",f4b87f7a8417ff0a31a774387700b502,https://upload.wikimedia.org/wikipedia/commons/8/8d/Rich_Blood_in_Amboro_National_Park_Bolivia.jpg,0,2c720f6fe76d1f1c
image_1497.hdf5,188021920,building_exterior,wikimedia_commons,https://upload.wikimedia.org/wikipedia/commons/6/66/Maxwell%2C_New_Mexico.JPG,"https://commons.wikimedia.org/wiki/File:Maxwell,_New_Mexico.JPG",CC BY 4.0,,Jeffrey Beall,"File:Maxwell, New Mexico.JPG","(5398, 3250)",81cd0597a17fb680e9d1ba170e0b09eb,https://upload.wikimedia.org/wikipedia/commons/thumb/6/66/Maxwell%2C_New_Mexico.JPG/1920px-Maxwell%2C_New_Mexico.JPG,0,7d713dc3c3aef10b
image_1498.hdf5,118446224,nature_landscape,wikimedia_commons,https://upload.wikimedia.org/wikipedia/commons/8/84/%D0%A2%D1%8F%D0%BD%D0%B5%D1%82_%D0%B2_%D0%B4%D0%B0%D0%BB%D1%8C.jpg,https://commons.wikimedia.org/wiki/File:%D0%A2%D1%8F%D0%BD%D0%B5%D1%82_%D0%B2_%D0%B4%D0%B0%D0%BB%D1%8C.jpg,CC BY 4.0,,Махнин Илья Алексеевич и Курилова Анастасия Андреевна,File:Тянет в даль.jpg,"(780, 1040)",bc1a0943ff53a8366a5c2b13415d3379,https://upload.wikimedia.org/wikipedia/commons/8/84/%D0%A2%D1%8F%D0%BD%D0%B5%D1%82_%D0%B2_%D0%B4%D0%B0%D0%BB%D1%8C.jpg,0,35360b31c68c091b
image_1499.hdf5,156300934,building_exterior,wikimedia_commons,https://upload.wikimedia.org/wikipedia/commons/3/36/OC_MAX._Pre%C5%A1ov_24_Slovakia_1.jpg,https://commons.wikimedia.org/wiki/File:OC_MAX._Pre%C5%A1ov_24_Slovakia_1.jpg,CC BY 4.0,,Jozef Kotulič,File:OC MAX. Prešov 24 Slovakia 1.jpg,"(1814, 1315)",2c8e70a982cf8dacbaf73ded715a327d,https://upload.wikimedia.org/wikipedia/commons/3/36/OC_MAX._Pre%C5%A1ov_24_Slovakia_1.jpg,0,2c2c6dbf7cd7d8a8
image_1500.hdf5,145954073,building_exterior,wikimedia_commons,https://upload.wikimedia.org/wikipedia/commons/c/ca/Cattedrale_di_Biella_%28acquaforte%29.jpg,https://commons.wikimedia.org/wiki/File:Cattedrale_di_Biella_(acquaforte).jpg,CC BY 4.0,,"Giarrè, Luigi (Incisore)",File:Cattedrale di Biella (acquaforte).jpg,"(2156, 1471)",b048af9ca948f750572df3049228515f,https://upload.wikimedia.org/wikipedia/commons/thumb/c/ca/Cattedrale_di_Biella_%28acquaforte%29.jpg/1920px-Cattedrale_di_Biella_%28acquaforte%29.jpg,0,d4c3a1a9b9a9a19b
image_1501.hdf5,118487877,nature_landscape,wikimedia_commons,https://upload.wikimedia.org/wikipedia/commons/b/be/%D0%A0%D1%83%D0%B4%D0%BD%D0%B8%D0%BA_%22%D0%9C%D0%B8%D1%80%22_%D1%81%D0%BF%D1%83%D1%81%D1%82%D1%8F_5_%D0%BB%D0%B5%D1%82_%D0%BF%D0%BE%D1%81%D0%BB%D0%B5_%D0%B7%D0%B0%D1%82%D0%BE%D0%BF%D0%BB%D0%B5%D0%BD%D0%B8%D1%8F%2C_%D0%B3._%D0%9C%D0%B8%D1%80%D0%BD%D1%8B%D0%B9%2C_%D0%A0%D0%B5%D1%81%D0%BF%D1%83%D0%B1%D0%BB%D0%B8%D0%BA%D0%B0_%D0%A1%D0%B0%D1%85%D0%B0_%28%D0%AF%D0%BA%D1%83%D1%82%D0%B8%D1%8F%29.jpg,"https://commons.wikimedia.org/wiki/File:%D0%A0%D1%83%D0%B4%D0%BD%D0%B8%D0%BA_%22%D0%9C%D0%B8%D1%80%22_%D1%81%D0%BF%D1%83%D1%81%D1%82%D1%8F_5_%D0%BB%D0%B5%D1%82_%D0%BF%D0%BE%D1%81%D0%BB%D0%B5_%D0%B7%D0%B0%D1%82%D0%BE%D0%BF%D0%BB%D0%B5%D0%BD%D0%B8%D1%8F,_%D0%B3._%D0%9C%D0%B8%D1%80%D0%BD%D1%8B%D0%B9,_%D0%A0%D0%B5%D1%81%D0%BF%D1%83%D0%B1%D0%BB%D0%B8%D0%BA%D0%B0_%D0%A1%D0%B0%D1%85%D0%B0_(%D0%AF%D0%BA%D1%83%D1%82%D0%B8%D1%8F).jpg",CC BY 4.0,,Yanaudanenko,"File:Рудник ""Мир"" спустя 5 лет после затопления, г. Мирный, Республика Саха (Якутия).jpg","(4032, 3024)",3545e19824a522ffa2cc106ebf5debce,https://upload.wikimedia.org/wikipedia/commons/thumb/b/be/%D0%A0%D1%83%D0%B4%D0%BD%D0%B8%D0%BA_%22%D0%9C%D0%B8%D1%80%22_%D1%81%D0%BF%D1%83%D1%81%D1%82%D1%8F_5_%D0%BB%D0%B5%D1%82_%D0%BF%D0%BE%D1%81%D0%BB%D0%B5_%D0%B7%D0%B0%D1%82%D0%BE%D0%BF%D0%BB%D0%B5%D0%BD%D0%B8%D1%8F%2C_%D0%B3._%D0%9C%D0%B8%D1%80%D0%BD%D1%8B%D0%B9%2C_%D0%A0%D0%B5%D1%81%D0%BF%D1%83%D0%B1%D0%BB%D0%B8%D0%BA%D0%B0_%D0%A1%D0%B0%D1%85%D0%B0_%28%D0%AF%D0%BA%D1%83%D1%82%D0%B8%D1%8F%29.jpg/1920px-%D0%A0%D1%83%D0%B4%D0%BD%D0%B8%D0%BA_%22%D0%9C%D0%B8%D1%80%22_%D1%81%D0%BF%D1%83%D1%81%D1%82%D1%8F_5_%D0%BB%D0%B5%D1%82_%D0%BF%D0%BE%D1%81%D0%BB%D0%B5_%D0%B7%D0%B0%D1%82%D0%BE%D0%BF%D0%BB%D0%B5%D0%BD%D0%B8%D1%8F%2C_%D0%B3._%D0%9C%D0%B8%D1%80%D0%BD%D1%8B%D0%B9%2C_%D0%A0%D0%B5%D1%81%D0%BF%D1%83%D0%B1%D0%BB%D0%B8%D0%BA%D0%B0_%D0%A1%D0%B0%D1%85%D0%B0_%28%D0%AF%D0%BA%D1%83%D1%82%D0%B8%D1%8F%29.jpg,0,83052b070706cce3
image_1502.hdf5,169852589,nature_landscape,wikimedia_commons,https://upload.wikimedia.org/wikipedia/commons/2/21/2012_in_Plitvice_Lakes_National_Park_-_a.jpg,https://commons.wikimedia.org/wiki/File:2012_in_Plitvice_Lakes_National_Park_-_a.jpg,CC BY 4.0,,Thomas Dahlstrøm Nielsen,File:2012 in Plitvice Lakes National Park - a.jpg,"(4608, 3456)",f3ddfa3e0ed5d4aa40eda5ae2356503b,https://upload.wikimedia.org/wikipedia/commons/thumb/2/21/2012_in_Plitvice_Lakes_National_Park_-_a.jpg/1920px-2012_in_Plitvice_Lakes_National_Park_-_a.jpg,0,1b323b3170438f9b
image_1503.hdf5,187565961,nature_landscape,wikimedia_commons,https://upload.wikimedia.org/wikipedia/commons/2/29/Michelberg_Blick_nach_Wien.jpg,https://commons.wikimedia.org/wiki/File:Michelberg_Blick_nach_Wien.jpg,CC BY 4.0,,Naoag,File:Michelberg Blick nach Wien.jpg,"(4032, 3024)",a4f711c42e3caa9063cb634231a78693,https://upload.wikimedia.org/wikipedia/commons/thumb/2/29/Michelberg_Blick_nach_Wien.jpg/1920px-Michelberg_Blick_nach_Wien.jpg,0,01031f0f04061a8b
image_1504.hdf5,149839982,building_exterior,wikimedia_commons,https://upload.wikimedia.org/wikipedia/commons/1/11/Tokyo_station_outside_2.jpg,https://commons.wikimedia.org/wiki/File:Tokyo_station_outside_2.jpg,CC BY 4.0,,Immanuelle,File:Tokyo station outside 2.jpg,"(4032, 3024)",170d1ae34eb979c5b6ed04e89337be1f,https://upload.wikimedia.org/wikipedia/commons/thumb/1/11/Tokyo_station_outside_2.jpg/1920px-Tokyo_station_outside_2.jpg,0,f8f8623696603797
image_1505.hdf5,141458913,building_exterior,wikimedia_commons,https://upload.wikimedia.org/wikipedia/commons/8/8c/Assisi_-_Veduta_dalla_Rocca_Maggiore%2C_San_Francesco_02_-_Photo_by_Luca_Aless_Light_corrections_and_crop_by_Paolo_Villa.jpg,"https://commons.wikimedia.org/wiki/File:Assisi_-_Veduta_dalla_Rocca_Maggiore,_San_Francesco_02_-_Photo_by_Luca_Aless_Light_corrections_and_crop_by_Paolo_Villa.jpg",CC BY 4.0,https://commons.wikimedia.org/wiki/User:Vuvueffino,Vuvueffino,"File:Assisi - Veduta dalla Rocca Maggiore, San Francesco 02 - Photo by Luca Aless Light corrections and crop by Paolo Villa.jpg","(6000, 4135)",31a22d9c219eb3f11cb3b9d2c71ab500,https://upload.wikimedia.org/wikipedia/commons/thumb/8/8c/Assisi_-_Veduta_dalla_Rocca_Maggiore%2C_San_Francesco_02_-_Photo_by_Luca_Aless_Light_corrections_and_crop_by_Paolo_Villa.jpg/1920px-Assisi_-_Veduta_dalla_Rocca_Maggiore%2C_San_Francesco_02_-_Photo_by_Luca_Aless_Light_corrections_and_crop_by_Paolo_Villa.jpg,0,094310129b9e3b5a
image_1506.hdf5,178514800,nature_landscape,wikimedia_commons,https://upload.wikimedia.org/wikipedia/commons/1/1f/Sitta_magna%2C_Doi_Pha_Hom_Pok_National_Park%2C_Thailand_345449336.jpg,"https://commons.wikimedia.org/wiki/File:Sitta_magna,_Doi_Pha_Hom_Pok_National_Park,_Thailand_345449336.jpg",CC BY 4.0,https://www.inaturalist.org/people/ziggypop74,ziggypop74,"File:Sitta magna, Doi Pha Hom Pok National Park, Thailand 345449336.jpg","(1200, 800)",391c123265d437f640033cb45d844519,https://upload.wikimedia.org/wikipedia/commons/1/1f/Sitta_magna%2C_Doi_Pha_Hom_Pok_National_Park%2C_Thailand_345449336.jpg,0,2163c38595932230
image_1507.hdf5,151060445,nature_landscape,wikimedia_commons,https://upload.wikimedia.org/wikipedia/commons/5/50/Reichenstein_Totes_Gebirge_20240727a.jpg,https://commons.wikimedia.org/wiki/File:Reichenstein_Totes_Gebirge_20240727a.jpg,CC BY 4.0,,Tigerente,File:Reichenstein Totes Gebirge 20240727a.jpg,"(6000, 4000)",4f69933fc2cf76acbd6b7480f48640a3,https://upload.wikimedia.org/wikipedia/commons/thumb/5/50/Reichenstein_Totes_Gebirge_20240727a.jpg/1920px-Reichenstein_Totes_Gebirge_20240727a.jpg,0,803626677b7f1ed3
image_1508.hdf5,178755984,nature_landscape,wikimedia_commons,https://upload.wikimedia.org/wikipedia/commons/3/3b/Tigress_of_Bandhavgarh_National_Park%2C_India%2C_25_February_2025.jpg,"https://commons.wikimedia.org/wiki/File:Tigress_of_Bandhavgarh_National_Park,_India,_25_February_2025.jpg",CC BY 4.0,,MRNA Photographer,"File:Tigress of Bandhavgarh National Park, India, 25 February 2025.jpg","(2794, 2248)",acbf774da0f4f75036f898714232e72d,https://upload.wikimedia.org/wikipedia/commons/thumb/3/3b/Tigress_of_Bandhavgarh_National_Park%2C_India%2C_25_February_2025.jpg/1920px-Tigress_of_Bandhavgarh_National_Park%2C_India%2C_25_February_2025.jpg,0,4101071e376309c9
image_1509.hdf5,141395965,nature_landscape,wikimedia_commons,https://upload.wikimedia.org/wikipedia/commons/b/b2/Mule_deer_-_Yellowstone_National_Park_2021-07-22.jpg,https://commons.wikimedia.org/wiki/File:Mule_deer_-_Yellowstone_National_Park_2021-07-22.jpg,CC BY 4.0,,Lucas Golden,File:Mule deer - Yellowstone National Park 2021-07-22.jpg,"(3978, 2652)",eb166b773bf046b6d5adc5065fe0cf26,https://upload.wikimedia.org/wikipedia/commons/thumb/b/b2/Mule_deer_-_Yellowstone_National_Park_2021-07-22.jpg/1920px-Mule_deer_-_Yellowstone_National_Park_2021-07-22.jpg,0,c624b4b834b5c548
image_1510.hdf5,124564281,nature_landscape,wikimedia_commons,https://upload.wikimedia.org/wikipedia/commons/1/1d/Tourist_Rudolph.A.Furtado_%27Selfie%27_at_Chobe_National_Park_in_Botswana.jpg,https://commons.wikimedia.org/wiki/File:Tourist_Rudolph.A.Furtado_%27Selfie%27_at_Chobe_National_Park_in_Botswana.jpg,CC BY 4.0,,Rudolph.A.furtado,File:Tourist Rudolph.A.Furtado 'Selfie' at Chobe National Park in Botswana.jpg,"(3264, 2448)",af9098c45b004399c4dddaf5ff377cd2,https://upload.wikimedia.org/wikipedia/commons/thumb/1/1d/Tourist_Rudolph.A.Furtado_%27Selfie%27_at_Chobe_National_Park_in_Botswana.jpg/1920px-Tourist_Rudolph.A.Furtado_%27Selfie%27_at_Chobe_National_Park_in_Botswana.jpg,0,50a365e4edc10131
image_1511.hdf5,58896809,building_exterior,wikimedia_commons,https://upload.wikimedia.org/wikipedia/commons/3/34/Azadi_tower_10.jpg,https://commons.wikimedia.org/wiki/File:Azadi_tower_10.jpg,CC BY 4.0,https://commons.wikimedia.org/wiki/User:Kasir,Kasir,File:Azadi tower 10.jpg,"(800, 476)",c2914ac576e8977555c8c800dce9b2d8,https://upload.wikimedia.org/wikipedia/commons/3/34/Azadi_tower_10.jpg,0,0054ca32306bb56a
image_1512.hdf5,79255481,nature_landscape,wikimedia_commons,https://upload.wikimedia.org/wikipedia/commons/3/31/Ausblick_vom_Naturpark_Hoher_Mei%C3%9Fner.jpg,https://commons.wikimedia.org/wiki/File:Ausblick_vom_Naturpark_Hoher_Mei%C3%9Fner.jpg,CC BY 4.0,,Jo neo world,File:Ausblick vom Naturpark Hoher Meißner.jpg,"(4032, 3024)",b38c21fa3680fe4456a4230ba3aed7b1,https://upload.wikimedia.org/wikipedia/commons/thumb/3/31/Ausblick_vom_Naturpark_Hoher_Mei%C3%9Fner.jpg/1920px-Ausblick_vom_Naturpark_Hoher_Mei%C3%9Fner.jpg,0,f22e6860f5e6161d
image_1513.hdf5,167860265,nature_landscape,wikimedia_commons,https://upload.wikimedia.org/wikipedia/commons/6/6d/Snowdrop_woodsorrel%2C_Walls_of_Jerusalem_National_Park%2C_Walls_of_Jerusalem%2C_TAS%2C_AU_imported_from_iNaturalist_photo_177099838.jpg,"https://commons.wikimedia.org/wiki/File:Snowdrop_woodsorrel,_Walls_of_Jerusalem_National_Park,_Walls_of_Jerusalem,_TAS,_AU_imported_from_iNaturalist_photo_177099838.jpg",CC BY 4.0,,"(c) krumpianking, some rights reserved (CC BY)","File:Snowdrop woodsorrel, Walls of Jerusalem National Park, Walls of Jerusalem, TAS, AU imported from iNaturalist photo 177099838.jpg","(1536, 2048)",aefa02de6c8a357b09f2aefa23d6af05,https://upload.wikimedia.org/wikipedia/commons/6/6d/Snowdrop_woodsorrel%2C_Walls_of_Jerusalem_National_Park%2C_Walls_of_Jerusalem%2C_TAS%2C_AU_imported_from_iNaturalist_photo_177099838.jpg,0,2a68a9d61f958085
image_1514.hdf5,40072445,building_exterior,wikimedia_commons,https://upload.wikimedia.org/wikipedia/commons/a/ad/Stockholm_town_hall_window.jpeg,https://commons.wikimedia.org/wiki/File:Stockholm_town_hall_window.jpeg,CC BY 4.0,,B jonas,File:Stockholm town hall window.jpeg,"(3648, 2736)",7d193feb966ab95d36ec12f8d4e305d4,https://upload.wikimedia.org/wikipedia/commons/thumb/a/ad/Stockholm_town_hall_window.jpeg/1920px-Stockholm_town_hall_window.jpeg,0,2737373737373737
image_1515.hdf5,193982007,nature_landscape,wikimedia_commons,https://upload.wikimedia.org/wikipedia/commons/6/61/Picol_mountain.jpg,https://commons.wikimedia.org/wiki/File:Picol_mountain.jpg,CC BY 4.0,,Nina Reicer,File:Picol mountain.jpg,"(2464, 2464)",7f701b4e73944b9254e5318c7edd8a05,https://upload.wikimedia.org/wikipedia/commons/thumb/6/61/Picol_mountain.jpg/1920px-Picol_mountain.jpg,0,2400734f9bf3f236
image_1516.hdf5,182050196,building_exterior,wikimedia_commons,https://upload.wikimedia.org/wikipedia/commons/4/4f/155_Mystery_Lake_Road.jpg,https://commons.wikimedia.org/wiki/File:155_Mystery_Lake_Road.jpg,CC BY 4.0,,Demon9984,File:155 Mystery Lake Road.jpg,"(3024, 4032)",68c97db3f8f8d6522bb1e1696ac88497,https://upload.wikimedia.org/wikipedia/commons/thumb/4/4f/155_Mystery_Lake_Road.jpg/1920px-155_Mystery_Lake_Road.jpg,0,034fb2b694002020
image_1517.hdf5,181007433,nature_landscape,wikimedia_commons,https://upload.wikimedia.org/wikipedia/commons/a/a2/Landscape_with_a_view_of_Rome%2C_as_seen_from_the_garden_of_the_Villa_Celimontana_-_Frederik_de_Moucheron.jpg,"https://commons.wikimedia.org/wiki/File:Landscape_with_a_view_of_Rome,_as_seen_from_the_garden_of_the_Villa_Celimontana_-_Frederik_de_Moucheron.jpg",CC BY 4.0,,GoldenArtists,"File:Landscape with a view of Rome, as seen from the garden of the Villa Celimontana - Frederik de Moucheron.jpg","(6741, 5376)",f15f352dd51b3c91bf55d594796e351d,https://upload.wikimedia.org/wikipedia/commons/thumb/a/a2/Landscape_with_a_view_of_Rome%2C_as_seen_from_the_garden_of_the_Villa_Celimontana_-_Frederik_de_Moucheron.jpg/1920px-Landscape_with_a_view_of_Rome%2C_as_seen_from_the_garden_of_the_Villa_Celimontana_-_Frederik_de_Moucheron.jpg,0,0303030313632302
image_1518.hdf5,92840851,nature_landscape,wikimedia_commons,https://upload.wikimedia.org/wikipedia/commons/b/bb/Spilocuscus_maculatus%2C_Iron_Range_National_Park.jpg,"https://commons.wikimedia.org/wiki/File:Spilocuscus_maculatus,_Iron_Range_National_Park.jpg",CC BY 4.0,https://www.inaturalist.org/people/edward137,Edward Bell,"File:Spilocuscus maculatus, Iron Range National Park.jpg","(1024, 683)",25baffb6f65b3994f6266dd659659393,https://upload.wikimedia.org/wikipedia/commons/b/bb/Spilocuscus_maculatus%2C_Iron_Range_National_Park.jpg,0,199959cd87c5d199
image_1519.hdf5,84928530,nature_landscape,wikimedia_commons,https://upload.wikimedia.org/wikipedia/commons/d/db/Arcs_National_Park.jpg,https://commons.wikimedia.org/wiki/File:Arcs_National_Park.jpg,CC BY 4.0,,Tzu Yu Chiang,File:Arcs National Park.jpg,"(1748, 1356)",c636795eaa0c2b3ab19116c67b4810cd,https://upload.wikimedia.org/wikipedia/commons/d/db/Arcs_National_Park.jpg,0,262799d8d4c134bf
image_1520.hdf5,190504005,building_exterior,wikimedia_commons,https://upload.wikimedia.org/wikipedia/commons/7/75/%28Building_in_Bangkok%2C_Thailand%29_-_DPLA_-_5395588c4db143aa57b6e26c531c3e3e.jpg,"https://commons.wikimedia.org/wiki/File:(Building_in_Bangkok,_Thailand)_-_DPLA_-_5395588c4db143aa57b6e26c531c3e3e.jpg",CC BY 4.0,,"Carlquist, Sherwin John, 1930-2021","File:(Building in Bangkok, Thailand) - DPLA - 5395588c4db143aa57b6e26c531c3e3e.jpg","(1500, 2232)",71763ee2a9434b45376dd3954e6c472d,https://upload.wikimedia.org/wikipedia/commons/7/75/%28Building_in_Bangkok%2C_Thailand%29_-_DPLA_-_5395588c4db143aa57b6e26c531c3e3e.jpg,0,2ad959b870fab3b6
image_1521.hdf5,169616871,nature_landscape,wikimedia_commons,https://upload.wikimedia.org/wikipedia/commons/7/7e/Southern_Goblin%27s_Gold%2C_Stirling_Range_National_Park_WA_6338%2C_Australia_imported_from_iNaturalist_photo_122684052.jpg,"https://commons.wikimedia.org/wiki/File:Southern_Goblin%27s_Gold,_Stirling_Range_National_Park_WA_6338,_Australia_imported_from_iNaturalist_photo_122684052.jpg",CC BY 4.0,,"(c) Em Lamond, some rights reserved (CC BY)","File:Southern Goblin's Gold, Stirling Range National Park WA 6338, Australia imported from iNaturalist photo 122684052.jpg","(2048, 1365)",f80ab6686c3a3b7e11e29506d66531e4,https://upload.wikimedia.org/wikipedia/commons/thumb/7/7e/Southern_Goblin%27s_Gold%2C_Stirling_Range_National_Park_WA_6338%2C_Australia_imported_from_iNaturalist_photo_122684052.jpg/1920px-Southern_Goblin%27s_Gold%2C_Stirling_Range_National_Park_WA_6338%2C_Australia_imported_from_iNaturalist_photo_122684052.jpg,0,ddcba72caad6d6f3
image_1522.hdf5,145428498,nature_landscape,wikimedia_commons,https://upload.wikimedia.org/wikipedia/commons/f/f7/Indian_Grove_%28Great_Sand_Dunes_National_Park_and_Preserve%29.JPG,https://commons.wikimedia.org/wiki/File:Indian_Grove_(Great_Sand_Dunes_National_Park_and_Preserve).JPG,CC BY 4.0,,Jeffrey Beall,File:Indian Grove (Great Sand Dunes National Park and Preserve).JPG,"(5892, 3400)",a592fd94158047f5cff8199a1e2ffdda,https://upload.wikimedia.org/wikipedia/commons/thumb/f/f7/Indian_Grove_%28Great_Sand_Dunes_National_Park_and_Preserve%29.JPG/1920px-Indian_Grove_%28Great_Sand_Dunes_National_Park_and_Preserve%29.JPG,0,229a131b8b130307
image_1523.hdf5,168684244,nature_landscape,wikimedia_commons,https://upload.wikimedia.org/wikipedia/commons/d/d5/La_Torretta_seen_from_Monte_Gennaro%2C_National_Park_of_Monti_Lucretili%2C_Rome%2C_Lazio%2C_Italy.jpg,"https://commons.wikimedia.org/wiki/File:La_Torretta_seen_from_Monte_Gennaro,_National_Park_of_Monti_Lucretili,_Rome,_Lazio,_Italy.jpg",CC BY 4.0,,Mar7even,"File:La Torretta seen from Monte Gennaro, National Park of Monti Lucretili, Rome, Lazio, Italy.jpg","(3024, 4032)",e0b98a943317357fa8c71653bd9f96ee,https://upload.wikimedia.org/wikipedia/commons/thumb/d/d5/La_Torretta_seen_from_Monte_Gennaro%2C_National_Park_of_Monti_Lucretili%2C_Rome%2C_Lazio%2C_Italy.jpg/1920px-La_Torretta_seen_from_Monte_Gennaro%2C_National_Park_of_Monti_Lucretili%2C_Rome%2C_Lazio%2C_Italy.jpg,0,ebf3e77879e02408
image_1524.hdf5,192419162,building_exterior,wikimedia_commons,https://upload.wikimedia.org/wikipedia/commons/5/5c/Wall_Township_Public_Library_exterior.jpg,https://commons.wikimedia.org/wiki/File:Wall_Township_Public_Library_exterior.jpg,CC BY 4.0,,ForeverFlying,File:Wall Township Public Library exterior.jpg,"(4080, 3072)",cf535af8fbe1254ade896d1f47f28b80,https://upload.wikimedia.org/wikipedia/commons/thumb/5/5c/Wall_Township_Public_Library_exterior.jpg/1920px-Wall_Township_Public_Library_exterior.jpg,0,44800994b0a623f0
image_1525.hdf5,51156677,building_exterior,wikimedia_commons,https://upload.wikimedia.org/wikipedia/commons/d/de/Ab_va_Atash_park_at_the_National_Day_of_Nature_%28Sizdah_be_Dar%29_02.jpg,https://commons.wikimedia.org/wiki/File:Ab_va_Atash_park_at_the_National_Day_of_Nature_(Sizdah_be_Dar)_02.jpg,CC BY 4.0,,Foad Ashtari,File:Ab va Atash park at the National Day of Nature (Sizdah be Dar) 02.jpg,"(800, 481)",2f5e1b904ebd1aeb549dc165e1c777ac,https://upload.wikimedia.org/wikipedia/commons/d/de/Ab_va_Atash_park_at_the_National_Day_of_Nature_%28Sizdah_be_Dar%29_02.jpg,0,07366fad89d92727
image_1526.hdf5,173782958,building_exterior,wikimedia_commons,https://upload.wikimedia.org/wikipedia/commons/f/fa/Recinto_Lighting_Upgrade_%2820240830-190617-CC%29.jpg,https://commons.wikimedia.org/wiki/File:Recinto_Lighting_Upgrade_(20240830-190617-CC).jpg,CC BY 4.0,,NOIRLab/NSF/AURA,File:Recinto Lighting Upgrade (20240830-190617-CC).jpg,"(4032, 3024)",3e2693ed579eece9334bd688f7cb19dd,https://upload.wikimedia.org/wikipedia/commons/thumb/f/fa/Recinto_Lighting_Upgrade_%2820240830-190617-CC%29.jpg/1920px-Recinto_Lighting_Upgrade_%2820240830-190617-CC%29.jpg,0,191b53d653196cef
image_1527.hdf5,89041220,building_exterior,wikimedia_commons,https://upload.wikimedia.org/wikipedia/commons/8/8f/1396092910395482812836674_%D9%BE%DB%8C%D8%B1%D9%88%D8%B2%DB%8C.jpg,https://commons.wikimedia.org/wiki/File:1396092910395482812836674_%D9%BE%DB%8C%D8%B1%D9%88%D8%B2%DB%8C.jpg,CC BY 4.0,,Nasser Jafari,File:1396092910395482812836674 پیروزی.jpg,"(800, 486)",defc23c2349a41f66fe963e509d7608a,https://upload.wikimedia.org/wikipedia/commons/8/8f/1396092910395482812836674_%D9%BE%DB%8C%D8%B1%D9%88%D8%B2%DB%8C.jpg,0,0b1b4753371e3e67
image_1528.hdf5,150003804,nature_landscape,wikimedia_commons,https://upload.wikimedia.org/wikipedia/commons/d/dc/Naturschutzgebiet_im_Tal_der_Wei%C3%9Fen_Elster_bei_Gippe_%281%29.jpg,https://commons.wikimedia.org/wiki/File:Naturschutzgebiet_im_Tal_der_Wei%C3%9Fen_Elster_bei_Gippe_(1).jpg,CC BY 4.0,,Aagnverglaser,File:Naturschutzgebiet im Tal der Weißen Elster bei Gippe (1).jpg,"(3000, 4000)",50f71f59cfcf1ad8af0c2c4363509b21,https://upload.wikimedia.org/wikipedia/commons/thumb/d/dc/Naturschutzgebiet_im_Tal_der_Wei%C3%9Fen_Elster_bei_Gippe_%281%29.jpg/1920px-Naturschutzgebiet_im_Tal_der_Wei%C3%9Fen_Elster_bei_Gippe_%281%29.jpg,0,3f2f3f5c4eee2f17
image_1529.hdf5,47916622,building_exterior,wikimedia_commons,https://upload.wikimedia.org/wikipedia/commons/9/9e/Mashhad_entrance_at_the_end_of_Nouroz_holidays_07.jpg,https://commons.wikimedia.org/wiki/File:Mashhad_entrance_at_the_end_of_Nouroz_holidays_07.jpg,CC BY 4.0,,Nima Najafzadeh,File:Mashhad entrance at the end of Nouroz holidays 07.jpg,"(800, 473)",9c1fc6ee7997c1d984eccd90ea74cd8f,https://upload.wikimedia.org/wikipedia/commons/9/9e/Mashhad_entrance_at_the_end_of_Nouroz_holidays_07.jpg,0,0f15476e8d65150d
image_1530.hdf5,174615591,building_exterior,wikimedia_commons,https://upload.wikimedia.org/wikipedia/commons/c/ce/Malta_Air_EXT_060925.jpg,https://commons.wikimedia.org/wiki/File:Malta_Air_EXT_060925.jpg,CC BY 4.0,,kitmasterbloke,File:Malta Air EXT 060925.jpg,"(3626, 2905)",3e0a340a9b1c32acc488fe34c2b6e883,https://upload.wikimedia.org/wikipedia/commons/thumb/c/ce/Malta_Air_EXT_060925.jpg/1920px-Malta_Air_EXT_060925.jpg,0,0b96f1b1bc60fe78
image_1531.hdf5,192218407,building_exterior,wikimedia_commons,https://upload.wikimedia.org/wikipedia/commons/f/f2/Outside%2C_Texas_building_with_waxing_gibbous_moon.jpg,"https://commons.wikimedia.org/wiki/File:Outside,_Texas_building_with_waxing_gibbous_moon.jpg",CC BY 4.0,,Capvideo,"File:Outside, Texas building with waxing gibbous moon.jpg","(3024, 4032)",8a01e7a7f3f5eaa375a5d9e621e33f5f,https://upload.wikimedia.org/wikipedia/commons/thumb/f/f2/Outside%2C_Texas_building_with_waxing_gibbous_moon.jpg/1920px-Outside%2C_Texas_building_with_waxing_gibbous_moon.jpg,0,2000449370651f26
image_1532.hdf5,181816635,nature_landscape,wikimedia_commons,https://upload.wikimedia.org/wikipedia/commons/e/ee/National_Park_Katon_Karagay.jpg,https://commons.wikimedia.org/wiki/File:National_Park_Katon_Karagay.jpg,CC BY 4.0,,Seitov Sultanbai,File:National Park Katon Karagay.jpg,"(8256, 5504)",cf216ffdaf1b8da2814efc78c69f4cf3,https://upload.wikimedia.org/wikipedia/commons/thumb/e/ee/National_Park_Katon_Karagay.jpg/1920px-National_Park_Katon_Karagay.jpg,0,3b63333393965297
image_1533.hdf5,136194964,building_exterior,wikimedia_commons,https://upload.wikimedia.org/wikipedia/commons/7/76/Adjutant_building_Olavinlinna.jpg,https://commons.wikimedia.org/wiki/File:Adjutant_building_Olavinlinna.jpg,CC BY 4.0,,Antti Leppänen,File:Adjutant building Olavinlinna.jpg,"(4608, 3072)",69369e43dec9fa493d63e147c05d03d5,https://upload.wikimedia.org/wikipedia/commons/thumb/7/76/Adjutant_building_Olavinlinna.jpg/1920px-Adjutant_building_Olavinlinna.jpg,0,048404048684f55c
image_1534.hdf5,143122953,building_exterior,wikimedia_commons,https://upload.wikimedia.org/wikipedia/commons/9/96/Palacio_del_rey_don_Pedro%2C_Real_Alc%C3%A1zar_de_Sevilla.jpg,"https://commons.wikimedia.org/wiki/File:Palacio_del_rey_don_Pedro,_Real_Alc%C3%A1zar_de_Sevilla.jpg",CC BY 4.0,,Jl FilpoC,"File:Palacio del rey don Pedro, Real Alcázar de Sevilla.jpg","(4272, 2856)",90b57bbc44a5bf32ab4bb9afb5ce6207,https://upload.wikimedia.org/wikipedia/commons/thumb/9/96/Palacio_del_rey_don_Pedro%2C_Real_Alc%C3%A1zar_de_Sevilla.jpg/1920px-Palacio_del_rey_don_Pedro%2C_Real_Alc%C3%A1zar_de_Sevilla.jpg,0,f7f2f1ae36968411
image_1535.hdf5,113127219,nature_landscape,wikimedia_commons,https://upload.wikimedia.org/wikipedia/commons/c/c0/Exploitation_of_marbled_limestone%2C_locality_%22Krasta%22%2C_Gostivar%2C_Macedonia.jpg,"https://commons.wikimedia.org/wiki/File:Exploitation_of_marbled_limestone,_locality_%22Krasta%22,_Gostivar,_Macedonia.jpg",CC BY 4.0,,Делфина,"File:Exploitation of marbled limestone, locality ""Krasta"", Gostivar, Macedonia.jpg","(3841, 2810)",77f0f78ecac82bad3c035db81763bda5,https://upload.wikimedia.org/wikipedia/commons/thumb/c/c0/Exploitation_of_marbled_limestone%2C_locality_%22Krasta%22%2C_Gostivar%2C_Macedonia.jpg/1920px-Exploitation_of_marbled_limestone%2C_locality_%22Krasta%22%2C_Gostivar%2C_Macedonia.jpg,0,18a4de0a10307e9c
image_1536.hdf5,118061729,nature_landscape,wikimedia_commons,https://upload.wikimedia.org/wikipedia/commons/9/93/Lake_with_forest_landscape.jpg,https://commons.wikimedia.org/wiki/File:Lake_with_forest_landscape.jpg,CC BY 4.0,,Dsquar,File:Lake with forest landscape.jpg,"(1200, 900)",fb0b8f9b976db2af81e45e4155fafda8,https://upload.wikimedia.org/wikipedia/commons/9/93/Lake_with_forest_landscape.jpg,0,010100070707c000
image_1537.hdf5,183950482,building_exterior,wikimedia_commons,https://upload.wikimedia.org/wikipedia/commons/2/25/Koelbel_Building_%2855029643690%29.jpg,https://commons.wikimedia.org/wiki/File:Koelbel_Building_(55029643690).jpg,CC BY 4.0,,Jesse James,File:Koelbel Building (55029643690).jpg,"(6000, 4000)",f872cd2c7d7dd915736845c5ed186322,https://upload.wikimedia.org/wikipedia/commons/thumb/2/25/Koelbel_Building_%2855029643690%29.jpg/1920px-Koelbel_Building_%2855029643690%29.jpg,0,55c0b22666e5e58e
image_1538.hdf5,86694299,building_exterior,wikimedia_commons,https://upload.wikimedia.org/wikipedia/commons/9/9a/Leuven_Grote_Markt_5%2C_Eikstraat_1%2C_Rector_De_Somerplein_20%2C_21_-_120619_-_onroerenderfgoed.jpg,"https://commons.wikimedia.org/wiki/File:Leuven_Grote_Markt_5,_Eikstraat_1,_Rector_De_Somerplein_20,_21_-_120619_-_onroerenderfgoed.jpg",CC BY 4.0,,"Thomas, Hans","File:Leuven Grote Markt 5, Eikstraat 1, Rector De Somerplein 20, 21 - 120619 - onroerenderfgoed.jpg","(640, 480)",b5bd670b381235022ee0e1b076a690d7,https://upload.wikimedia.org/wikipedia/commons/9/9a/Leuven_Grote_Markt_5%2C_Eikstraat_1%2C_Rector_De_Somerplein_20%2C_21_-_120619_-_onroerenderfgoed.jpg,0,82c0d0c0d0d05151
image_1539.hdf5,155119778,nature_landscape,wikimedia_commons,https://upload.wikimedia.org/wikipedia/commons/d/d6/Opstapje_bij_de_Hoge_Terp_van_Krijn_Giezen_bij_het_Franekerbos.jpg,https://commons.wikimedia.org/wiki/File:Opstapje_bij_de_Hoge_Terp_van_Krijn_Giezen_bij_het_Franekerbos.jpg,CC BY 4.0,,Roepers,File:Opstapje bij de Hoge Terp van Krijn Giezen bij het Franekerbos.jpg,"(2600, 3900)",2e8e6999199859885d53cb6b780d0174,https://upload.wikimedia.org/wikipedia/commons/thumb/d/d6/Opstapje_bij_de_Hoge_Terp_van_Krijn_Giezen_bij_het_Franekerbos.jpg/1920px-Opstapje_bij_de_Hoge_Terp_van_Krijn_Giezen_bij_het_Franekerbos.jpg,0,e0e0f0f0f8e8f0a0
image_1540.hdf5,142065828,building_exterior,wikimedia_commons,https://upload.wikimedia.org/wikipedia/commons/6/67/Cathedral_of_Como_%28Italy%29_west_facade.jpg,https://commons.wikimedia.org/wiki/File:Cathedral_of_Como_(Italy)_west_facade.jpg,CC BY 4.0,,Eebie,File:Cathedral of Como (Italy) west facade.jpg,"(3555, 4864)",1345c343703966468a7c896bfd088434,https://upload.wikimedia.org/wikipedia/commons/thumb/6/67/Cathedral_of_Como_%28Italy%29_west_facade.jpg/1920px-Cathedral_of_Como_%28Italy%29_west_facade.jpg,0,93d199282c2d2b1b
image_1541.hdf5,86368126,building_exterior,wikimedia_commons,https://upload.wikimedia.org/wikipedia/commons/7/7e/Evry_-_2020-01-23_-_IMG_0967.jpg,https://commons.wikimedia.org/wiki/File:Evry_-_2020-01-23_-_IMG_0967.jpg,CC BY 4.0,,Poudou99,File:Evry - 2020-01-23 - IMG 0967.jpg,"(3700, 2775)",c759f7b8dc33f547cd10024746c73042,https://upload.wikimedia.org/wikipedia/commons/thumb/7/7e/Evry_-_2020-01-23_-_IMG_0967.jpg/1920px-Evry_-_2020-01-23_-_IMG_0967.jpg,0,f8d8f0e8179713f9
image_1542.hdf5,140544907,building_exterior,wikimedia_commons,https://upload.wikimedia.org/wikipedia/commons/d/d9/M%C3%BCnsing_v_N%2C_Zugspitze%2C_Herbstabend_081123_-_02.jpg,"https://commons.wikimedia.org/wiki/File:M%C3%BCnsing_v_N,_Zugspitze,_Herbstabend_081123_-_02.jpg",CC BY 4.0,,Flodur63,"File:Münsing v N, Zugspitze, Herbstabend 081123 - 02.jpg","(5472, 3648)",35adc5759957dc97d566803c2e9c7282,https://upload.wikimedia.org/wikipedia/commons/thumb/d/d9/M%C3%BCnsing_v_N%2C_Zugspitze%2C_Herbstabend_081123_-_02.jpg/1920px-M%C3%BCnsing_v_N%2C_Zugspitze%2C_Herbstabend_081123_-_02.jpg,0,0c20201b1bda2d80
image_1543.hdf5,58931034,nature_landscape,wikimedia_commons,https://upload.wikimedia.org/wikipedia/commons/c/c1/Silent-Nature.jpg,https://commons.wikimedia.org/wiki/File:Silent-Nature.jpg,CC BY 4.0,,erii28,File:Silent-Nature.jpg,"(5456, 3632)",9cd577c368a8b65f992b044725cc3ea7,https://upload.wikimedia.org/wikipedia/commons/thumb/c/c1/Silent-Nature.jpg/1920px-Silent-Nature.jpg,0,9f0b5a5223a6f363
image_1544.hdf5,38861475,nature_landscape,wikimedia_commons,https://upload.wikimedia.org/wikipedia/commons/c/c4/Ramkhamhaeng_National_Park_Statue.jpg,https://commons.wikimedia.org/wiki/File:Ramkhamhaeng_National_Park_Statue.jpg,CC BY 4.0,,Douglas Perkins,File:Ramkhamhaeng National Park Statue.jpg,"(4000, 3000)",01f21cb7a167d236ac1818fc968a1621,https://upload.wikimedia.org/wikipedia/commons/thumb/c/c4/Ramkhamhaeng_National_Park_Statue.jpg/1920px-Ramkhamhaeng_National_Park_Statue.jpg,0,7f7cf02b6f5edeb3
image_1545.hdf5,60213933,nature_landscape,wikimedia_commons,https://upload.wikimedia.org/wikipedia/commons/5/5c/Silent_valley_national_park_palakkad_file%282426%29.jpg,https://commons.wikimedia.org/wiki/File:Silent_valley_national_park_palakkad_file(2426).jpg,CC BY 4.0,,Athulpj1410,File:Silent valley national park palakkad file(2426).jpg,"(2592, 1944)",01f05f5ce096d9eb4afa8f84bdde74f0,https://upload.wikimedia.org/wikipedia/commons/thumb/5/5c/Silent_valley_national_park_palakkad_file%282426%29.jpg/1920px-Silent_valley_national_park_palakkad_file%282426%29.jpg,0,1c3b379e480c1c0c
image_1546.hdf5,181293871,building_exterior,wikimedia_commons,https://upload.wikimedia.org/wikipedia/commons/7/7a/Nasjonalmuseet_for_kunst%2C_arkitektur_og_design_%28National_Museum_of_Norway_building_opened_2022%29_fa%C3%A7ade_facing_northwest_Dronning_Mauds_g_Operatunnelen_Munkedamsveien_Riksvei_162_%28Ringvei_1%29_OSLO_Norway_2025-12-28_%28ultra_wide_lense%29.jpg,"https://commons.wikimedia.org/wiki/File:Nasjonalmuseet_for_kunst,_arkitektur_og_design_(National_Museum_of_Norway_building_opened_2022)_fa%C3%A7ade_facing_northwest_Dronning_Mauds_g_Operatunnelen_Munkedamsveien_Riksvei_162_(Ringvei_1)_OSLO_Norway_2025-12-28_(ultra_wide_lense).jpg",CC BY 4.0,,Wolfmann,"File:Nasjonalmuseet for kunst, arkitektur og design (National Museum of Norway building opened 2022) façade facing northwest Dronning Mauds g Operatunnelen Munkedamsveien Riksvei 162 (Ringvei 1) OSLO Norway 2025-12-28 (ultra wide lense).jpg","(4032, 3024)",9d28461c46dff900b9091a30a0cbb3a9,https://upload.wikimedia.org/wikipedia/commons/thumb/7/7a/Nasjonalmuseet_for_kunst%2C_arkitektur_og_design_%28National_Museum_of_Norway_building_opened_2022%29_fa%C3%A7ade_facing_northwest_Dronning_Mauds_g_Operatunnelen_Munkedamsveien_Riksvei_162_%28Ringvei_1%29_OSLO_Norway_2025-12-28_%28ultra_wide_lense%29.jpg/1920px-thumbnail.jpg,0,de5dd064e1c3b3ce
image_1547.hdf5,149431537,building_exterior,wikimedia_commons,https://upload.wikimedia.org/wikipedia/commons/e/ee/Abandoned_South_Beach_Orlando_Luxury_Suites_2%2C_Kissimmee%2C_Florida.jpg,"https://commons.wikimedia.org/wiki/File:Abandoned_South_Beach_Orlando_Luxury_Suites_2,_Kissimmee,_Florida.jpg",CC BY 4.0,,Pokemonprime,"File:Abandoned South Beach Orlando Luxury Suites 2, Kissimmee, Florida.jpg","(4032, 3024)",682543bfbe9dcb1519100dfccdc03850,https://upload.wikimedia.org/wikipedia/commons/thumb/e/ee/Abandoned_South_Beach_Orlando_Luxury_Suites_2%2C_Kissimmee%2C_Florida.jpg/1920px-Abandoned_South_Beach_Orlando_Luxury_Suites_2%2C_Kissimmee%2C_Florida.jpg,0,bb4412b3b50b2604
image_1548.hdf5,181036205,nature_landscape,wikimedia_commons,https://upload.wikimedia.org/wikipedia/commons/a/ab/Horses_in_Tejo_Nature_Reserve._Mother_and_daughter.jpg,https://commons.wikimedia.org/wiki/File:Horses_in_Tejo_Nature_Reserve._Mother_and_daughter.jpg,CC BY 4.0,,FrankBanalis,File:Horses in Tejo Nature Reserve. Mother and daughter.jpg,"(4288, 2848)",e01619178c2c254cf13a897143735df0,https://upload.wikimedia.org/wikipedia/commons/thumb/a/ab/Horses_in_Tejo_Nature_Reserve._Mother_and_daughter.jpg/1920px-Horses_in_Tejo_Nature_Reserve._Mother_and_daughter.jpg,0,2d12f5c7a2a183b7
image_1549.hdf5,154416249,building_exterior,wikimedia_commons,https://upload.wikimedia.org/wikipedia/commons/1/1b/Fa%C3%A7ade_d%27un_immeuble_du_quartier_de_l%27%C3%A9glise_de_Pantin_%28Denis_Honegger%29.jpg,https://commons.wikimedia.org/wiki/File:Fa%C3%A7ade_d%27un_immeuble_du_quartier_de_l%27%C3%A9glise_de_Pantin_(Denis_Honegger).jpg,CC BY 4.0,,Anne Daemon,File:Façade d'un immeuble du quartier de l'église de Pantin (Denis Honegger).jpg,"(5184, 3456)",dd89a4c9483ef052f63d7f43e444bb52,https://upload.wikimedia.org/wikipedia/commons/thumb/1/1b/Fa%C3%A7ade_d%27un_immeuble_du_quartier_de_l%27%C3%A9glise_de_Pantin_%28Denis_Honegger%29.jpg/1920px-Fa%C3%A7ade_d%27un_immeuble_du_quartier_de_l%27%C3%A9glise_de_Pantin_%28Denis_Honegger%29.jpg,0,6d6cfdffed752535
image_1550.hdf5,162846040,building_exterior,wikimedia_commons,https://upload.wikimedia.org/wikipedia/commons/1/15/IL_83_at_IL_390_frontage_road_%28July_2021%29.jpg,https://commons.wikimedia.org/wiki/File:IL_83_at_IL_390_frontage_road_(July_2021).jpg,CC BY 4.0,,AlphaBeta135,File:IL 83 at IL 390 frontage road (July 2021).jpg,"(2399, 1800)",d996f005acaa6981b3ac47ea5fd11360,https://upload.wikimedia.org/wikipedia/commons/thumb/1/15/IL_83_at_IL_390_frontage_road_%28July_2021%29.jpg/1920px-IL_83_at_IL_390_frontage_road_%28July_2021%29.jpg,0,5fdcece97d0dcf7c
image_1551.hdf5,42797774,nature_landscape,wikimedia_commons,https://upload.wikimedia.org/wikipedia/commons/6/6a/Wildebeest_Migration_in_Serengeti_National_Park%2C_Tanzania.jpg,"https://commons.wikimedia.org/wiki/File:Wildebeest_Migration_in_Serengeti_National_Park,_Tanzania.jpg",CC BY 4.0,,Daniel Rosengren,"File:Wildebeest Migration in Serengeti National Park, Tanzania.jpg","(1776, 1080)",bcaba5adff6db70b4afc30529a05d5a5,https://upload.wikimedia.org/wikipedia/commons/6/6a/Wildebeest_Migration_in_Serengeti_National_Park%2C_Tanzania.jpg,0,390503102c6cbb3b
image_1552.hdf5,146709804,nature_landscape,wikimedia_commons,https://upload.wikimedia.org/wikipedia/commons/0/04/Waimarino_National_Park_Railway_Station_2023.jpg,https://commons.wikimedia.org/wiki/File:Waimarino_National_Park_Railway_Station_2023.jpg,CC BY 4.0,,Littlemissruee,File:Waimarino National Park Railway Station 2023.jpg,"(4032, 3024)",9178961e1dfc6053fddd46bd9f7b2f13,https://upload.wikimedia.org/wikipedia/commons/thumb/0/04/Waimarino_National_Park_Railway_Station_2023.jpg/1920px-Waimarino_National_Park_Railway_Station_2023.jpg,0,1c94d9e5a6e567ea
image_1553.hdf5,65995626,building_exterior,wikimedia_commons,https://upload.wikimedia.org/wikipedia/commons/d/d5/Metternich_Bergstra%C3%9Fe_20_%2805%29.jpg,https://commons.wikimedia.org/wiki/File:Metternich_Bergstra%C3%9Fe_20_(05).jpg,CC BY 4.0,,Prof. emeritus Hans Schneider (Geyersberg),File:Metternich Bergstraße 20 (05).jpg,"(3328, 4400)",ba094df1768314ea87b66f3f3b9bc00f,https://upload.wikimedia.org/wikipedia/commons/thumb/d/d5/Metternich_Bergstra%C3%9Fe_20_%2805%29.jpg/1920px-Metternich_Bergstra%C3%9Fe_20_%2805%29.jpg,0,e1f0cc8ef878b052
image_1554.hdf5,143054098,building_exterior,wikimedia_commons,https://upload.wikimedia.org/wikipedia/commons/2/2d/Hungarian-Parliament-Building-2012.jpg,https://commons.wikimedia.org/wiki/File:Hungarian-Parliament-Building-2012.jpg,CC BY 4.0,,Acediscovery,File:Hungarian-Parliament-Building-2012.jpg,"(2736, 3525)",adc194fd47d7b69de37d25bb09aea058,https://upload.wikimedia.org/wikipedia/commons/thumb/2/2d/Hungarian-Parliament-Building-2012.jpg/1920px-Hungarian-Parliament-Building-2012.jpg,0,1c0848199cdc1c64
image_1555.hdf5,165796638,nature_landscape,wikimedia_commons,https://upload.wikimedia.org/wikipedia/commons/e/ec/Packhorse_Rock_Lobster%2C_Mimosa_Rocks_National_Park%2C_AU-NS-BV%2C_AU-NS%2C_AU_imported_from_iNaturalist_photo_1328371.jpg,"https://commons.wikimedia.org/wiki/File:Packhorse_Rock_Lobster,_Mimosa_Rocks_National_Park,_AU-NS-BV,_AU-NS,_AU_imported_from_iNaturalist_photo_1328371.jpg",CC BY 4.0,,"(c) Ken-ichi Ueda, some rights reserved (CC BY)","File:Packhorse Rock Lobster, Mimosa Rocks National Park, AU-NS-BV, AU-NS, AU imported from iNaturalist photo 1328371.jpg","(852, 1136)",23ac055c1fae60857263cf8a00fe639a,https://upload.wikimedia.org/wikipedia/commons/e/ec/Packhorse_Rock_Lobster%2C_Mimosa_Rocks_National_Park%2C_AU-NS-BV%2C_AU-NS%2C_AU_imported_from_iNaturalist_photo_1328371.jpg,0,ddc2d3d3f9f87839
image_1556.hdf5,165893261,building_exterior,wikimedia_commons,https://upload.wikimedia.org/wikipedia/commons/e/ed/Cadillac_Escalade_EXT_%28GMT946%29_Washington_DC_Metro_Area%2C_USA.jpg,"https://commons.wikimedia.org/wiki/File:Cadillac_Escalade_EXT_(GMT946)_Washington_DC_Metro_Area,_USA.jpg",CC BY 4.0,,OWS Photography,"File:Cadillac Escalade EXT (GMT946) Washington DC Metro Area, USA.jpg","(1920, 1536)",79c7be09ff306d71b213df6616aa0086,https://upload.wikimedia.org/wikipedia/commons/e/ed/Cadillac_Escalade_EXT_%28GMT946%29_Washington_DC_Metro_Area%2C_USA.jpg,0,cff6f6e464d59169
image_1557.hdf5,168297195,building_exterior,wikimedia_commons,https://upload.wikimedia.org/wikipedia/commons/e/ef/Fa%C3%A7ade_of_the_Duomo_di_Orvieto%2C_Aligned_in_Light.jpg,"https://commons.wikimedia.org/wiki/File:Fa%C3%A7ade_of_the_Duomo_di_Orvieto,_Aligned_in_Light.jpg",CC BY 4.0,,Andrew Parlette,"File:Façade of the Duomo di Orvieto, Aligned in Light.jpg","(4639, 5871)",77c2c7325f1dfee12c5a04a832559ae4,https://upload.wikimedia.org/wikipedia/commons/thumb/e/ef/Fa%C3%A7ade_of_the_Duomo_di_Orvieto%2C_Aligned_in_Light.jpg/1920px-Fa%C3%A7ade_of_the_Duomo_di_Orvieto%2C_Aligned_in_Light.jpg,0,1e4527a684a6a4b6
image_1558.hdf5,84070854,nature_landscape,wikimedia_commons,https://upload.wikimedia.org/wikipedia/commons/f/f5/Azgour_%28Marrakesh-Safi%2C_Morocco%29_080.jpg,"https://commons.wikimedia.org/wiki/File:Azgour_(Marrakesh-Safi,_Morocco)_080.jpg",CC BY 4.0,,"Krzysztof Ziarnek, Kenraiz","File:Azgour (Marrakesh-Safi, Morocco) 080.jpg","(4608, 3072)",6f4e5d41473719a4eb0e2fe88802f026,https://upload.wikimedia.org/wikipedia/commons/thumb/f/f5/Azgour_%28Marrakesh-Safi%2C_Morocco%29_080.jpg/1920px-Azgour_%28Marrakesh-Safi%2C_Morocco%29_080.jpg,0,fe2fdf5bf8d0f0e0
image_1559.hdf5,100825444,building_exterior,wikimedia_commons,https://upload.wikimedia.org/wikipedia/commons/8/83/Supporters_in_Tung_Chau_Street_view_20210302.jpg,https://commons.wikimedia.org/wiki/File:Supporters_in_Tung_Chau_Street_view_20210302.jpg,CC BY 4.0,,梁柏堅（表弟） Pakkin Leung,File:Supporters in Tung Chau Street view 20210302.jpg,"(1440, 960)",7a011c84b2c602d94bf099c28115a301,https://upload.wikimedia.org/wikipedia/commons/8/83/Supporters_in_Tung_Chau_Street_view_20210302.jpg,0,2d2437361923261e
image_1560.hdf5,181467873,building_exterior,wikimedia_commons,https://upload.wikimedia.org/wikipedia/commons/f/f0/Shakespeare_and_Company_exterior_in_2025.jpg,https://commons.wikimedia.org/wiki/File:Shakespeare_and_Company_exterior_in_2025.jpg,CC BY 4.0,,Wyslijp16,File:Shakespeare and Company exterior in 2025.jpg,"(6000, 4000)",bc6ef756d0b347bbce3bd77b9f138290,https://upload.wikimedia.org/wikipedia/commons/thumb/f/f0/Shakespeare_and_Company_exterior_in_2025.jpg/1920px-Shakespeare_and_Company_exterior_in_2025.jpg,0,11203e4828b03434
image_1561.hdf5,167744992,nature_landscape,wikimedia_commons,https://upload.wikimedia.org/wikipedia/commons/b/be/Crossing_Rapti_river_at_Chtwan_national_park.jpg,https://commons.wikimedia.org/wiki/File:Crossing_Rapti_river_at_Chtwan_national_park.jpg,CC BY 4.0,,Supradai,File:Crossing Rapti river at Chtwan national park.jpg,"(4344, 2556)",b9ea8d443a45c2dd7dc82e2b139e713d,https://upload.wikimedia.org/wikipedia/commons/thumb/b/be/Crossing_Rapti_river_at_Chtwan_national_park.jpg/1920px-Crossing_Rapti_river_at_Chtwan_national_park.jpg,0,3d3632363635381c
image_1562.hdf5,107394671,building_exterior,wikimedia_commons,https://upload.wikimedia.org/wikipedia/commons/b/b4/UonumaPhoto_Uonuma_City_Information_Center_201512.jpg,https://commons.wikimedia.org/wiki/File:UonumaPhoto_Uonuma_City_Information_Center_201512.jpg,CC BY 4.0,,魚沼市観光協会,File:UonumaPhoto Uonuma City Information Center 201512.jpg,"(2560, 1920)",20531c563ad4b8a6ab27bbd977c60bbb,https://upload.wikimedia.org/wikipedia/commons/thumb/b/b4/UonumaPhoto_Uonuma_City_Information_Center_201512.jpg/1920px-UonumaPhoto_Uonuma_City_Information_Center_201512.jpg,0,6960f2d0e864e5cb
image_1563.hdf5,178666298,nature_landscape,wikimedia_commons,https://upload.wikimedia.org/wikipedia/commons/1/1d/Sunset_over_a_landscape_of_trees.jpg,https://commons.wikimedia.org/wiki/File:Sunset_over_a_landscape_of_trees.jpg,CC BY 4.0,,Prathvi Acharya,File:Sunset over a landscape of trees.jpg,"(1132, 1920)",c9d6c94048395b4fb59b1dbb0646d65e,https://upload.wikimedia.org/wikipedia/commons/1/1d/Sunset_over_a_landscape_of_trees.jpg,0,0b05a55a63060535
image_1564.hdf5,115686354,nature_landscape,wikimedia_commons,https://upload.wikimedia.org/wikipedia/commons/3/30/2021-04-08_Micronisus_gabar%2C_Mokala_National_Park%2C_South_Africa_1.jpg,"https://commons.wikimedia.org/wiki/File:2021-04-08_Micronisus_gabar,_Mokala_National_Park,_South_Africa_1.jpg",CC BY 4.0,https://www.inaturalist.org/people/christiaan_viljoen,christiaan_viljoen,"File:2021-04-08 Micronisus gabar, Mokala National Park, South Africa 1.jpg","(1200, 1600)",9387244ac39a62a8294dacffb2477bc7,https://upload.wikimedia.org/wikipedia/commons/3/30/2021-04-08_Micronisus_gabar%2C_Mokala_National_Park%2C_South_Africa_1.jpg,0,075b35a5e533b92c
image_1565.hdf5,149162604,building_exterior,wikimedia_commons,https://upload.wikimedia.org/wikipedia/commons/a/a6/The_Hat_Tavern%2C_London%2C_2024.jpg,"https://commons.wikimedia.org/wiki/File:The_Hat_Tavern,_London,_2024.jpg",CC BY 4.0,,Celsoazevedo,"File:The Hat Tavern, London, 2024.jpg","(4080, 3060)",e90b6890bae99e25cf94fe594c7d6859,https://upload.wikimedia.org/wikipedia/commons/thumb/a/a6/The_Hat_Tavern%2C_London%2C_2024.jpg/1920px-The_Hat_Tavern%2C_London%2C_2024.jpg,0,e3e9ac32e8f0f485
image_1566.hdf5,170950818,nature_landscape,wikimedia_commons,https://upload.wikimedia.org/wikipedia/commons/f/fb/La_Grieta_de_Asfalto_en_el_Lienzo_Ocre.jpg,https://commons.wikimedia.org/wiki/File:La_Grieta_de_Asfalto_en_el_Lienzo_Ocre.jpg,CC BY 4.0,,Felipe Fuentes Pereira,File:La Grieta de Asfalto en el Lienzo Ocre.jpg,"(2160, 1618)",058445f8d9c4ecde1f22d06a7c4dd3cf,https://upload.wikimedia.org/wikipedia/commons/thumb/f/fb/La_Grieta_de_Asfalto_en_el_Lienzo_Ocre.jpg/1920px-La_Grieta_de_Asfalto_en_el_Lienzo_Ocre.jpg,0,000044418080c0c7
image_1567.hdf5,72257101,nature_landscape,wikimedia_commons,https://upload.wikimedia.org/wikipedia/commons/4/46/Landscape%2C_Fraisse-sur-Agout.jpg,"https://commons.wikimedia.org/wiki/File:Landscape,_Fraisse-sur-Agout.jpg",CC BY 4.0,,Christian Ferrer,"File:Landscape, Fraisse-sur-Agout.jpg","(6802, 4540)",cfdf2ccf55fc64229368afc7a1626a3e,https://upload.wikimedia.org/wikipedia/commons/thumb/4/46/Landscape%2C_Fraisse-sur-Agout.jpg/1920px-Landscape%2C_Fraisse-sur-Agout.jpg,0,000020b0efee9e0c
image_1568.hdf5,163397599,building_exterior,wikimedia_commons,https://upload.wikimedia.org/wikipedia/commons/3/3f/Seoul_Station_Building_1925_side_20240219_02.jpg,https://commons.wikimedia.org/wiki/File:Seoul_Station_Building_1925_side_20240219_02.jpg,CC BY 4.0,,Sean Young (@assanges),File:Seoul Station Building 1925 side 20240219 02.jpg,"(4080, 3072)",033a77f234f2eced7af7b650eaae28d6,https://upload.wikimedia.org/wikipedia/commons/thumb/3/3f/Seoul_Station_Building_1925_side_20240219_02.jpg/1920px-Seoul_Station_Building_1925_side_20240219_02.jpg,0,8f070f97464a0868
image_1569.hdf5,192785319,building_exterior,wikimedia_commons,https://upload.wikimedia.org/wikipedia/commons/1/16/Seicho-No-Ie_Yamanashi_HQ_-_wooden_buildings_exterior_1.jpg,https://commons.wikimedia.org/wiki/File:Seicho-No-Ie_Yamanashi_HQ_-_wooden_buildings_exterior_1.jpg,CC BY 4.0,,Kuroshio no Neko,File:Seicho-No-Ie Yamanashi HQ - wooden buildings exterior 1.jpg,"(4080, 3060)",b1915ec0a0be03ece5731595d3209c05,https://upload.wikimedia.org/wikipedia/commons/thumb/1/16/Seicho-No-Ie_Yamanashi_HQ_-_wooden_buildings_exterior_1.jpg/1920px-Seicho-No-Ie_Yamanashi_HQ_-_wooden_buildings_exterior_1.jpg,0,060d19facc217030
image_1570.hdf5,150399492,building_exterior,wikimedia_commons,https://upload.wikimedia.org/wikipedia/commons/f/f4/Security_outside_of_the_federal_building_ahead_of_the_2024_RNC_IMG_4094.jpg,https://commons.wikimedia.org/wiki/File:Security_outside_of_the_federal_building_ahead_of_the_2024_RNC_IMG_4094.jpg,CC BY 4.0,,SecretName101,File:Security outside of the federal building ahead of the 2024 RNC IMG 4094.jpg,"(4032, 3024)",6723dbbe7a16478f352d7dc32f8402b6,https://upload.wikimedia.org/wikipedia/commons/thumb/f/f4/Security_outside_of_the_federal_building_ahead_of_the_2024_RNC_IMG_4094.jpg/1920px-Security_outside_of_the_federal_building_ahead_of_the_2024_RNC_IMG_4094.jpg,0,9d9ea22423ebc196
image_1571.hdf5,156500958,nature_landscape,wikimedia_commons,https://upload.wikimedia.org/wikipedia/commons/d/d9/Pimpernel%2C_Huerquehue_National_Park_-_Pucon%2C_Puc%C3%B3n%2C_Araucan%C3%ADa%2C_Chile_imported_from_iNaturalist_photo_361895347.jpg,"https://commons.wikimedia.org/wiki/File:Pimpernel,_Huerquehue_National_Park_-_Pucon,_Puc%C3%B3n,_Araucan%C3%ADa,_Chile_imported_from_iNaturalist_photo_361895347.jpg",CC BY 4.0,,"(c) Hector Montero, some rights reserved (CC BY)","File:Pimpernel, Huerquehue National Park - Pucon, Pucón, Araucanía, Chile imported from iNaturalist photo 361895347.jpg","(2048, 1431)",afd6f10c3251043927360a2556054670,https://upload.wikimedia.org/wikipedia/commons/thumb/d/d9/Pimpernel%2C_Huerquehue_National_Park_-_Pucon%2C_Puc%C3%B3n%2C_Araucan%C3%ADa%2C_Chile_imported_from_iNaturalist_photo_361895347.jpg/1920px-Pimpernel%2C_Huerquehue_National_Park_-_Pucon%2C_Puc%C3%B3n%2C_Araucan%C3%ADa%2C_Chile_imported_from_iNaturalist_photo_361895347.jpg,0,38125a34bd5c34f4
image_1572.hdf5,164584976,building_exterior,wikimedia_commons,https://upload.wikimedia.org/wikipedia/commons/8/88/Idaho-meridian-high-school-CTE-center-building-1-exterior--2025-05-02.jpg,https://commons.wikimedia.org/wiki/File:Idaho-meridian-high-school-CTE-center-building-1-exterior--2025-05-02.jpg,CC BY 4.0,,Zero Contradictions,File:Idaho-meridian-high-school-CTE-center-building-1-exterior--2025-05-02.jpg,"(4032, 3024)",9724466eb0b2bf88a308712e3cfcd789,https://upload.wikimedia.org/wikipedia/commons/thumb/8/88/Idaho-meridian-high-school-CTE-center-building-1-exterior--2025-05-02.jpg/1920px-Idaho-meridian-high-school-CTE-center-building-1-exterior--2025-05-02.jpg,0,7f2d1b594d791c8e
image_1573.hdf5,174826136,building_exterior,wikimedia_commons,https://upload.wikimedia.org/wikipedia/commons/5/58/Exterior_of_First_St._Andrew_United_Church_in_London%2C_Ontario.jpg,"https://commons.wikimedia.org/wiki/File:Exterior_of_First_St._Andrew_United_Church_in_London,_Ontario.jpg",CC BY 4.0,,Gogerr,"File:Exterior of First St. Andrew United Church in London, Ontario.jpg","(3024, 4032)",15845ecc10f69e09cb8e0d94acddc881,https://upload.wikimedia.org/wikipedia/commons/thumb/5/58/Exterior_of_First_St._Andrew_United_Church_in_London%2C_Ontario.jpg/1920px-Exterior_of_First_St._Andrew_United_Church_in_London%2C_Ontario.jpg,0,37333373c89cb637
image_1574.hdf5,177072257,building_exterior,wikimedia_commons,https://upload.wikimedia.org/wikipedia/commons/b/b6/Perforated_facade_by_Bruag_Design_Factory_AG_at_Fully%2C_Switzerland.jpg,"https://commons.wikimedia.org/wiki/File:Perforated_facade_by_Bruag_Design_Factory_AG_at_Fully,_Switzerland.jpg",CC BY 4.0,,Nina Züllig,"File:Perforated facade by Bruag Design Factory AG at Fully, Switzerland.jpg","(5184, 3456)",3b336c8ad812680c62dd719650f13f75,https://upload.wikimedia.org/wikipedia/commons/thumb/b/b6/Perforated_facade_by_Bruag_Design_Factory_AG_at_Fully%2C_Switzerland.jpg/1920px-Perforated_facade_by_Bruag_Design_Factory_AG_at_Fully%2C_Switzerland.jpg,0,3f7ce00bd2d3738d
image_1575.hdf5,158154235,building_exterior,wikimedia_commons,https://upload.wikimedia.org/wikipedia/commons/1/11/Leipziger_Str._41_Fassadenteil_Berlin_2024_N.jpg,https://commons.wikimedia.org/wiki/File:Leipziger_Str._41_Fassadenteil_Berlin_2024_N.jpg,CC BY 4.0,,Hans G. Oberlack,File:Leipziger Str. 41 Fassadenteil Berlin 2024 N.jpg,"(4032, 3024)",61cb22ad368aa471bb11bc197ad76abe,https://upload.wikimedia.org/wikipedia/commons/thumb/1/11/Leipziger_Str._41_Fassadenteil_Berlin_2024_N.jpg/1920px-Leipziger_Str._41_Fassadenteil_Berlin_2024_N.jpg,0,2b2b555965ddd0c1
image_1576.hdf5,142713571,nature_landscape,wikimedia_commons,https://upload.wikimedia.org/wikipedia/commons/b/b5/Signboard_of_Sultanpur_National_Park_as_a_Ramsar_Site.jpg,https://commons.wikimedia.org/wiki/File:Signboard_of_Sultanpur_National_Park_as_a_Ramsar_Site.jpg,CC BY 4.0,,DesiBoy101,File:Signboard of Sultanpur National Park as a Ramsar Site.jpg,"(4000, 3000)",5e5a13dc30efa7a41083fe44f4720ea3,https://upload.wikimedia.org/wikipedia/commons/thumb/b/b5/Signboard_of_Sultanpur_National_Park_as_a_Ramsar_Site.jpg/1920px-Signboard_of_Sultanpur_National_Park_as_a_Ramsar_Site.jpg,0,01232345d04c02a0
image_1577.hdf5,179251920,nature_landscape,wikimedia_commons,https://upload.wikimedia.org/wikipedia/commons/1/15/Autumn_Wildlife_Census_in_Golestan_National_Park_Avash_16.jpg,https://commons.wikimedia.org/wiki/File:Autumn_Wildlife_Census_in_Golestan_National_Park_Avash_16.jpg,CC BY 4.0,,محمد  برنو,File:Autumn Wildlife Census in Golestan National Park Avash 16.jpg,"(1500, 1000)",0dcdc335f261323e5eeb05ada7f2b6e6,https://upload.wikimedia.org/wikipedia/commons/1/15/Autumn_Wildlife_Census_in_Golestan_National_Park_Avash_16.jpg,0,dd2f11842330ec13
image_1578.hdf5,187739026,building_exterior,wikimedia_commons,https://upload.wikimedia.org/wikipedia/commons/3/3f/Renault_%281906%29_Michelin_Building%2C_London_2026-03-30.jpg,"https://commons.wikimedia.org/wiki/File:Renault_(1906)_Michelin_Building,_London_2026-03-30.jpg",CC BY 4.0,,Andrea Boano,"File:Renault (1906) Michelin Building, London 2026-03-30.jpg","(3444, 2334)",86adc131c6f4a9303e0f45ffe7f863bb,https://upload.wikimedia.org/wikipedia/commons/thumb/3/3f/Renault_%281906%29_Michelin_Building%2C_London_2026-03-30.jpg/1920px-Renault_%281906%29_Michelin_Building%2C_London_2026-03-30.jpg,0,16969aa270388600
image_1579.hdf5,162531456,nature_landscape,wikimedia_commons,https://upload.wikimedia.org/wikipedia/commons/9/9e/Jard%C3%ADn_principal_del_parque_M%C3%A9xico_Natural.jpg,https://commons.wikimedia.org/wiki/File:Jard%C3%ADn_principal_del_parque_M%C3%A9xico_Natural.jpg,CC BY 4.0,,OliAzor,File:Jardín principal del parque México Natural.jpg,"(1600, 1200)",ffafbfca11d67a8cf02ae77da7e84a04,https://upload.wikimedia.org/wikipedia/commons/9/9e/Jard%C3%ADn_principal_del_parque_M%C3%A9xico_Natural.jpg,0,f76d494c1e3ffbfd
image_1580.hdf5,120881484,nature_landscape,wikimedia_commons,https://upload.wikimedia.org/wikipedia/commons/d/db/2005-05-21_13-40-05_Riprap_Overlook_looking_west_Shenandoah_National_Park_VA.jpg,https://commons.wikimedia.org/wiki/File:2005-05-21_13-40-05_Riprap_Overlook_looking_west_Shenandoah_National_Park_VA.jpg,CC BY 4.0,,G. Edward Johnson,File:2005-05-21 13-40-05 Riprap Overlook looking west Shenandoah National Park VA.jpg,"(3008, 2000)",f981f059f81cdbfe88b4f5e80456028e,https://upload.wikimedia.org/wikipedia/commons/thumb/d/db/2005-05-21_13-40-05_Riprap_Overlook_looking_west_Shenandoah_National_Park_VA.jpg/1920px-2005-05-21_13-40-05_Riprap_Overlook_looking_west_Shenandoah_National_Park_VA.jpg,0,13078f47079cdb9b
image_1581.hdf5,176723719,nature_landscape,wikimedia_commons,https://upload.wikimedia.org/wikipedia/commons/c/ca/Dragonsblood_Tree%2C_Tortuguero_National_Park.jpg,"https://commons.wikimedia.org/wiki/File:Dragonsblood_Tree,_Tortuguero_National_Park.jpg",CC BY 4.0,,"(c) alicia penney, some rights reserved (CC BY)","File:Dragonsblood Tree, Tortuguero National Park.jpg","(2048, 1536)",9f10bc1d9c0bd08aec3d09b1f0b83c13,https://upload.wikimedia.org/wikipedia/commons/thumb/c/ca/Dragonsblood_Tree%2C_Tortuguero_National_Park.jpg/1920px-Dragonsblood_Tree%2C_Tortuguero_National_Park.jpg,0,a3e1939fdcc91494
image_1582.hdf5,50890820,nature_landscape,wikimedia_commons,https://upload.wikimedia.org/wikipedia/commons/8/88/Joshua_Tree_National_Park_-_California%2C_USA_-_August_1995_03.jpg,"https://commons.wikimedia.org/wiki/File:Joshua_Tree_National_Park_-_California,_USA_-_August_1995_03.jpg",CC BY 4.0,,Giorgio Galeotti,"File:Joshua Tree National Park - California, USA - August 1995 03.jpg","(3000, 2024)",855c3b723bc9fab5e7433b4b6053cf26,https://upload.wikimedia.org/wikipedia/commons/thumb/8/88/Joshua_Tree_National_Park_-_California%2C_USA_-_August_1995_03.jpg/1920px-Joshua_Tree_National_Park_-_California%2C_USA_-_August_1995_03.jpg,0,09330d66692c078e
image_1583.hdf5,150728428,building_exterior,wikimedia_commons,https://upload.wikimedia.org/wikipedia/commons/7/7c/National_Archives_Building_Portico_20240531.jpg,https://commons.wikimedia.org/wiki/File:National_Archives_Building_Portico_20240531.jpg,CC BY 4.0,,颐园居,File:National Archives Building Portico 20240531.jpg,"(1920, 2560)",c401345b4a29d6ca06eb3b8a3fc17a54,https://upload.wikimedia.org/wikipedia/commons/7/7c/National_Archives_Building_Portico_20240531.jpg,0,61e0cc4f33b2222b
image_1584.hdf5,49304109,nature_landscape,wikimedia_commons,https://upload.wikimedia.org/wikipedia/commons/d/d8/North_Districts_of_Novy_Urengoy.jpg,https://commons.wikimedia.org/wiki/File:North_Districts_of_Novy_Urengoy.jpg,CC BY 4.0,,City Administration of Novy Urengoy,File:North Districts of Novy Urengoy.jpg,"(987, 768)",0362c169ac35d8c71deafc7b66758e68,https://upload.wikimedia.org/wikipedia/commons/d/d8/North_Districts_of_Novy_Urengoy.jpg,0,f1b81fdfc8216178
image_1585.hdf5,168449123,nature_landscape,wikimedia_commons,https://upload.wikimedia.org/wikipedia/commons/7/75/Redwoods_National_Park_California.jpg,https://commons.wikimedia.org/wiki/File:Redwoods_National_Park_California.jpg,CC BY 4.0,,JLRPHOTO,File:Redwoods National Park California.jpg,"(1080, 1222)",9cf62043302310dcde4257e9b1ad0650,https://upload.wikimedia.org/wikipedia/commons/7/75/Redwoods_National_Park_California.jpg,0,870f230f1f1f8e07
image_1586.hdf5,74209416,nature_landscape,wikimedia_commons,https://upload.wikimedia.org/wikipedia/commons/5/5a/Coscinasterias_muricata%2C_Bunurong_Marine_National_Park_01.jpg,"https://commons.wikimedia.org/wiki/File:Coscinasterias_muricata,_Bunurong_Marine_National_Park_01.jpg",CC BY 4.0,,Photographer: Chris Rowley,"File:Coscinasterias muricata, Bunurong Marine National Park 01.jpg","(3000, 1993)",a62fbe3ef07925a47a2320064f4e6c02,https://upload.wikimedia.org/wikipedia/commons/thumb/5/5a/Coscinasterias_muricata%2C_Bunurong_Marine_National_Park_01.jpg/1920px-Coscinasterias_muricata%2C_Bunurong_Marine_National_Park_01.jpg,0,5930786868395531
image_1587.hdf5,88430573,building_exterior,wikimedia_commons,https://upload.wikimedia.org/wikipedia/commons/b/b2/1396120512302911713437544_%D8%B3%D9%86%DA%AF%D9%84%D8%AC.jpg,https://commons.wikimedia.org/wiki/File:1396120512302911713437544_%D8%B3%D9%86%DA%AF%D9%84%D8%AC.jpg,CC BY 4.0,https://commons.wikimedia.org/wiki/User:Mehdi,Mehdi,File:1396120512302911713437544 سنگلج.jpg,"(800, 557)",ec76fa513d6182bd5173380fcbe6ac71,https://upload.wikimedia.org/wikipedia/commons/b/b2/1396120512302911713437544_%D8%B3%D9%86%DA%AF%D9%84%D8%AC.jpg,0,1f3d354524ccf0f8
image_1588.hdf5,152113823,building_exterior,wikimedia_commons,https://upload.wikimedia.org/wikipedia/commons/f/f3/Kish_Island2021-04-29_17.jpg,https://commons.wikimedia.org/wiki/File:Kish_Island2021-04-29_17.jpg,CC BY 4.0,,Hossein Tahavori,File:Kish Island2021-04-29 17.jpg,"(800, 557)",df1d9c87a1a3d46801b2f37d83cab510,https://upload.wikimedia.org/wikipedia/commons/f/f3/Kish_Island2021-04-29_17.jpg,0,07071f231d6d1f9b
image_1589.hdf5,183531940,building_exterior,wikimedia_commons,https://upload.wikimedia.org/wikipedia/commons/8/87/DSC07048_Rabcewicz_Building%2C_Montanuniversit%C3%A4t_Leoben%2C_Northwest_View.jpg,"https://commons.wikimedia.org/wiki/File:DSC07048_Rabcewicz_Building,_Montanuniversit%C3%A4t_Leoben,_Northwest_View.jpg",CC BY 4.0,,Aciarium,"File:DSC07048 Rabcewicz Building, Montanuniversität Leoben, Northwest View.jpg","(6777, 4518)",c5a083877356559b89804e7a4b8d1467,https://upload.wikimedia.org/wikipedia/commons/thumb/8/87/DSC07048_Rabcewicz_Building%2C_Montanuniversit%C3%A4t_Leoben%2C_Northwest_View.jpg/1920px-DSC07048_Rabcewicz_Building%2C_Montanuniversit%C3%A4t_Leoben%2C_Northwest_View.jpg,0,31ce0979793393a7
image_1590.hdf5,176448208,nature_landscape,wikimedia_commons,https://upload.wikimedia.org/wikipedia/commons/e/e9/Flooded_Landscape_under_Blue_Sky.jpg,https://commons.wikimedia.org/wiki/File:Flooded_Landscape_under_Blue_Sky.jpg,CC BY 4.0,,R trisha,File:Flooded Landscape under Blue Sky.jpg,"(1080, 732)",41a1ac3418a98c85eeb69ec33a186f51,https://upload.wikimedia.org/wikipedia/commons/e/e9/Flooded_Landscape_under_Blue_Sky.jpg,0,0000000000680503
image_1591.hdf5,64203646,building_exterior,wikimedia_commons,https://upload.wikimedia.org/wikipedia/commons/b/ba/ESST_Hammam_Sousse%2C_DFD_217_DSC_7120.jpg,"https://commons.wikimedia.org/wiki/File:ESST_Hammam_Sousse,_DFD_217_DSC_7120.jpg",CC BY 4.0,,Habib M’henni,"File:ESST Hammam Sousse, DFD 217 DSC 7120.jpg","(3080, 4640)",2a90c91b734b42935b5580ea9924f4ce,https://upload.wikimedia.org/wikipedia/commons/thumb/b/ba/ESST_Hammam_Sousse%2C_DFD_217_DSC_7120.jpg/1920px-ESST_Hammam_Sousse%2C_DFD_217_DSC_7120.jpg,0,fff7e9fc04c0f000
image_1592.hdf5,146263518,nature_landscape,wikimedia_commons,https://upload.wikimedia.org/wikipedia/commons/4/48/Historic_Grand_Teton_National_Park_entrance_booth_at_Jenny_Lake_2022-07-12.jpg,https://commons.wikimedia.org/wiki/File:Historic_Grand_Teton_National_Park_entrance_booth_at_Jenny_Lake_2022-07-12.jpg,CC BY 4.0,,Schwerdf,File:Historic Grand Teton National Park entrance booth at Jenny Lake 2022-07-12.jpg,"(4912, 7360)",9ce98476e7b7281b783f4b34ef2edd04,https://upload.wikimedia.org/wikipedia/commons/thumb/4/48/Historic_Grand_Teton_National_Park_entrance_booth_at_Jenny_Lake_2022-07-12.jpg/1920px-Historic_Grand_Teton_National_Park_entrance_booth_at_Jenny_Lake_2022-07-12.jpg,0,3f0e26431964d81f
image_1593.hdf5,36312782,building_exterior,wikimedia_commons,https://upload.wikimedia.org/wikipedia/commons/4/41/Stonework_for_the_WRI_at_Trollpoe_%26_Colls_yard_Wellcome_M0002515.jpg,https://commons.wikimedia.org/wiki/File:Stonework_for_the_WRI_at_Trollpoe_%26_Colls_yard_Wellcome_M0002515.jpg,CC BY 4.0,https://commons.wikimedia.org/wiki/User:F%C3%A6,Fæ,File:Stonework for the WRI at Trollpoe & Colls yard Wellcome M0002515.jpg,"(4016, 2916)",e1f609043d3880d72b41579505b54c7e,https://upload.wikimedia.org/wikipedia/commons/thumb/4/41/Stonework_for_the_WRI_at_Trollpoe_%26_Colls_yard_Wellcome_M0002515.jpg/1920px-Stonework_for_the_WRI_at_Trollpoe_%26_Colls_yard_Wellcome_M0002515.jpg,0,8700c1eb28dae9a9
image_1594.hdf5,141085692,building_exterior,wikimedia_commons,https://upload.wikimedia.org/wikipedia/commons/3/3e/Berlin_Parkfriedhof_Marzahn_lub_2023-11-19_img02_Feierhalle.jpg,https://commons.wikimedia.org/wiki/File:Berlin_Parkfriedhof_Marzahn_lub_2023-11-19_img02_Feierhalle.jpg,CC BY 4.0,,Lukas Beck,File:Berlin Parkfriedhof Marzahn lub 2023-11-19 img02 Feierhalle.jpg,"(4032, 3024)",9e0cb263523e0dd0d3961cbbbe6e7070,https://upload.wikimedia.org/wikipedia/commons/thumb/3/3e/Berlin_Parkfriedhof_Marzahn_lub_2023-11-19_img02_Feierhalle.jpg/1920px-Berlin_Parkfriedhof_Marzahn_lub_2023-11-19_img02_Feierhalle.jpg,0,c7b9e9d53636d4d0
image_1595.hdf5,162586301,nature_landscape,wikimedia_commons,https://upload.wikimedia.org/wikipedia/commons/d/d1/Sirena_Station_at_Corcovado_National_Park_Costa_Rica.jpg,https://commons.wikimedia.org/wiki/File:Sirena_Station_at_Corcovado_National_Park_Costa_Rica.jpg,CC BY 4.0,,Julio-César Chávez,File:Sirena Station at Corcovado National Park Costa Rica.jpg,"(6157, 4105)",0444e3ee60ef57c11c0f8ca5937205ce,https://upload.wikimedia.org/wikipedia/commons/thumb/d/d1/Sirena_Station_at_Corcovado_National_Park_Costa_Rica.jpg/1920px-Sirena_Station_at_Corcovado_National_Park_Costa_Rica.jpg,0,0367672f6e684f3f
image_1596.hdf5,191903045,nature_landscape,wikimedia_commons,https://upload.wikimedia.org/wikipedia/commons/2/29/Bryce_Canyon_National_Park%2C_UT%2C_USA.jpg,"https://commons.wikimedia.org/wiki/File:Bryce_Canyon_National_Park,_UT,_USA.jpg",CC BY 4.0,,Matiasleonelgiglio,"File:Bryce Canyon National Park, UT, USA.jpg","(2048, 1536)",9285ecfa71f5d1e78fe3426cab74d946,https://upload.wikimedia.org/wikipedia/commons/thumb/2/29/Bryce_Canyon_National_Park%2C_UT%2C_USA.jpg/1920px-Bryce_Canyon_National_Park%2C_UT%2C_USA.jpg,0,0448d18624648a0a
image_1597.hdf5,151006063,nature_landscape,wikimedia_commons,https://upload.wikimedia.org/wikipedia/commons/2/28/A_monkey_at_Mole_National_Park.jpg,https://commons.wikimedia.org/wiki/File:A_monkey_at_Mole_National_Park.jpg,CC BY 4.0,,Awinsongyababa,File:A monkey at Mole National Park.jpg,"(1920, 2560)",87bb39227dc9703750e9d096bfbca135,https://upload.wikimedia.org/wikipedia/commons/2/28/A_monkey_at_Mole_National_Park.jpg,0,03e09ee361e46445
image_1598.hdf5,131818549,nature_landscape,wikimedia_commons,https://upload.wikimedia.org/wikipedia/commons/1/11/R%C3%A9serve_Fran%C3%A7ois_Leguat_1.jpg,https://commons.wikimedia.org/wiki/File:R%C3%A9serve_Fran%C3%A7ois_Leguat_1.jpg,CC BY 4.0,,Гульнара Бектемировна,File:Réserve François Leguat 1.jpg,"(958, 639)",f8b13b632fd97e765e006905425530ec,https://upload.wikimedia.org/wikipedia/commons/1/11/R%C3%A9serve_Fran%C3%A7ois_Leguat_1.jpg,0,0f472760cae8f039
image_1599.hdf5,179181207,nature_landscape,wikimedia_commons,https://upload.wikimedia.org/wikipedia/commons/1/1c/Empidadelpha_torrentalis%2C_Arawata_Saddle%2C_Mount_Aspiring_National_Park%2C_New_Zealand_imported_from_iNaturalist_photo_113226192.jpg,"https://commons.wikimedia.org/wiki/File:Empidadelpha_torrentalis,_Arawata_Saddle,_Mount_Aspiring_National_Park,_New_Zealand_imported_from_iNaturalist_photo_113226192.jpg",CC BY 4.0,,"(c) Steve Kerr, some rights reserved (CC BY)","File:Empidadelpha torrentalis, Arawata Saddle, Mount Aspiring National Park, New Zealand imported from iNaturalist photo 113226192.jpg","(2048, 1574)",9324f22763c3b66da85f8d6670abccc1,https://upload.wikimedia.org/wikipedia/commons/thumb/1/1c/Empidadelpha_torrentalis%2C_Arawata_Saddle%2C_Mount_Aspiring_National_Park%2C_New_Zealand_imported_from_iNaturalist_photo_113226192.jpg/1920px-Empidadelpha_torrentalis%2C_Arawata_Saddle%2C_Mount_Aspiring_National_Park%2C_New_Zealand_imported_from_iNaturalist_photo_113226192.jpg,0,9866e1ec66e36222
image_1600.hdf5,112128723,nature_landscape,wikimedia_commons,https://upload.wikimedia.org/wikipedia/commons/3/30/Itatiaia_National_Park_%2810.3897-BDJ.8.e50837%29_Figure_3_a.jpg,https://commons.wikimedia.org/wiki/File:Itatiaia_National_Park_(10.3897-BDJ.8.e50837)_Figure_3_a.jpg,CC BY 4.0,https://doi.org/10.3897/BDJ.8.e50837,https://doi.org/10.3897/BDJ.8.e50837,File:Itatiaia National Park (10.3897-BDJ.8.e50837) Figure 3 a.jpg,"(4000, 2848)",5e277660ecdc07ab92b8094e75642eec,https://upload.wikimedia.org/wikipedia/commons/thumb/3/30/Itatiaia_National_Park_%2810.3897-BDJ.8.e50837%29_Figure_3_a.jpg/1920px-Itatiaia_National_Park_%2810.3897-BDJ.8.e50837%29_Figure_3_a.jpg,0,23a88cc6d6961684
image_1601.hdf5,99649655,nature_landscape,wikimedia_commons,https://upload.wikimedia.org/wikipedia/commons/8/8b/Male_Upland_Goose_or_Magellan_goose_%28Chloephaga_picta%29%2C_Tierra_del_Fuego_National_Park%2C_Argentina.jpg,"https://commons.wikimedia.org/wiki/File:Male_Upland_Goose_or_Magellan_goose_(Chloephaga_picta),_Tierra_del_Fuego_National_Park,_Argentina.jpg",CC BY 4.0,,Bob Ramsak,"File:Male Upland Goose or Magellan goose (Chloephaga picta), Tierra del Fuego National Park, Argentina.jpg","(2537, 3456)",4d8b793728c156d96bec2664d054906e,https://upload.wikimedia.org/wikipedia/commons/thumb/8/8b/Male_Upland_Goose_or_Magellan_goose_%28Chloephaga_picta%29%2C_Tierra_del_Fuego_National_Park%2C_Argentina.jpg/1920px-Male_Upland_Goose_or_Magellan_goose_%28Chloephaga_picta%29%2C_Tierra_del_Fuego_National_Park%2C_Argentina.jpg,0,75170323e362eae5
image_1602.hdf5,134247469,building_exterior,wikimedia_commons,https://upload.wikimedia.org/wikipedia/commons/3/36/AURA_Recinto_Courtyard_%28_V8A4790-CC%29.jpg,https://commons.wikimedia.org/wiki/File:AURA_Recinto_Courtyard_(_V8A4790-CC).jpg,CC BY 4.0,,NOIRLab/NSF/AURA/T. Slovinský,File:AURA Recinto Courtyard ( V8A4790-CC).jpg,"(5472, 3648)",9dc6c8ee05e4ab49cd609a17e7f8c0ce,https://upload.wikimedia.org/wikipedia/commons/thumb/3/36/AURA_Recinto_Courtyard_%28_V8A4790-CC%29.jpg/1920px-AURA_Recinto_Courtyard_%28_V8A4790-CC%29.jpg,0,e36c2c8929c6df79
image_1603.hdf5,194665669,nature_landscape,wikimedia_commons,https://upload.wikimedia.org/wikipedia/commons/0/01/Doi_Inthanon_National_Park%E2%80%94.jpg,https://commons.wikimedia.org/wiki/File:Doi_Inthanon_National_Park%E2%80%94.jpg,CC BY 4.0,,Phrueksa lakrathok,File:Doi Inthanon National Park—.jpg,"(2048, 1365)",9cdda144d95a7cd06be0b2bbdda510e5,https://upload.wikimedia.org/wikipedia/commons/thumb/0/01/Doi_Inthanon_National_Park%E2%80%94.jpg/1920px-Doi_Inthanon_National_Park%E2%80%94.jpg,0,230706265333a9d4
image_1604.hdf5,119888361,building_exterior,wikimedia_commons,https://upload.wikimedia.org/wikipedia/commons/8/86/Approach_limited_aspect_signals.png,https://commons.wikimedia.org/wiki/File:Approach_limited_aspect_signals.png,CC BY 4.0,,Fawkes559,File:Approach limited aspect signals.png,"(1076, 660)",57e80091785f5482a2ce5f6841930d92,https://upload.wikimedia.org/wikipedia/commons/8/86/Approach_limited_aspect_signals.png,0,360dce361f45f059
image_1605.hdf5,176090427,nature_landscape,wikimedia_commons,https://upload.wikimedia.org/wikipedia/commons/4/40/Inbound4441230046096874417.jpg,https://commons.wikimedia.org/wiki/File:Inbound4441230046096874417.jpg,CC BY 4.0,,Riyad Hossain Hridoy,File:Inbound4441230046096874417.jpg,"(3622, 2414)",16abb3f6e773c93f49f3ae2a55550cd0,https://upload.wikimedia.org/wikipedia/commons/thumb/4/40/Inbound4441230046096874417.jpg/1920px-Inbound4441230046096874417.jpg,0,3821605d6d360dc5
image_1606.hdf5,158066574,building_exterior,wikimedia_commons,https://upload.wikimedia.org/wikipedia/commons/3/3b/Hungarian_Parliament_Building_cupola%2C_2025-01-11.jpg,"https://commons.wikimedia.org/wiki/File:Hungarian_Parliament_Building_cupola,_2025-01-11.jpg",CC BY 4.0,,Kilyann Le Hen,"File:Hungarian Parliament Building cupola, 2025-01-11.jpg","(4833, 3624)",310c43da97eb71657dceccaa88fc95cb,https://upload.wikimedia.org/wikipedia/commons/thumb/3/3b/Hungarian_Parliament_Building_cupola%2C_2025-01-11.jpg/1920px-Hungarian_Parliament_Building_cupola%2C_2025-01-11.jpg,0,f5b5b43232313131
image_1607.hdf5,179677876,nature_landscape,wikimedia_commons,https://upload.wikimedia.org/wikipedia/commons/8/8c/Thingvellir_National_Park_Cottages.jpg,https://commons.wikimedia.org/wiki/File:Thingvellir_National_Park_Cottages.jpg,CC BY 4.0,,Arcthylor,File:Thingvellir National Park Cottages.jpg,"(4032, 3024)",f07e3879d2d304bfc7c4e3f2ea6d7173,https://upload.wikimedia.org/wikipedia/commons/thumb/8/8c/Thingvellir_National_Park_Cottages.jpg/1920px-Thingvellir_National_Park_Cottages.jpg,0,83891919b0b91f1f
image_1608.hdf5,170828771,nature_landscape,wikimedia_commons,https://upload.wikimedia.org/wikipedia/commons/5/55/A_long_and_dusty_road_%282009_nature_0006%29.jpg,https://commons.wikimedia.org/wiki/File:A_long_and_dusty_road_(2009_nature_0006).jpg,CC BY 4.0,,ESO,File:A long and dusty road (2009 nature 0006).jpg,"(1600, 1200)",0680c4f4418c1f0f2e18c6cf35a6cfc9,https://upload.wikimedia.org/wikipedia/commons/5/55/A_long_and_dusty_road_%282009_nature_0006%29.jpg,0,37100eb3383c76f3
image_1609.hdf5,167285358,nature_landscape,wikimedia_commons,https://upload.wikimedia.org/wikipedia/commons/0/0f/Grasses_in_Meerkat_National_Park.jpg,https://commons.wikimedia.org/wiki/File:Grasses_in_Meerkat_National_Park.jpg,CC BY 4.0,,"(c) Shaun Swanepoel, some rights reserved (CC BY)",File:Grasses in Meerkat National Park.jpg,"(2048, 1536)",687c4034db711e542cfd1dc124121a6a,https://upload.wikimedia.org/wikipedia/commons/thumb/0/0f/Grasses_in_Meerkat_National_Park.jpg/1920px-Grasses_in_Meerkat_National_Park.jpg,0,fcff1900048c3130
image_1610.hdf5,186852554,building_exterior,wikimedia_commons,https://upload.wikimedia.org/wikipedia/commons/3/3b/Exterior_of_a_modern_Wells_Fargo_bank_branch_in_Athens%2C_Georgia_03.jpg,"https://commons.wikimedia.org/wiki/File:Exterior_of_a_modern_Wells_Fargo_bank_branch_in_Athens,_Georgia_03.jpg",CC BY 4.0,,Harrison Keely,"File:Exterior of a modern Wells Fargo bank branch in Athens, Georgia 03.jpg","(3884, 2645)",d916994217459bc3f7181306e65e443c,https://upload.wikimedia.org/wikipedia/commons/thumb/3/3b/Exterior_of_a_modern_Wells_Fargo_bank_branch_in_Athens%2C_Georgia_03.jpg/1920px-Exterior_of_a_modern_Wells_Fargo_bank_branch_in_Athens%2C_Georgia_03.jpg,0,070367c4d9d48308
image_1611.hdf5,149213520,nature_landscape,wikimedia_commons,https://upload.wikimedia.org/wikipedia/commons/7/79/20240608_Reflected_nature.jpg,https://commons.wikimedia.org/wiki/File:20240608_Reflected_nature.jpg,CC BY 4.0,,Lana2019,File:20240608 Reflected nature.jpg,"(3024, 4032)",359b7d8a69420f90d58f257d3105f2fa,https://upload.wikimedia.org/wikipedia/commons/thumb/7/79/20240608_Reflected_nature.jpg/1920px-20240608_Reflected_nature.jpg,0,12d6c64f0f372646
image_1612.hdf5,152009086,building_exterior,wikimedia_commons,https://upload.wikimedia.org/wikipedia/commons/c/c7/Rom_%28IT%29%2C_Kolosseum_--_2024_--_0610.jpg,"https://commons.wikimedia.org/wiki/File:Rom_(IT),_Kolosseum_--_2024_--_0610.jpg",CC BY 4.0,,Anil Öztas,"File:Rom (IT), Kolosseum -- 2024 -- 0610.jpg","(5327, 3551)",9257047623a9980d9a082823cf035793,https://upload.wikimedia.org/wikipedia/commons/thumb/c/c7/Rom_%28IT%29%2C_Kolosseum_--_2024_--_0610.jpg/1920px-Rom_%28IT%29%2C_Kolosseum_--_2024_--_0610.jpg,0,232335777b6b7f97
image_1613.hdf5,15946171,building_exterior,wikimedia_commons,https://upload.wikimedia.org/wikipedia/commons/c/c8/Columns_outside_the_Basilica_of_the_National_Shrine_of_the_Assumption_of_the_Blessed_Virgin_Mary%2C_Baltimore%2C_Maryland_-_Sarah_Stierch.jpg,"https://commons.wikimedia.org/wiki/File:Columns_outside_the_Basilica_of_the_National_Shrine_of_the_Assumption_of_the_Blessed_Virgin_Mary,_Baltimore,_Maryland_-_Sarah_Stierch.jpg",CC BY 4.0,,Sarah Stierch,"File:Columns outside the Basilica of the National Shrine of the Assumption of the Blessed Virgin Mary, Baltimore, Maryland - Sarah Stierch.jpg","(2736, 3648)",79c5b1d26318750f9df7c109783115a3,https://upload.wikimedia.org/wikipedia/commons/thumb/c/c8/Columns_outside_the_Basilica_of_the_National_Shrine_of_the_Assumption_of_the_Blessed_Virgin_Mary%2C_Baltimore%2C_Maryland_-_Sarah_Stierch.jpg/1920px-Columns_outside_the_Basilica_of_the_National_Shrine_of_the_Assumption_of_the_Blessed_Virgin_Mary%2C_Baltimore%2C_Maryland_-_Sarah_Stierch.jpg,0,3454d4d494160c04
image_1614.hdf5,135702290,building_exterior,wikimedia_commons,https://upload.wikimedia.org/wikipedia/commons/4/40/Taipei_Performing_Arts_Center_07.23_%282%29.jpg,https://commons.wikimedia.org/wiki/File:Taipei_Performing_Arts_Center_07.23_(2).jpg,CC BY 4.0,https://commons.wikimedia.org/wiki/User:Supanut_Arunoprayote,Supanut Arunoprayote,File:Taipei Performing Arts Center 07.23 (2).jpg,"(6512, 4341)",73da18ed33209f967349aea551de0e65,https://upload.wikimedia.org/wikipedia/commons/thumb/4/40/Taipei_Performing_Arts_Center_07.23_%282%29.jpg/1920px-Taipei_Performing_Arts_Center_07.23_%282%29.jpg,0,dab6b1b1f373313d
image_1615.hdf5,187201015,building_exterior,wikimedia_commons,https://upload.wikimedia.org/wikipedia/commons/5/52/Main_Front_Section_%28Abdul_Nabi_Tomb%29.jpg,https://commons.wikimedia.org/wiki/File:Main_Front_Section_(Abdul_Nabi_Tomb).jpg,CC BY 4.0,,"Ar. Asia Jabeen, Ar. Naveed Hussain, Ar. Mazhar Munir",File:Main Front Section (Abdul Nabi Tomb).jpg,"(784, 493)",8630b4352cd452123f7064878acb0607,https://upload.wikimedia.org/wikipedia/commons/5/52/Main_Front_Section_%28Abdul_Nabi_Tomb%29.jpg,0,10704ccc68e8b880
image_1616.hdf5,183667566,nature_landscape,wikimedia_commons,https://upload.wikimedia.org/wikipedia/commons/4/42/Pfundser_Tschey_2024a.jpg,https://commons.wikimedia.org/wiki/File:Pfundser_Tschey_2024a.jpg,CC BY 4.0,,Whgler,File:Pfundser Tschey 2024a.jpg,"(4000, 3000)",d8f9afa633128e313c7965f0d62db24b,https://upload.wikimedia.org/wikipedia/commons/thumb/4/42/Pfundser_Tschey_2024a.jpg/1920px-Pfundser_Tschey_2024a.jpg,0,0c0c43e62c434336
image_1617.hdf5,143547579,building_exterior,wikimedia_commons,https://upload.wikimedia.org/wikipedia/commons/4/4c/Saint_Augustine_Cathedral_%28Kalamazoo%2C_Michigan%29_-_exterior_-_square.jpg,"https://commons.wikimedia.org/wiki/File:Saint_Augustine_Cathedral_(Kalamazoo,_Michigan)_-_exterior_-_square.jpg",CC BY 4.0,,Nheyob,"File:Saint Augustine Cathedral (Kalamazoo, Michigan) - exterior - square.jpg","(3318, 3319)",93e73247009317009923288fb636fd0a,https://upload.wikimedia.org/wikipedia/commons/thumb/4/4c/Saint_Augustine_Cathedral_%28Kalamazoo%2C_Michigan%29_-_exterior_-_square.jpg/1920px-Saint_Augustine_Cathedral_%28Kalamazoo%2C_Michigan%29_-_exterior_-_square.jpg,0,8f87716968cc178f
image_1618.hdf5,153573674,building_exterior,wikimedia_commons,https://upload.wikimedia.org/wikipedia/commons/5/57/T%C3%B6lzer_Str_56_Miesbach-Grie%C3%9Fer_1.jpg,https://commons.wikimedia.org/wiki/File:T%C3%B6lzer_Str_56_Miesbach-Grie%C3%9Fer_1.jpg,CC BY 4.0,,Ricardalovesmonuments,File:Tölzer Str 56 Miesbach-Grießer 1.jpg,"(9976, 9637)",97f72195891c7c694813a46e0f1751da,https://upload.wikimedia.org/wikipedia/commons/thumb/5/57/T%C3%B6lzer_Str_56_Miesbach-Grie%C3%9Fer_1.jpg/1920px-T%C3%B6lzer_Str_56_Miesbach-Grie%C3%9Fer_1.jpg,0,2ecc8ebefa361785
image_1619.hdf5,153803340,building_exterior,wikimedia_commons,https://upload.wikimedia.org/wikipedia/commons/f/f1/Panorama_Budapesztu_%281%29.jpg,https://commons.wikimedia.org/wiki/File:Panorama_Budapesztu_(1).jpg,CC BY 4.0,,MOs810,File:Panorama Budapesztu (1).jpg,"(4171, 3083)",e54dd07bdc262e2c52ea3b0ad9938984,https://upload.wikimedia.org/wikipedia/commons/thumb/f/f1/Panorama_Budapesztu_%281%29.jpg/1920px-Panorama_Budapesztu_%281%29.jpg,0,c24619444c53b7af
image_1620.hdf5,86296289,building_exterior,wikimedia_commons,https://upload.wikimedia.org/wikipedia/commons/a/a4/Abdij_van_Park_%2C_exterieur_%2C_2e_westerpoort_-_355134_-_onroerenderfgoed.jpg,"https://commons.wikimedia.org/wiki/File:Abdij_van_Park_,_exterieur_,_2e_westerpoort_-_355134_-_onroerenderfgoed.jpg",CC BY 4.0,,"Stemgée, Daan","File:Abdij van Park , exterieur , 2e westerpoort - 355134 - onroerenderfgoed.jpg","(4096, 5259)",5c6d613b5a021751dd4fd7b227778719,https://upload.wikimedia.org/wikipedia/commons/thumb/a/a4/Abdij_van_Park_%2C_exterieur_%2C_2e_westerpoort_-_355134_-_onroerenderfgoed.jpg/1920px-Abdij_van_Park_%2C_exterieur_%2C_2e_westerpoort_-_355134_-_onroerenderfgoed.jpg,0,cc8f130e1c3e0f87
image_1621.hdf5,86185681,building_exterior,wikimedia_commons,https://upload.wikimedia.org/wikipedia/commons/f/fc/Kluisbergen_Kapellestraat_81_-_383263_-_onroerenderfgoed.jpg,https://commons.wikimedia.org/wiki/File:Kluisbergen_Kapellestraat_81_-_383263_-_onroerenderfgoed.jpg,CC BY 4.0,https://commons.wikimedia.org/wiki/User:BotMultichill,BotMultichill,File:Kluisbergen Kapellestraat 81 - 383263 - onroerenderfgoed.jpg,"(2189, 1460)",985086e98b5ede265b0e789ebfbcef46,https://upload.wikimedia.org/wikipedia/commons/thumb/f/fc/Kluisbergen_Kapellestraat_81_-_383263_-_onroerenderfgoed.jpg/1920px-Kluisbergen_Kapellestraat_81_-_383263_-_onroerenderfgoed.jpg,0,5944ce9b0b696ae6
image_1622.hdf5,138236339,nature_landscape,wikimedia_commons,https://upload.wikimedia.org/wikipedia/commons/3/35/Loxodonta_cyclotis%2C_Odzala-Kokoua_National_Park%2C_Republic_of_the_Congo_53146541.jpg,"https://commons.wikimedia.org/wiki/File:Loxodonta_cyclotis,_Odzala-Kokoua_National_Park,_Republic_of_the_Congo_53146541.jpg",CC BY 4.0,,"(c) John P Friel, some rights reserved (CC BY)","File:Loxodonta cyclotis, Odzala-Kokoua National Park, Republic of the Congo 53146541.jpg","(1280, 960)",a09693a30112ef3d06f6518bcc0013cb,https://upload.wikimedia.org/wikipedia/commons/3/35/Loxodonta_cyclotis%2C_Odzala-Kokoua_National_Park%2C_Republic_of_the_Congo_53146541.jpg,0,a5868e6bbd2524ae
image_1623.hdf5,152718848,nature_landscape,wikimedia_commons,https://upload.wikimedia.org/wikipedia/commons/0/02/Dune_Succession_Trail_at_West_Beach%2C_Indiana_Dunes_National_Park.jpg,"https://commons.wikimedia.org/wiki/File:Dune_Succession_Trail_at_West_Beach,_Indiana_Dunes_National_Park.jpg",CC BY 4.0,,Indianadunes,"File:Dune Succession Trail at West Beach, Indiana Dunes National Park.jpg","(4752, 3168)",9698308bf437ca7eba43e77fdc44c263,https://upload.wikimedia.org/wikipedia/commons/thumb/0/02/Dune_Succession_Trail_at_West_Beach%2C_Indiana_Dunes_National_Park.jpg/1920px-Dune_Succession_Trail_at_West_Beach%2C_Indiana_Dunes_National_Park.jpg,0,3e36871e36261959
image_1624.hdf5,98581974,building_exterior,wikimedia_commons,https://upload.wikimedia.org/wikipedia/commons/2/2d/View_outside_of_the_Nivelles_train_station_on_a_rainy_night_%28DSC_0042%29.jpg,https://commons.wikimedia.org/wiki/File:View_outside_of_the_Nivelles_train_station_on_a_rainy_night_(DSC_0042).jpg,CC BY 4.0,,Trougnouf (Benoit Brummer),File:View outside of the Nivelles train station on a rainy night (DSC 0042).jpg,"(5285, 3707)",4aa7e91c0a58c499b35fe65bb20e1b35,https://upload.wikimedia.org/wikipedia/commons/thumb/2/2d/View_outside_of_the_Nivelles_train_station_on_a_rainy_night_%28DSC_0042%29.jpg/1920px-View_outside_of_the_Nivelles_train_station_on_a_rainy_night_%28DSC_0042%29.jpg,0,0bc3d94b4b4b4f4b
image_1625.hdf5,157357856,nature_landscape,wikimedia_commons,https://upload.wikimedia.org/wikipedia/commons/b/be/Red_Triangle_Slug%2C_Watagans_National_Park%2C_Olney%2C_NSW%2C_AU_imported_from_iNaturalist_photo_338708649.jpg,"https://commons.wikimedia.org/wiki/File:Red_Triangle_Slug,_Watagans_National_Park,_Olney,_NSW,_AU_imported_from_iNaturalist_photo_338708649.jpg",CC BY 4.0,,"(c) dizzyurid, some rights reserved (CC BY)","File:Red Triangle Slug, Watagans National Park, Olney, NSW, AU imported from iNaturalist photo 338708649.jpg","(1536, 2048)",8e70816a1fdf017ac07c192d8b6bfbe9,https://upload.wikimedia.org/wikipedia/commons/b/be/Red_Triangle_Slug%2C_Watagans_National_Park%2C_Olney%2C_NSW%2C_AU_imported_from_iNaturalist_photo_338708649.jpg,0,64d4b9f6e261f279
image_1626.hdf5,179069838,building_exterior,wikimedia_commons,https://upload.wikimedia.org/wikipedia/commons/8/80/%D0%94%D0%BE%D0%BC_%D0%91%D0%B0%D0%BA%D0%B0.png,https://commons.wikimedia.org/wiki/File:%D0%94%D0%BE%D0%BC_%D0%91%D0%B0%D0%BA%D0%B0.png,CC BY 4.0,,Илья Шевченко,File:Дом Бака.png,"(1663, 1080)",b453cfd32482eb14f1bacd4ae7dcee62,https://upload.wikimedia.org/wikipedia/commons/8/80/%D0%94%D0%BE%D0%BC_%D0%91%D0%B0%D0%BA%D0%B0.png,0,d541c78c64462e26
image_1627.hdf5,190382982,nature_landscape,wikimedia_commons,https://upload.wikimedia.org/wikipedia/commons/c/cd/Off-road_tour_caravan_in_Aruba%E2%80%99s_national_park.jpg,https://commons.wikimedia.org/wiki/File:Off-road_tour_caravan_in_Aruba%E2%80%99s_national_park.jpg,CC BY 4.0,,Ginelly.Q,File:Off-road tour caravan in Aruba’s national park.jpg,"(3000, 4000)",1e9b856bca3769f4938e19bd8b9b83ac,https://upload.wikimedia.org/wikipedia/commons/thumb/c/cd/Off-road_tour_caravan_in_Aruba%E2%80%99s_national_park.jpg/1920px-Off-road_tour_caravan_in_Aruba%E2%80%99s_national_park.jpg,0,88e0fcf7c966e709
image_1628.hdf5,169541606,building_exterior,wikimedia_commons,https://upload.wikimedia.org/wikipedia/commons/e/ee/Idaho_State_Police_Dodge_Charger_outside_Idaho_Supreme_Court.jpg,https://commons.wikimedia.org/wiki/File:Idaho_State_Police_Dodge_Charger_outside_Idaho_Supreme_Court.jpg,CC BY 4.0,,Tony Webster,File:Idaho State Police Dodge Charger outside Idaho Supreme Court.jpg,"(7491, 5158)",4e73ad130ea082415403a5ed7d1aefff,https://upload.wikimedia.org/wikipedia/commons/thumb/e/ee/Idaho_State_Police_Dodge_Charger_outside_Idaho_Supreme_Court.jpg/1920px-Idaho_State_Police_Dodge_Charger_outside_Idaho_Supreme_Court.jpg,0,4f2f3f63600c1103
image_1629.hdf5,146142787,nature_landscape,wikimedia_commons,https://upload.wikimedia.org/wikipedia/commons/7/77/Youth_retreat_landscape.jpg,https://commons.wikimedia.org/wiki/File:Youth_retreat_landscape.jpg,CC BY 4.0,,Ergashev Akobir,File:Youth retreat landscape.jpg,"(3000, 4000)",8c441d46c703f9bce6d5193e9ac627dc,https://upload.wikimedia.org/wikipedia/commons/thumb/7/77/Youth_retreat_landscape.jpg/1920px-Youth_retreat_landscape.jpg,0,0143031295dd6f3d
image_1630.hdf5,43528536,building_exterior,wikimedia_commons,https://upload.wikimedia.org/wikipedia/commons/a/a3/Jerusalem_Malha_train_station%2C_looking_outside.jpg,"https://commons.wikimedia.org/wiki/File:Jerusalem_Malha_train_station,_looking_outside.jpg",CC BY 4.0,,Geogast,"File:Jerusalem Malha train station, looking outside.jpg","(2448, 3264)",d09207e6355e70ef2aea06a242836ad4,https://upload.wikimedia.org/wikipedia/commons/thumb/a/a3/Jerusalem_Malha_train_station%2C_looking_outside.jpg/1920px-Jerusalem_Malha_train_station%2C_looking_outside.jpg,0,d6d754c444054467
image_1631.hdf5,113135124,nature_landscape,wikimedia_commons,https://upload.wikimedia.org/wikipedia/commons/b/bd/Amblysomus_hottentotus_%28Palmiet_Nature_Reserve%2C_South_Africa_East_Coast%29_1.jpg,"https://commons.wikimedia.org/wiki/File:Amblysomus_hottentotus_(Palmiet_Nature_Reserve,_South_Africa_East_Coast)_1.jpg",CC BY 4.0,https://www.inaturalist.org/users/611863,suncana,"File:Amblysomus hottentotus (Palmiet Nature Reserve, South Africa East Coast) 1.jpg","(1600, 1032)",dfeb21e6bc9a6925379cbf6feaee4921,https://upload.wikimedia.org/wikipedia/commons/b/bd/Amblysomus_hottentotus_%28Palmiet_Nature_Reserve%2C_South_Africa_East_Coast%29_1.jpg,0,8d4d06e4e46437a4
image_1632.hdf5,181515374,nature_landscape,wikimedia_commons,https://upload.wikimedia.org/wikipedia/commons/0/0b/Iyan_casta%C3%B1o_obras.jpg,https://commons.wikimedia.org/wiki/File:Iyan_casta%C3%B1o_obras.jpg,CC BY 4.0,,Alexander Bennet,File:Iyan castaño obras.jpg,"(2874, 3592)",efe8804a053897f78a59f38b1b4ff8b4,https://upload.wikimedia.org/wikipedia/commons/thumb/0/0b/Iyan_casta%C3%B1o_obras.jpg/1920px-Iyan_casta%C3%B1o_obras.jpg,0,fecfb3b292877efa
image_1633.hdf5,191765776,building_exterior,wikimedia_commons,https://upload.wikimedia.org/wikipedia/commons/1/18/Toronto_Downtown.jpg,https://commons.wikimedia.org/wiki/File:Toronto_Downtown.jpg,CC BY 4.0,,SamKramer123,File:Toronto Downtown.jpg,"(4284, 5712)",de44643fa8b665e9bf14d755c3067b39,https://upload.wikimedia.org/wikipedia/commons/thumb/1/18/Toronto_Downtown.jpg/1920px-Toronto_Downtown.jpg,0,f6f0d924919bbb3f
image_1634.hdf5,144497967,nature_landscape,wikimedia_commons,https://upload.wikimedia.org/wikipedia/commons/0/07/Black_Tiger_resting_at_Simlipal_National_Park.jpg,https://commons.wikimedia.org/wiki/File:Black_Tiger_resting_at_Simlipal_National_Park.jpg,CC BY 4.0,https://en.wikipedia.org/wiki/Government_of_Odisha,Government of Odisha,File:Black Tiger resting at Simlipal National Park.jpg,"(1024, 742)",1532153e528ff7086141d40ed323e01d,https://upload.wikimedia.org/wikipedia/commons/0/07/Black_Tiger_resting_at_Simlipal_National_Park.jpg,0,c48c8d8f2210b513
image_1635.hdf5,175766403,building_exterior,wikimedia_commons,https://upload.wikimedia.org/wikipedia/commons/2/27/Mackie_Building_Milwaukee_Exterior.jpg,https://commons.wikimedia.org/wiki/File:Mackie_Building_Milwaukee_Exterior.jpg,CC BY 4.0,,Bubudu57,File:Mackie Building Milwaukee Exterior.jpg,"(3472, 4810)",2251a8ee2b2958e036b9f662fe433c25,https://upload.wikimedia.org/wikipedia/commons/thumb/2/27/Mackie_Building_Milwaukee_Exterior.jpg/1920px-Mackie_Building_Milwaukee_Exterior.jpg,0,129991941f39b8e2
image_1636.hdf5,164547997,building_exterior,wikimedia_commons,https://upload.wikimedia.org/wikipedia/commons/9/9a/Gutshaus_Stellenfleth_III_Denkmalatlas_Niedersachsen_1997.jpg,https://commons.wikimedia.org/wiki/File:Gutshaus_Stellenfleth_III_Denkmalatlas_Niedersachsen_1997.jpg,CC BY 4.0,,Unbekannte*r NLD-Mitarbeiter*in,File:Gutshaus Stellenfleth III Denkmalatlas Niedersachsen 1997.jpg,"(720, 472)",9f869709784f84643a525e66bb32b757,https://upload.wikimedia.org/wikipedia/commons/9/9a/Gutshaus_Stellenfleth_III_Denkmalatlas_Niedersachsen_1997.jpg,0,0df672092b230b1f
image_1637.hdf5,146680757,building_exterior,wikimedia_commons,https://upload.wikimedia.org/wikipedia/commons/2/2f/East_exterior_wall_of_the_temple_of_Amun-Ra_in_Karnak_03.jpg,https://commons.wikimedia.org/wiki/File:East_exterior_wall_of_the_temple_of_Amun-Ra_in_Karnak_03.jpg,CC BY 4.0,,Marsupium,File:East exterior wall of the temple of Amun-Ra in Karnak 03.jpg,"(4032, 3024)",944532c1d9f3034f57b1b12b71c64240,https://upload.wikimedia.org/wikipedia/commons/thumb/2/2f/East_exterior_wall_of_the_temple_of_Amun-Ra_in_Karnak_03.jpg/1920px-East_exterior_wall_of_the_temple_of_Amun-Ra_in_Karnak_03.jpg,0,1f3fffdf8ff8fec7
image_1638.hdf5,132261691,building_exterior,wikimedia_commons,https://upload.wikimedia.org/wikipedia/commons/7/7b/Know_Your_City_No.82_Abandoned_oil_well_in_Elysian_Park.jpg,https://commons.wikimedia.org/wiki/File:Know_Your_City_No.82_Abandoned_oil_well_in_Elysian_Park.jpg,CC BY 4.0,,Los Angeles Times,File:Know Your City No.82 Abandoned oil well in Elysian Park.jpg,"(4290, 5469)",759879c6995e9adf71417e9eafda6637,https://upload.wikimedia.org/wikipedia/commons/thumb/7/7b/Know_Your_City_No.82_Abandoned_oil_well_in_Elysian_Park.jpg/1920px-Know_Your_City_No.82_Abandoned_oil_well_in_Elysian_Park.jpg,0,1969696764e4d3e2
image_1639.hdf5,180319809,nature_landscape,wikimedia_commons,https://upload.wikimedia.org/wikipedia/commons/0/08/Snow_nature_of_the_mountainous_regions_of_Sirjan_12_%28Mehr%2C_2025%29.jpg,"https://commons.wikimedia.org/wiki/File:Snow_nature_of_the_mountainous_regions_of_Sirjan_12_(Mehr,_2025).jpg",CC BY 4.0,,Esmaeil Khortan,"File:Snow nature of the mountainous regions of Sirjan 12 (Mehr, 2025).jpg","(1280, 854)",82e0be3bb3322a4ca2ae1902f6e231e7,https://upload.wikimedia.org/wikipedia/commons/0/08/Snow_nature_of_the_mountainous_regions_of_Sirjan_12_%28Mehr%2C_2025%29.jpg,0,7313d6f6f7774b3b
image_1640.hdf5,140120055,building_exterior,wikimedia_commons,https://upload.wikimedia.org/wikipedia/commons/9/99/Mural_de_cer%C3%A1mica%2C_avenida_el_Sol_02.jpg,"https://commons.wikimedia.org/wiki/File:Mural_de_cer%C3%A1mica,_avenida_el_Sol_02.jpg",CC BY 4.0,,Ordzonhyd Rudyard Tarco Palomino,"File:Mural de cerámica, avenida el Sol 02.jpg","(4080, 3072)",fe2717a554e05840bcf9445e79b2f015,https://upload.wikimedia.org/wikipedia/commons/thumb/9/99/Mural_de_cer%C3%A1mica%2C_avenida_el_Sol_02.jpg/1920px-Mural_de_cer%C3%A1mica%2C_avenida_el_Sol_02.jpg,0,3e02323121312b23
image_1641.hdf5,122636457,building_exterior,wikimedia_commons,https://upload.wikimedia.org/wikipedia/commons/2/2b/20220805_Reichstag_building.jpg,https://commons.wikimedia.org/wiki/File:20220805_Reichstag_building.jpg,CC BY 4.0,,Flocci Nivis,File:20220805 Reichstag building.jpg,"(6016, 4016)",2e6f6d91b2ce36f57d543b16330b2924,https://upload.wikimedia.org/wikipedia/commons/thumb/2/2b/20220805_Reichstag_building.jpg/1920px-20220805_Reichstag_building.jpg,0,070d13d342020202
image_1642.hdf5,182551898,building_exterior,wikimedia_commons,https://upload.wikimedia.org/wikipedia/commons/3/35/Chrysler_Building_2026.jpg,https://commons.wikimedia.org/wiki/File:Chrysler_Building_2026.jpg,CC BY 4.0,,Kidfly182,File:Chrysler Building 2026.jpg,"(1080, 1440)",734aee9ee3945de892e3fcb0af5c6217,https://upload.wikimedia.org/wikipedia/commons/3/35/Chrysler_Building_2026.jpg,0,40981972e1f07008
image_1643.hdf5,142015593,nature_landscape,wikimedia_commons,https://upload.wikimedia.org/wikipedia/commons/f/f4/Clouds_in_the_mountains_snow.jpg,https://commons.wikimedia.org/wiki/File:Clouds_in_the_mountains_snow.jpg,CC BY 4.0,,Carlos marquez villarejo,File:Clouds in the mountains snow.jpg,"(1280, 853)",9aeb37f96343d3e47f57347a0b5e2e83,https://upload.wikimedia.org/wikipedia/commons/f/f4/Clouds_in_the_mountains_snow.jpg,0,3fd65f1b1d476451
image_1644.hdf5,162299489,nature_landscape,wikimedia_commons,https://upload.wikimedia.org/wikipedia/commons/6/69/Steinplan_von_Turneralm.jpg,https://commons.wikimedia.org/wiki/File:Steinplan_von_Turneralm.jpg,CC BY 4.0,,Schreckgespenst,File:Steinplan von Turneralm.jpg,"(6000, 4000)",5236b689141fdd0065470c95986ef804,https://upload.wikimedia.org/wikipedia/commons/thumb/6/69/Steinplan_von_Turneralm.jpg/1920px-Steinplan_von_Turneralm.jpg,0,cb9b254d763399a2
image_1645.hdf5,148198343,building_exterior,wikimedia_commons,https://upload.wikimedia.org/wikipedia/commons/0/00/Jenny_Leong_2024_%28cropped%29_01.jpg,https://commons.wikimedia.org/wiki/File:Jenny_Leong_2024_(cropped)_01.jpg,CC BY 4.0,,Bookish Worm,File:Jenny Leong 2024 (cropped) 01.jpg,"(658, 831)",7899679b0aa88bf9c87ee1c60b0b08dc,https://upload.wikimedia.org/wikipedia/commons/0/00/Jenny_Leong_2024_%28cropped%29_01.jpg,0,d3b039189cd9e1f3
image_1646.hdf5,148306084,building_exterior,wikimedia_commons,https://upload.wikimedia.org/wikipedia/commons/7/74/Baoshan_Township_Library%2C_Hsinchu_County20240511b.jpg,"https://commons.wikimedia.org/wiki/File:Baoshan_Township_Library,_Hsinchu_County20240511b.jpg",CC BY 4.0,,克勞棣,"File:Baoshan Township Library, Hsinchu County20240511b.jpg","(2048, 1208)",2852db1ec94ddd803fb323d228ce19c0,https://upload.wikimedia.org/wikipedia/commons/thumb/7/74/Baoshan_Township_Library%2C_Hsinchu_County20240511b.jpg/1920px-Baoshan_Township_Library%2C_Hsinchu_County20240511b.jpg,0,13726c2f3ffed54d
image_1647.hdf5,114169471,nature_landscape,wikimedia_commons,https://upload.wikimedia.org/wikipedia/commons/6/67/Alaskan_Wonderland_in_September.jpg,https://commons.wikimedia.org/wiki/File:Alaskan_Wonderland_in_September.jpg,CC BY 4.0,,Leonconradie,File:Alaskan Wonderland in September.jpg,"(4888, 3803)",56acfffe4ca54153c0cacea1ab0096f8,https://upload.wikimedia.org/wikipedia/commons/thumb/6/67/Alaskan_Wonderland_in_September.jpg/1920px-Alaskan_Wonderland_in_September.jpg,0,1f0785197357d3e2
image_1648.hdf5,141097191,building_exterior,wikimedia_commons,https://upload.wikimedia.org/wikipedia/commons/1/10/Outside_WOOL_91.5%2C_Bellows_Falls_VT.jpg,"https://commons.wikimedia.org/wiki/File:Outside_WOOL_91.5,_Bellows_Falls_VT.jpg",CC BY 4.0,,John Phelan,"File:Outside WOOL 91.5, Bellows Falls VT.jpg","(4032, 3024)",774e3e5355cb77fc6d13a06c100dcda5,https://upload.wikimedia.org/wikipedia/commons/thumb/1/10/Outside_WOOL_91.5%2C_Bellows_Falls_VT.jpg/1920px-Outside_WOOL_91.5%2C_Bellows_Falls_VT.jpg,0,1b1010642460db12
image_1649.hdf5,179765859,nature_landscape,wikimedia_commons,https://upload.wikimedia.org/wikipedia/commons/d/dc/Modraszek_Polska.jpg,https://commons.wikimedia.org/wiki/File:Modraszek_Polska.jpg,CC BY 4.0,,Samantha Makrocka,File:Modraszek Polska.jpg,"(3598, 2399)",d563410ca4059300c2480aa6ab264bb2,https://upload.wikimedia.org/wikipedia/commons/thumb/d/dc/Modraszek_Polska.jpg/1920px-Modraszek_Polska.jpg,0,35254f9e9e58d995
image_1650.hdf5,11982340,building_exterior,wikimedia_commons,https://upload.wikimedia.org/wikipedia/commons/9/91/Eminent_Men_of_Letters_by_Frederic_Wellington_-_Thomas_Jefferson_Building_-_Washington%2C_D.C._-_Sarah_Stierch.jpg,"https://commons.wikimedia.org/wiki/File:Eminent_Men_of_Letters_by_Frederic_Wellington_-_Thomas_Jefferson_Building_-_Washington,_D.C._-_Sarah_Stierch.jpg",CC BY 4.0,https://flickr.com/people/45813125@N08,Wikipedia Saves Public Art,"File:Eminent Men of Letters by Frederic Wellington - Thomas Jefferson Building - Washington, D.C. - Sarah Stierch.jpg","(528, 396)",cefcd03a82136091d2513b2fa91585bf,https://upload.wikimedia.org/wikipedia/commons/9/91/Eminent_Men_of_Letters_by_Frederic_Wellington_-_Thomas_Jefferson_Building_-_Washington%2C_D.C._-_Sarah_Stierch.jpg,0,0302ceca8e8dad2c
image_1651.hdf5,80389851,nature_landscape,wikimedia_commons,https://upload.wikimedia.org/wikipedia/commons/4/4c/2019-06_Jasper_National_Park_%2802%29_Papilio_canadensis.jpg,https://commons.wikimedia.org/wiki/File:2019-06_Jasper_National_Park_(02)_Papilio_canadensis.jpg,CC BY 4.0,,Ralf Lotys,File:2019-06 Jasper National Park (02) Papilio canadensis.jpg,"(1607, 1071)",aecac41967d69907e03f8f0178a839f6,https://upload.wikimedia.org/wikipedia/commons/4/4c/2019-06_Jasper_National_Park_%2802%29_Papilio_canadensis.jpg,0,7872cfbb7969f9f7
image_1652.hdf5,63976297,nature_landscape,wikimedia_commons,https://upload.wikimedia.org/wikipedia/commons/3/3d/Denali_National_Park_and_Reserve.jpg,https://commons.wikimedia.org/wiki/File:Denali_National_Park_and_Reserve.jpg,CC BY 4.0,,Therealfacts2000,File:Denali National Park and Reserve.jpg,"(1536, 2048)",21831bf0101352e28cf9a7f33f5c9824,https://upload.wikimedia.org/wikipedia/commons/thumb/3/3d/Denali_National_Park_and_Reserve.jpg/1280px-Denali_National_Park_and_Reserve.jpg,0,987ce70706310202
image_1653.hdf5,132233402,nature_landscape,wikimedia_commons,https://upload.wikimedia.org/wikipedia/commons/3/35/%D0%A1uttlefish_Ascarosepion_pfefferi_crawls_along_the_sandy_bottom._Apo_reef_nature_reserve._Philippines.jpg,https://commons.wikimedia.org/wiki/File:%D0%A1uttlefish_Ascarosepion_pfefferi_crawls_along_the_sandy_bottom._Apo_reef_nature_reserve._Philippines.jpg,CC BY 4.0,,Dmitry Domrin,File:Сuttlefish Ascarosepion pfefferi crawls along the sandy bottom. Apo reef nature reserve. Philippines.jpg,"(4000, 3000)",3e4e48ff82e13cd0bb25d9c992783944,https://upload.wikimedia.org/wikipedia/commons/thumb/3/35/%D0%A1uttlefish_Ascarosepion_pfefferi_crawls_along_the_sandy_bottom._Apo_reef_nature_reserve._Philippines.jpg/1920px-%D0%A1uttlefish_Ascarosepion_pfefferi_crawls_along_the_sandy_bottom._Apo_reef_nature_reserve._Philippines.jpg,0,46453132b62c3488
image_1654.hdf5,82334389,nature_landscape,wikimedia_commons,https://upload.wikimedia.org/wikipedia/commons/0/0f/Dollarbird_Manas_National_Park_Assam_India_April_2019.jpg,https://commons.wikimedia.org/wiki/File:Dollarbird_Manas_National_Park_Assam_India_April_2019.jpg,CC BY 4.0,,Dibyendu Ash,File:Dollarbird Manas National Park Assam India April 2019.jpg,"(1664, 2330)",d2fb9762354cefcf37cc6b1341e85a62,https://upload.wikimedia.org/wikipedia/commons/0/0f/Dollarbird_Manas_National_Park_Assam_India_April_2019.jpg,0,40c349ceb75d2d36
image_1655.hdf5,170365004,building_exterior,wikimedia_commons,https://upload.wikimedia.org/wikipedia/commons/a/ac/Summerlin-injury-lawyer-office-exterior-building.jpg,https://commons.wikimedia.org/wiki/File:Summerlin-injury-lawyer-office-exterior-building.jpg,CC BY 4.0,,Mfwdwiki,File:Summerlin-injury-lawyer-office-exterior-building.jpg,"(1600, 1200)",4add6bc9385ef2cca9a02ef65936d961,https://upload.wikimedia.org/wikipedia/commons/a/ac/Summerlin-injury-lawyer-office-exterior-building.jpg,0,627634116f75452d
image_1656.hdf5,193094726,nature_landscape,wikimedia_commons,https://upload.wikimedia.org/wikipedia/commons/e/ed/Dalby_S%C3%B6derskog_National_Park_in_May_2026_02.jpg,https://commons.wikimedia.org/wiki/File:Dalby_S%C3%B6derskog_National_Park_in_May_2026_02.jpg,CC BY 4.0,,Leo Rudberg (WMSE),File:Dalby Söderskog National Park in May 2026 02.jpg,"(3000, 4000)",6ba2fe5f206c8bf2fbaac4c11006f5ab,https://upload.wikimedia.org/wikipedia/commons/thumb/e/ed/Dalby_S%C3%B6derskog_National_Park_in_May_2026_02.jpg/1920px-Dalby_S%C3%B6derskog_National_Park_in_May_2026_02.jpg,0,f3b3b3b1705acd55
image_1657.hdf5,138376145,nature_landscape,wikimedia_commons,https://upload.wikimedia.org/wikipedia/commons/c/c3/Pontederia_crassipes_96346614_in_Rondevlei_Nature_Reserve%2C_Cape_Town%2C_South_Africa_1.jpg,"https://commons.wikimedia.org/wiki/File:Pontederia_crassipes_96346614_in_Rondevlei_Nature_Reserve,_Cape_Town,_South_Africa_1.jpg",CC BY 4.0,,"(c) Jeremy Gilmore, some rights reserved (CC BY)","File:Pontederia crassipes 96346614 in Rondevlei Nature Reserve, Cape Town, South Africa 1.jpg","(2048, 1536)",80985b51c568dd7e15eb405006e9bcdb,https://upload.wikimedia.org/wikipedia/commons/thumb/c/c3/Pontederia_crassipes_96346614_in_Rondevlei_Nature_Reserve%2C_Cape_Town%2C_South_Africa_1.jpg/1920px-Pontederia_crassipes_96346614_in_Rondevlei_Nature_Reserve%2C_Cape_Town%2C_South_Africa_1.jpg,0,7d6c6462dbc4b227
image_1658.hdf5,156873657,nature_landscape,wikimedia_commons,https://upload.wikimedia.org/wikipedia/commons/f/f1/%CA%BBI%CA%BBiwi%2C_Haleakal%C4%81_National_Park%2C_Kula%2C_HI%2C_US_imported_from_iNaturalist_photo_266480157.jpg,"https://commons.wikimedia.org/wiki/File:%CA%BBI%CA%BBiwi,_Haleakal%C4%81_National_Park,_Kula,_HI,_US_imported_from_iNaturalist_photo_266480157.jpg",CC BY 4.0,,"(c) Cricket Raspet, some rights reserved (CC BY)","File:ʻIʻiwi, Haleakalā National Park, Kula, HI, US imported from iNaturalist photo 266480157.jpg","(1948, 1395)",3802a210e1b2cffede7cda6173d73611,https://upload.wikimedia.org/wikipedia/commons/thumb/f/f1/%CA%BBI%CA%BBiwi%2C_Haleakal%C4%81_National_Park%2C_Kula%2C_HI%2C_US_imported_from_iNaturalist_photo_266480157.jpg/1920px-%CA%BBI%CA%BBiwi%2C_Haleakal%C4%81_National_Park%2C_Kula%2C_HI%2C_US_imported_from_iNaturalist_photo_266480157.jpg,0,04466a32f2e296a6
image_1659.hdf5,189485622,nature_landscape,wikimedia_commons,https://upload.wikimedia.org/wikipedia/commons/e/ec/Misty_morning_landscape_with_trees_and_mountain_near_Eiras%2C_O_Rosal%2C_O_Baixo_Mi%C3%B1o%2C_Galicia%2C_Spain%2C_March_2020_-_Flickr_-_sergei.gussev.jpg,"https://commons.wikimedia.org/wiki/File:Misty_morning_landscape_with_trees_and_mountain_near_Eiras,_O_Rosal,_O_Baixo_Mi%C3%B1o,_Galicia,_Spain,_March_2020_-_Flickr_-_sergei.gussev.jpg",CC BY 4.0,https://www.flickr.com/people/133200397@N03,Sergei Gussev,"File:Misty morning landscape with trees and mountain near Eiras, O Rosal, O Baixo Miño, Galicia, Spain, March 2020 - Flickr - sergei.gussev.jpg","(3948, 2661)",3fd092ec9f7b0e5de008bae62bb3f87d,https://upload.wikimedia.org/wikipedia/commons/thumb/e/ec/Misty_morning_landscape_with_trees_and_mountain_near_Eiras%2C_O_Rosal%2C_O_Baixo_Mi%C3%B1o%2C_Galicia%2C_Spain%2C_March_2020_-_Flickr_-_sergei.gussev.jpg/1920px-Misty_morning_landscape_with_trees_and_mountain_near_Eiras%2C_O_Rosal%2C_O_Baixo_Mi%C3%B1o%2C_Galicia%2C_Spain%2C_March_2020_-_Flickr_-_sergei.gussev.jpg,0,bfdfcfcfcccc691e
image_1660.hdf5,173226453,building_exterior,wikimedia_commons,https://upload.wikimedia.org/wikipedia/commons/c/c4/Semipalmated_plover_%28Charadrius_semipalmatus%29.jpg,https://commons.wikimedia.org/wiki/File:Semipalmated_plover_(Charadrius_semipalmatus).jpg,CC BY 4.0,,Stephan Sprinz,File:Semipalmated plover (Charadrius semipalmatus).jpg,"(3268, 2451)",7d225b6fdeb6b6e2f155360c3e6fe414,https://upload.wikimedia.org/wikipedia/commons/thumb/c/c4/Semipalmated_plover_%28Charadrius_semipalmatus%29.jpg/1920px-Semipalmated_plover_%28Charadrius_semipalmatus%29.jpg,0,2f1f677158796526
image_1661.hdf5,178245644,nature_landscape,wikimedia_commons,https://upload.wikimedia.org/wikipedia/commons/d/d5/Looking_South_along_the_beach_to_Coolangatta_from_Burleigh_Head_National_Park%2C_Queensland%2C_Australia.jpg,"https://commons.wikimedia.org/wiki/File:Looking_South_along_the_beach_to_Coolangatta_from_Burleigh_Head_National_Park,_Queensland,_Australia.jpg",CC BY 4.0,,Jack Bain,"File:Looking South along the beach to Coolangatta from Burleigh Head National Park, Queensland, Australia.jpg","(5000, 3363)",ab2a7996d6754f0436804c2dbedad150,https://upload.wikimedia.org/wikipedia/commons/thumb/d/d5/Looking_South_along_the_beach_to_Coolangatta_from_Burleigh_Head_National_Park%2C_Queensland%2C_Australia.jpg/1920px-Looking_South_along_the_beach_to_Coolangatta_from_Burleigh_Head_National_Park%2C_Queensland%2C_Australia.jpg,0,0b03011422638739
image_1662.hdf5,142227914,building_exterior,wikimedia_commons,https://upload.wikimedia.org/wikipedia/commons/c/cf/Hundertwasser_Toilets_-_Outside_2023.jpg,https://commons.wikimedia.org/wiki/File:Hundertwasser_Toilets_-_Outside_2023.jpg,CC BY 4.0,,Saycheeselouise,File:Hundertwasser Toilets - Outside 2023.jpg,"(3000, 4000)",7585fbf5174abb06d4727e0ff06eb99d,https://upload.wikimedia.org/wikipedia/commons/thumb/c/cf/Hundertwasser_Toilets_-_Outside_2023.jpg/1920px-Hundertwasser_Toilets_-_Outside_2023.jpg,0,fc3e62ece8e8e0e8
image_1663.hdf5,89141528,nature_landscape,wikimedia_commons,https://upload.wikimedia.org/wikipedia/commons/4/41/January_landscape_near_Andreis_1.jpg,https://commons.wikimedia.org/wiki/File:January_landscape_near_Andreis_1.jpg,CC BY 4.0,,Stefano Travasci,File:January landscape near Andreis 1.jpg,"(4608, 3456)",d68990b19a748bc54003b748ecad194e,https://upload.wikimedia.org/wikipedia/commons/thumb/4/41/January_landscape_near_Andreis_1.jpg/1920px-January_landscape_near_Andreis_1.jpg,0,1f171f3f9fdbfc1d
image_1664.hdf5,88725671,nature_landscape,wikimedia_commons,https://upload.wikimedia.org/wikipedia/commons/d/d3/Hydrographie_du_parc_national_de_l%27Isalo.png,https://commons.wikimedia.org/wiki/File:Hydrographie_du_parc_national_de_l%27Isalo.png,CC BY 4.0,,"Hasina Nirina Randrianaly, Tsilavo Raharimahefa, Aroniaina Rajaonarivo, Andrea Di Cencio, Daniel Haja Tolimasy",File:Hydrographie du parc national de l'Isalo.png,"(788, 1078)",2824b7ab2816e088a8e7baf064f5ae60,https://upload.wikimedia.org/wikipedia/commons/d/d3/Hydrographie_du_parc_national_de_l%27Isalo.png,0,9c9eb2b2e0cc8c23
image_1665.hdf5,128080865,nature_landscape,wikimedia_commons,https://upload.wikimedia.org/wikipedia/commons/6/6c/Yatteyattah-nature-reserve.jpg,https://commons.wikimedia.org/wiki/File:Yatteyattah-nature-reserve.jpg,CC BY 4.0,https://www.environment.nsw.gov.au/research-and-publications/publications-search/yatteyattah-nature-reserve-plan-of-management,https://www.environment.nsw.gov.au/research-and-publications/publications-search/yatteyattah-nature-reserve-plan-of-management,File:Yatteyattah-nature-reserve.jpg,"(300, 420)",bce285e80d123a0a125e47addc81c985,https://upload.wikimedia.org/wikipedia/commons/6/6c/Yatteyattah-nature-reserve.jpg,0,9282c07230809191
image_1666.hdf5,148846148,building_exterior,wikimedia_commons,https://upload.wikimedia.org/wikipedia/commons/9/93/Ancona_%2843%29.jpg,https://commons.wikimedia.org/wiki/File:Ancona_(43).jpg,CC BY 4.0,,Elekes Andor,File:Ancona (43).jpg,"(2591, 2519)",73fabdb084769b6f149c28bb97d22955,https://upload.wikimedia.org/wikipedia/commons/thumb/9/93/Ancona_%2843%29.jpg/1920px-Ancona_%2843%29.jpg,0,191912b2b291ccf6
image_1667.hdf5,148688900,nature_landscape,wikimedia_commons,https://upload.wikimedia.org/wikipedia/commons/2/25/Orhemsn%C3%A4set_vid_Skrubba_holmar.jpg,https://commons.wikimedia.org/wiki/File:Orhemsn%C3%A4set_vid_Skrubba_holmar.jpg,CC BY 4.0,,Slottsviken51,File:Orhemsnäset vid Skrubba holmar.jpg,"(3894, 2920)",949a2c7b8df0415c0c143f5ab00fe04b,https://upload.wikimedia.org/wikipedia/commons/thumb/2/25/Orhemsn%C3%A4set_vid_Skrubba_holmar.jpg/1920px-Orhemsn%C3%A4set_vid_Skrubba_holmar.jpg,0,29260e08c80f430d
image_1668.hdf5,146152480,nature_landscape,wikimedia_commons,https://upload.wikimedia.org/wikipedia/commons/4/49/Rhampholeon-princeeai-from-Mkingu-Nature-Reserve-in-life.png,https://commons.wikimedia.org/wiki/File:Rhampholeon-princeeai-from-Mkingu-Nature-Reserve-in-life.png,CC BY 4.0,,Michele Menegon,File:Rhampholeon-princeeai-from-Mkingu-Nature-Reserve-in-life.png,"(850, 871)",8acfe74111a2a4cc6a6f3689f47546fc,https://upload.wikimedia.org/wikipedia/commons/4/49/Rhampholeon-princeeai-from-Mkingu-Nature-Reserve-in-life.png,0,9a3f274cfcd23319
image_1669.hdf5,171768638,nature_landscape,wikimedia_commons,https://upload.wikimedia.org/wikipedia/commons/c/c3/Arctic_tundra_in_autumn_colors_near_lake_Lovozero_in_Murmansk_Oblast%2C_Russia.jpg,"https://commons.wikimedia.org/wiki/File:Arctic_tundra_in_autumn_colors_near_lake_Lovozero_in_Murmansk_Oblast,_Russia.jpg",CC BY 4.0,,Artem Abdukakharov,"File:Arctic tundra in autumn colors near lake Lovozero in Murmansk Oblast, Russia.jpg","(5472, 3648)",1ac485a53fa7539b2dd3642a6f7e724e,https://upload.wikimedia.org/wikipedia/commons/thumb/c/c3/Arctic_tundra_in_autumn_colors_near_lake_Lovozero_in_Murmansk_Oblast%2C_Russia.jpg/1920px-Arctic_tundra_in_autumn_colors_near_lake_Lovozero_in_Murmansk_Oblast%2C_Russia.jpg,0,1ce07039743c0f66
image_1670.hdf5,147477052,building_exterior,wikimedia_commons,https://upload.wikimedia.org/wikipedia/commons/0/0f/Erastus_Corning_Tower_-_Albany%2C_New_York.jpg,"https://commons.wikimedia.org/wiki/File:Erastus_Corning_Tower_-_Albany,_New_York.jpg",CC BY 4.0,,Albeit simple,"File:Erastus Corning Tower - Albany, New York.jpg","(6912, 4608)",53edec4d18e3a274286c0b07e074501f,https://upload.wikimedia.org/wikipedia/commons/thumb/0/0f/Erastus_Corning_Tower_-_Albany%2C_New_York.jpg/1920px-Erastus_Corning_Tower_-_Albany%2C_New_York.jpg,0,071779cc0f173257
image_1671.hdf5,158793514,nature_landscape,wikimedia_commons,https://upload.wikimedia.org/wikipedia/commons/1/1b/Landscape_of_Wrangel_Island_Nature_Reserve_%28Chukotka%2C_Russia%29_1.png,"https://commons.wikimedia.org/wiki/File:Landscape_of_Wrangel_Island_Nature_Reserve_(Chukotka,_Russia)_1.png",CC BY 4.0,,Grichanov I.Ya. &amp;  Khruleva O.A.,"File:Landscape of Wrangel Island Nature Reserve (Chukotka, Russia) 1.png","(2362, 1644)",5e9d209895b95a8f6c63331c4fad7470,https://upload.wikimedia.org/wikipedia/commons/thumb/1/1b/Landscape_of_Wrangel_Island_Nature_Reserve_%28Chukotka%2C_Russia%29_1.png/1920px-Landscape_of_Wrangel_Island_Nature_Reserve_%28Chukotka%2C_Russia%29_1.png,0,e1fbce07a332150f
image_1672.hdf5,170359663,nature_landscape,wikimedia_commons,https://upload.wikimedia.org/wikipedia/commons/8/88/Oak_tree_branch%2C_Flemingsberg_nature_reserve%2C_Sweden.jpg,"https://commons.wikimedia.org/wiki/File:Oak_tree_branch,_Flemingsberg_nature_reserve,_Sweden.jpg",CC BY 4.0,,Unilesser,"File:Oak tree branch, Flemingsberg nature reserve, Sweden.jpg","(5600, 3728)",72b9bb2fc192df7ef3fd327f4b6ec8fe,https://upload.wikimedia.org/wikipedia/commons/thumb/8/88/Oak_tree_branch%2C_Flemingsberg_nature_reserve%2C_Sweden.jpg/1920px-Oak_tree_branch%2C_Flemingsberg_nature_reserve%2C_Sweden.jpg,0,cc47637018ccde9f
image_1673.hdf5,177631786,building_exterior,wikimedia_commons,https://upload.wikimedia.org/wikipedia/commons/9/92/Life_aspect_of_Hemiphyllodactylus_hongkongensis.jpg,https://commons.wikimedia.org/wiki/File:Life_aspect_of_Hemiphyllodactylus_hongkongensis.jpg,CC BY 4.0,,Photos by Jian Wang.,File:Life aspect of Hemiphyllodactylus hongkongensis.jpg,"(1786, 2412)",239f08c955acd80ee6a09f4048845cbb,https://upload.wikimedia.org/wikipedia/commons/9/92/Life_aspect_of_Hemiphyllodactylus_hongkongensis.jpg,0,2f87721b4ff19b2f
image_1674.hdf5,102735475,nature_landscape,wikimedia_commons,https://upload.wikimedia.org/wikipedia/commons/3/3b/2021-03-31_14-23-57_paysage.jpg,https://commons.wikimedia.org/wiki/File:2021-03-31_14-23-57_paysage.jpg,CC BY 4.0,,Thomas Bresson,File:2021-03-31 14-23-57 paysage.jpg,"(4000, 3000)",97468dabef4c1c9c0d5d7688fe596bee,https://upload.wikimedia.org/wikipedia/commons/thumb/3/3b/2021-03-31_14-23-57_paysage.jpg/1920px-2021-03-31_14-23-57_paysage.jpg,0,4c86a6064646cc66
image_1675.hdf5,186341859,building_exterior,wikimedia_commons,https://upload.wikimedia.org/wikipedia/commons/5/57/3D_Rendering_of_Modern_Luxury_Villa_Exterior_with_Pool.jpg,https://commons.wikimedia.org/wiki/File:3D_Rendering_of_Modern_Luxury_Villa_Exterior_with_Pool.jpg,CC BY 4.0,,Tuantranseo,File:3D Rendering of Modern Luxury Villa Exterior with Pool.jpg,"(4000, 2667)",72672b71056fb4cfae0cc2ae4c0b4d86,https://upload.wikimedia.org/wikipedia/commons/thumb/5/57/3D_Rendering_of_Modern_Luxury_Villa_Exterior_with_Pool.jpg/1920px-3D_Rendering_of_Modern_Luxury_Villa_Exterior_with_Pool.jpg,0,19050301759b1332
image_1676.hdf5,175638216,nature_landscape,wikimedia_commons,https://upload.wikimedia.org/wikipedia/commons/9/92/Characteristic_landscape_of_Chenopodiaceae_%2810.3897-BDJ.12.e121541%29_Figure_80b.jpg,https://commons.wikimedia.org/wiki/File:Characteristic_landscape_of_Chenopodiaceae_(10.3897-BDJ.12.e121541)_Figure_80b.jpg,CC BY 4.0,,N. Stepanova,File:Characteristic landscape of Chenopodiaceae (10.3897-BDJ.12.e121541) Figure 80b.jpg,"(4928, 3264)",8d61b02744c18652d22367ba6affd9a6,https://upload.wikimedia.org/wikipedia/commons/thumb/9/92/Characteristic_landscape_of_Chenopodiaceae_%2810.3897-BDJ.12.e121541%29_Figure_80b.jpg/1920px-Characteristic_landscape_of_Chenopodiaceae_%2810.3897-BDJ.12.e121541%29_Figure_80b.jpg,0,052f07372d4b312d
image_1677.hdf5,152992728,building_exterior,wikimedia_commons,https://upload.wikimedia.org/wikipedia/commons/1/1b/Exterior_of_%C3%89glise_Saint-Germain-l%27Auxerrois_de_Paris_around_1900.jpg,https://commons.wikimedia.org/wiki/File:Exterior_of_%C3%89glise_Saint-Germain-l%27Auxerrois_de_Paris_around_1900.jpg,CC BY 4.0,,Peter Elfelt,File:Exterior of Église Saint-Germain-l'Auxerrois de Paris around 1900.jpg,"(4582, 5302)",e90f64e1748557708ea58d1543d4e78c,https://upload.wikimedia.org/wikipedia/commons/thumb/1/1b/Exterior_of_%C3%89glise_Saint-Germain-l%27Auxerrois_de_Paris_around_1900.jpg/1920px-Exterior_of_%C3%89glise_Saint-Germain-l%27Auxerrois_de_Paris_around_1900.jpg,0,0909c9834f2f2f0e
image_1678.hdf5,116148023,building_exterior,wikimedia_commons,https://upload.wikimedia.org/wikipedia/commons/6/63/Juyom_Cemetery2017.jpg,https://commons.wikimedia.org/wiki/File:Juyom_Cemetery2017.jpg,CC BY 4.0,,Alireza Ameri,File:Juyom Cemetery2017.jpg,"(800, 486)",79f6a81bf0e141d229b1931d537d4f4f,https://upload.wikimedia.org/wikipedia/commons/6/63/Juyom_Cemetery2017.jpg,0,1f0b13274bdbd393
image_1679.hdf5,107794341,building_exterior,wikimedia_commons,https://upload.wikimedia.org/wikipedia/commons/4/43/Grand_Hotel_et_des_Palmes_%28Palermo%29_-_Fa%C3%A7ade_2.jpg,https://commons.wikimedia.org/wiki/File:Grand_Hotel_et_des_Palmes_(Palermo)_-_Fa%C3%A7ade_2.jpg,CC BY 4.0,,HaguardDuNord,File:Grand Hotel et des Palmes (Palermo) - Façade 2.jpg,"(3468, 4624)",102027014710fbe622438dd6e3c36cb3,https://upload.wikimedia.org/wikipedia/commons/thumb/4/43/Grand_Hotel_et_des_Palmes_%28Palermo%29_-_Fa%C3%A7ade_2.jpg/1920px-Grand_Hotel_et_des_Palmes_%28Palermo%29_-_Fa%C3%A7ade_2.jpg,0,5155d4acc4929631
image_1680.hdf5,154129194,nature_landscape,wikimedia_commons,https://upload.wikimedia.org/wikipedia/commons/0/09/A_wild_water_buffalo_at_Kaziranga_National_Park_%28%E0%A6%95%E0%A6%BE%E0%A6%9C%E0%A6%BF%E0%A7%B0%E0%A6%99%E0%A6%BE_%E0%A7%B0%E0%A6%BE%E0%A6%B7%E0%A7%8D%E0%A6%9F%E0%A7%8D%E0%A7%B0%E0%A7%80%E0%A6%AF%E0%A6%BC_%E0%A6%89%E0%A6%A6%E0%A7%8D%E0%A6%AF%E0%A6%BE%E0%A6%A8%E0%A6%A4_%E0%A6%8F%E0%A6%9F%E0%A6%BF_%E0%A6%AC%E0%A6%A8%E0%A7%B0%E0%A7%80%E0%A6%AF%E0%A6%BC%E0%A6%BE_%E0%A6%AE%27%E0%A6%B9%29.jpg,https://commons.wikimedia.org/wiki/File:A_wild_water_buffalo_at_Kaziranga_National_Park_(%E0%A6%95%E0%A6%BE%E0%A6%9C%E0%A6%BF%E0%A7%B0%E0%A6%99%E0%A6%BE_%E0%A7%B0%E0%A6%BE%E0%A6%B7%E0%A7%8D%E0%A6%9F%E0%A7%8D%E0%A7%B0%E0%A7%80%E0%A6%AF%E0%A6%BC_%E0%A6%89%E0%A6%A6%E0%A7%8D%E0%A6%AF%E0%A6%BE%E0%A6%A8%E0%A6%A4_%E0%A6%8F%E0%A6%9F%E0%A6%BF_%E0%A6%AC%E0%A6%A8%E0%A7%B0%E0%A7%80%E0%A6%AF%E0%A6%BC%E0%A6%BE_%E0%A6%AE%27%E0%A6%B9).jpg,CC BY 4.0,,কুমুদ ঘোষ,File:A wild water buffalo at Kaziranga National Park (কাজিৰঙা ৰাষ্ট্ৰীয় উদ্যানত এটি বনৰীয়া ম'হ).jpg,"(4022, 2401)",ee13d44e0664b6b95a1564a08e0e46a0,https://upload.wikimedia.org/wikipedia/commons/thumb/0/09/A_wild_water_buffalo_at_Kaziranga_National_Park_%28%E0%A6%95%E0%A6%BE%E0%A6%9C%E0%A6%BF%E0%A7%B0%E0%A6%99%E0%A6%BE_%E0%A7%B0%E0%A6%BE%E0%A6%B7%E0%A7%8D%E0%A6%9F%E0%A7%8D%E0%A7%B0%E0%A7%80%E0%A6%AF%E0%A6%BC_%E0%A6%89%E0%A6%A6%E0%A7%8D%E0%A6%AF%E0%A6%BE%E0%A6%A8%E0%A6%A4_%E0%A6%8F%E0%A6%9F%E0%A6%BF_%E0%A6%AC%E0%A6%A8%E0%A7%B0%E0%A7%80%E0%A6%AF%E0%A6%BC%E0%A6%BE_%E0%A6%AE%27%E0%A6%B9%29.jpg/1920px-thumbnail.jpg,0,53593b18c2962bda
image_1681.hdf5,66009627,building_exterior,wikimedia_commons,https://upload.wikimedia.org/wikipedia/commons/b/bf/Mauritshuis_exterior_01.jpg,https://commons.wikimedia.org/wiki/File:Mauritshuis_exterior_01.jpg,CC BY 4.0,,Hanno Lans,File:Mauritshuis exterior 01.jpg,"(4032, 3024)",183d7e1b15ae23ba1ba7ad0888c8da98,https://upload.wikimedia.org/wikipedia/commons/thumb/b/bf/Mauritshuis_exterior_01.jpg/1920px-Mauritshuis_exterior_01.jpg,0,f7fc7b63a5416e61
image_1682.hdf5,94063785,building_exterior,wikimedia_commons,https://upload.wikimedia.org/wikipedia/commons/0/01/Mus%C3%A9e_de_la_R%C3%A9volution_fran%C3%A7aise_-_exterior_view%2C_2018.jpg,"https://commons.wikimedia.org/wiki/File:Mus%C3%A9e_de_la_R%C3%A9volution_fran%C3%A7aise_-_exterior_view,_2018.jpg",CC BY 4.0,,Mosbatho,"File:Musée de la Révolution française - exterior view, 2018.jpg","(5000, 3690)",3570095751597613191a7a0fde466e3f,https://upload.wikimedia.org/wikipedia/commons/thumb/0/01/Mus%C3%A9e_de_la_R%C3%A9volution_fran%C3%A7aise_-_exterior_view%2C_2018.jpg/1920px-Mus%C3%A9e_de_la_R%C3%A9volution_fran%C3%A7aise_-_exterior_view%2C_2018.jpg,0,fae7e773312a1a9b
image_1683.hdf5,76442582,nature_landscape,wikimedia_commons,https://upload.wikimedia.org/wikipedia/commons/0/05/Neoamphicyclus_materiae%2C_Bunurong_Marine_National_Park_02.jpg,"https://commons.wikimedia.org/wiki/File:Neoamphicyclus_materiae,_Bunurong_Marine_National_Park_02.jpg",CC BY 4.0,,Photographer: Mark Norman,"File:Neoamphicyclus materiae, Bunurong Marine National Park 02.jpg","(3000, 2000)",d7a22a5eab852d52d01b559329f9bb39,https://upload.wikimedia.org/wikipedia/commons/thumb/0/05/Neoamphicyclus_materiae%2C_Bunurong_Marine_National_Park_02.jpg/1920px-Neoamphicyclus_materiae%2C_Bunurong_Marine_National_Park_02.jpg,0,d6363bc764f0f1d9
image_1684.hdf5,169410093,nature_landscape,wikimedia_commons,https://upload.wikimedia.org/wikipedia/commons/e/e2/Wild_durian%2C_Rajmalai_National_Park%2C_Coimbatore%2C_TN%2C_IN_imported_from_iNaturalist_photo_106818463.jpg,"https://commons.wikimedia.org/wiki/File:Wild_durian,_Rajmalai_National_Park,_Coimbatore,_TN,_IN_imported_from_iNaturalist_photo_106818463.jpg",CC BY 4.0,,"(c) Prashanth N S, some rights reserved (CC BY)","File:Wild durian, Rajmalai National Park, Coimbatore, TN, IN imported from iNaturalist photo 106818463.jpg","(1536, 2048)",025f662be253bad5c1d32f6660fd26b6,https://upload.wikimedia.org/wikipedia/commons/e/e2/Wild_durian%2C_Rajmalai_National_Park%2C_Coimbatore%2C_TN%2C_IN_imported_from_iNaturalist_photo_106818463.jpg,0,986ab0b86973a2e3
image_1685.hdf5,143178422,nature_landscape,wikimedia_commons,https://upload.wikimedia.org/wikipedia/commons/4/47/Nature_reserve_Bobrowisko.jpg,https://commons.wikimedia.org/wiki/File:Nature_reserve_Bobrowisko.jpg,CC BY 4.0,,Karol Karolus,File:Nature reserve Bobrowisko.jpg,"(2592, 1728)",cbd85a178410111c4cdfa76932d6f7b3,https://upload.wikimedia.org/wikipedia/commons/thumb/4/47/Nature_reserve_Bobrowisko.jpg/1920px-Nature_reserve_Bobrowisko.jpg,0,223a810016151200
image_1686.hdf5,88422006,building_exterior,wikimedia_commons,https://upload.wikimedia.org/wikipedia/commons/5/56/1397112918570093016690274_%D9%85%D9%86%DB%8C%D8%B1%DB%8C%D9%87.jpg,https://commons.wikimedia.org/wiki/File:1397112918570093016690274_%D9%85%D9%86%DB%8C%D8%B1%DB%8C%D9%87.jpg,CC BY 4.0,,Mohsen Roshandeh,File:1397112918570093016690274 منیریه.jpg,"(800, 486)",68f41053f1e2f12575723522bc58bbfb,https://upload.wikimedia.org/wikipedia/commons/5/56/1397112918570093016690274_%D9%85%D9%86%DB%8C%D8%B1%DB%8C%D9%87.jpg,0,9796c64c692a8c8e
image_1687.hdf5,194414386,building_exterior,wikimedia_commons,https://upload.wikimedia.org/wikipedia/commons/b/b0/HK_-_Tsim_Sha_Tsui_Police_Station_-_%E5%B0%96%E6%B2%99%E5%92%80%E8%AD%A6%E7%BD%B2_%282026_JUN%29_-_img_02.jpg,https://commons.wikimedia.org/wiki/File:HK_-_Tsim_Sha_Tsui_Police_Station_-_%E5%B0%96%E6%B2%99%E5%92%80%E8%AD%A6%E7%BD%B2_(2026_JUN)_-_img_02.jpg,CC BY 4.0,,Chainwit.,File:HK - Tsim Sha Tsui Police Station - 尖沙咀警署 (2026 JUN) - img 02.jpg,"(5712, 4284)",e4ee3c7029d0622a7e74a7b8a8c5aa03,https://upload.wikimedia.org/wikipedia/commons/thumb/b/b0/HK_-_Tsim_Sha_Tsui_Police_Station_-_%E5%B0%96%E6%B2%99%E5%92%80%E8%AD%A6%E7%BD%B2_%282026_JUN%29_-_img_02.jpg/1920px-HK_-_Tsim_Sha_Tsui_Police_Station_-_%E5%B0%96%E6%B2%99%E5%92%80%E8%AD%A6%E7%BD%B2_%282026_JUN%29_-_img_02.jpg,0,8949182d0c123d24
image_1688.hdf5,171851154,building_exterior,wikimedia_commons,https://upload.wikimedia.org/wikipedia/commons/4/42/Golden_Joy_-_Flickr_-_Abubakr_Saeed.jpg,https://commons.wikimedia.org/wiki/File:Golden_Joy_-_Flickr_-_Abubakr_Saeed.jpg,CC BY 4.0,https://www.flickr.com/people/51110738@N04,Abubakr Saeed,File:Golden Joy - Flickr - Abubakr Saeed.jpg,"(3874, 2582)",314359ee681feaab8dafffea12d2eb5b,https://upload.wikimedia.org/wikipedia/commons/thumb/4/42/Golden_Joy_-_Flickr_-_Abubakr_Saeed.jpg/1920px-Golden_Joy_-_Flickr_-_Abubakr_Saeed.jpg,0,0f0f0f0d2432cef6
image_1689.hdf5,151019291,nature_landscape,wikimedia_commons,https://upload.wikimedia.org/wikipedia/commons/5/5f/Valley_Of_Whales_Wadi_Elhitan_National_park_Elfayoum_Egypt_When_Whales_was_walking_before_35_Million_Years_Ago.jpg,https://commons.wikimedia.org/wiki/File:Valley_Of_Whales_Wadi_Elhitan_National_park_Elfayoum_Egypt_When_Whales_was_walking_before_35_Million_Years_Ago.jpg,CC BY 4.0,,Nomads Egypt,File:Valley Of Whales Wadi Elhitan National park Elfayoum Egypt When Whales was walking before 35 Million Years Ago.jpg,"(4080, 3060)",f91559005a1143d4bed1e14fc8f06c19,https://upload.wikimedia.org/wikipedia/commons/thumb/5/5f/Valley_Of_Whales_Wadi_Elhitan_National_park_Elfayoum_Egypt_When_Whales_was_walking_before_35_Million_Years_Ago.jpg/1920px-Valley_Of_Whales_Wadi_Elhitan_National_park_Elfayoum_Egypt_When_Whales_was_walking_before_35_Million_Years_Ago.jpg,0,0b0d0cc0a468c816
image_1690.hdf5,101331547,nature_landscape,wikimedia_commons,https://upload.wikimedia.org/wikipedia/commons/9/96/Boodjamulla_National_Park%2C_Lawn_Hill.jpg,"https://commons.wikimedia.org/wiki/File:Boodjamulla_National_Park,_Lawn_Hill.jpg",CC BY 4.0,,John Fairbairn,"File:Boodjamulla National Park, Lawn Hill.jpg","(960, 720)",638a3600925883d20a17590e1d667b1e,https://upload.wikimedia.org/wikipedia/commons/9/96/Boodjamulla_National_Park%2C_Lawn_Hill.jpg,0,40c36316ce060616
image_1691.hdf5,194106936,building_exterior,wikimedia_commons,https://upload.wikimedia.org/wikipedia/commons/d/db/Seattle_-_Cooking_fish_outside_Coliseum%2C_1968.jpg,"https://commons.wikimedia.org/wiki/File:Seattle_-_Cooking_fish_outside_Coliseum,_1968.jpg",CC BY 4.0,https://www.flickr.com/people/24256351@N04,Seattle Municipal Archives,"File:Seattle - Cooking fish outside Coliseum, 1968.jpg","(3230, 2192)",d83d04b31e9f6ca0ba7e637aa83be0a1,https://upload.wikimedia.org/wikipedia/commons/thumb/d/db/Seattle_-_Cooking_fish_outside_Coliseum%2C_1968.jpg/1920px-Seattle_-_Cooking_fish_outside_Coliseum%2C_1968.jpg,0,1c0c0f393949091c
image_1692.hdf5,88418669,building_exterior,wikimedia_commons,https://upload.wikimedia.org/wikipedia/commons/5/5e/1398120610311938419781584_%D9%85%D8%AD%D9%84%D9%87_%D8%AD%DA%A9%DB%8C%D9%85%DB%8C%D9%87.jpg,https://commons.wikimedia.org/wiki/File:1398120610311938419781584_%D9%85%D8%AD%D9%84%D9%87_%D8%AD%DA%A9%DB%8C%D9%85%DB%8C%D9%87.jpg,CC BY 4.0,,Mohammad Maleki,File:1398120610311938419781584 محله حکیمیه.jpg,"(800, 486)",8b320ac9c89bb33c503f888d1937a447,https://upload.wikimedia.org/wikipedia/commons/5/5e/1398120610311938419781584_%D9%85%D8%AD%D9%84%D9%87_%D8%AD%DA%A9%DB%8C%D9%85%DB%8C%D9%87.jpg,0,3f1f3aba3f3f2f6f
image_1693.hdf5,144367894,nature_landscape,wikimedia_commons,https://upload.wikimedia.org/wikipedia/commons/a/ac/Amboseli_National_Park_Kenya_05.jpg,https://commons.wikimedia.org/wiki/File:Amboseli_National_Park_Kenya_05.jpg,CC BY 4.0,,Ninaras,File:Amboseli National Park Kenya 05.jpg,"(6485, 4323)",ce643bfdc767cdc831af1503580b74e0,https://upload.wikimedia.org/wikipedia/commons/thumb/a/ac/Amboseli_National_Park_Kenya_05.jpg/1920px-Amboseli_National_Park_Kenya_05.jpg,0,27454f1a2168e0c0
image_1694.hdf5,106117667,nature_landscape,wikimedia_commons,https://upload.wikimedia.org/wikipedia/commons/3/38/Turnov_2021-05_20.jpg,https://commons.wikimedia.org/wiki/File:Turnov_2021-05_20.jpg,CC BY 4.0,,Miloslav Rejha,File:Turnov 2021-05 20.jpg,"(5102, 3401)",0ebfe88727c917b79b3f6b975eb17285,https://upload.wikimedia.org/wikipedia/commons/thumb/3/38/Turnov_2021-05_20.jpg/1920px-Turnov_2021-05_20.jpg,0,32a1ceceb3353472
image_1695.hdf5,148554674,building_exterior,wikimedia_commons,https://upload.wikimedia.org/wikipedia/commons/f/fd/Free_Assange_supporters_Wellington_New_Zealand_20_Feb_2024.jpg,https://commons.wikimedia.org/wiki/File:Free_Assange_supporters_Wellington_New_Zealand_20_Feb_2024.jpg,CC BY 4.0,,RobbieIanMorrison,File:Free Assange supporters Wellington New Zealand 20 Feb 2024.jpg,"(5400, 3550)",ef2350627d8c8640a0de57ef8c9e6789,https://upload.wikimedia.org/wikipedia/commons/thumb/f/fd/Free_Assange_supporters_Wellington_New_Zealand_20_Feb_2024.jpg/1920px-Free_Assange_supporters_Wellington_New_Zealand_20_Feb_2024.jpg,0,cdefccace686ae4e
image_1696.hdf5,76604292,building_exterior,wikimedia_commons,https://upload.wikimedia.org/wikipedia/commons/1/19/FDC_with_KNOX_Locking_Caps.jpg,https://commons.wikimedia.org/wiki/File:FDC_with_KNOX_Locking_Caps.jpg,CC BY 4.0,,Mark Cross,File:FDC with KNOX Locking Caps.jpg,"(4160, 3120)",f0c6db5e8f228fa2cead7804346e121c,https://upload.wikimedia.org/wikipedia/commons/thumb/1/19/FDC_with_KNOX_Locking_Caps.jpg/1920px-FDC_with_KNOX_Locking_Caps.jpg,0,cd3f6f5979795fc3
image_1697.hdf5,188140854,nature_landscape,wikimedia_commons,https://upload.wikimedia.org/wikipedia/commons/9/91/Au_sein_du_Parc_National_d%27Ankarafantsika_02.jpg,https://commons.wikimedia.org/wiki/File:Au_sein_du_Parc_National_d%27Ankarafantsika_02.jpg,CC BY 4.0,,Lalinah,File:Au sein du Parc National d'Ankarafantsika 02.jpg,"(4064, 3048)",43b0b888c6bccde39bc4574866637a10,https://upload.wikimedia.org/wikipedia/commons/thumb/9/91/Au_sein_du_Parc_National_d%27Ankarafantsika_02.jpg/1920px-Au_sein_du_Parc_National_d%27Ankarafantsika_02.jpg,0,362f2dece8c8e463
image_1698.hdf5,165031266,nature_landscape,wikimedia_commons,https://upload.wikimedia.org/wikipedia/commons/a/a9/NSG_Bleibachtal_NordOst_202505101724_32.jpg,https://commons.wikimedia.org/wiki/File:NSG_Bleibachtal_NordOst_202505101724_32.jpg,CC BY 4.0,,Photobits,File:NSG Bleibachtal NordOst 202505101724 32.jpg,"(4600, 3819)",6da823b1f411658e82796c62df9f8973,https://upload.wikimedia.org/wikipedia/commons/thumb/a/a9/NSG_Bleibachtal_NordOst_202505101724_32.jpg/1920px-NSG_Bleibachtal_NordOst_202505101724_32.jpg,0,1d23e0bc24028000
image_1699.hdf5,75360424,building_exterior,wikimedia_commons,https://upload.wikimedia.org/wikipedia/commons/7/77/Isfahan_city_b.jpg,https://commons.wikimedia.org/wiki/File:Isfahan_city_b.jpg,CC BY 4.0,,Morteza Salehi/Tasnim News Agency,File:Isfahan city b.jpg,"(744, 532)",652b905cc98b1ee3fb3c9b83a863b315,https://upload.wikimedia.org/wikipedia/commons/7/77/Isfahan_city_b.jpg,0,17374f4f19994d4c
image_1700.hdf5,184740744,nature_landscape,wikimedia_commons,https://upload.wikimedia.org/wikipedia/commons/e/e6/Yellow_mongoose_-_Kgalagadi_National_Park%2C_South_Africa.jpg,"https://commons.wikimedia.org/wiki/File:Yellow_mongoose_-_Kgalagadi_National_Park,_South_Africa.jpg",CC BY 4.0,,Nagarjun,"File:Yellow mongoose - Kgalagadi National Park, South Africa.jpg","(5120, 4800)",ac79543da198ca6c40a7d25f19232cbd,https://upload.wikimedia.org/wikipedia/commons/thumb/e/e6/Yellow_mongoose_-_Kgalagadi_National_Park%2C_South_Africa.jpg/1920px-Yellow_mongoose_-_Kgalagadi_National_Park%2C_South_Africa.jpg,0,d55149cc94959004
image_1701.hdf5,144873866,nature_landscape,wikimedia_commons,https://upload.wikimedia.org/wikipedia/commons/3/37/Desire_in_nature.jpg,https://commons.wikimedia.org/wiki/File:Desire_in_nature.jpg,CC BY 4.0,,Rashid Taghibayli,File:Desire in nature.jpg,"(4032, 3024)",9631a7b35639e1f01c90a433d24420d4,https://upload.wikimedia.org/wikipedia/commons/thumb/3/37/Desire_in_nature.jpg/1920px-Desire_in_nature.jpg,0,38080000460480f0
image_1702.hdf5,88533093,building_exterior,wikimedia_commons,https://upload.wikimedia.org/wikipedia/commons/f/fc/Galeria_Mokotow_ext_20190424.jpg,https://commons.wikimedia.org/wiki/File:Galeria_Mokotow_ext_20190424.jpg,CC BY 4.0,,E961,File:Galeria Mokotow ext 20190424.jpg,"(2592, 1944)",98e20cd6dba815cc2f99e9a5b373f643,https://upload.wikimedia.org/wikipedia/commons/thumb/f/fc/Galeria_Mokotow_ext_20190424.jpg/1920px-Galeria_Mokotow_ext_20190424.jpg,0,7e7e5efebf1f4dcd
image_1703.hdf5,177594766,nature_landscape,wikimedia_commons,https://upload.wikimedia.org/wikipedia/commons/9/98/Darter_%28Snakebird%29_in_Kaziranga_National_Park.jpg,https://commons.wikimedia.org/wiki/File:Darter_(Snakebird)_in_Kaziranga_National_Park.jpg,CC BY 4.0,,Soumil Mukhopadhyay,File:Darter (Snakebird) in Kaziranga National Park.jpg,"(3416, 2364)",41e1d79e34fddf158532ca1357b40521,https://upload.wikimedia.org/wikipedia/commons/thumb/9/98/Darter_%28Snakebird%29_in_Kaziranga_National_Park.jpg/1920px-Darter_%28Snakebird%29_in_Kaziranga_National_Park.jpg,0,28482535140c0610
image_1704.hdf5,113290917,nature_landscape,wikimedia_commons,https://upload.wikimedia.org/wikipedia/commons/a/aa/View_from_Tonelagee.png,https://commons.wikimedia.org/wiki/File:View_from_Tonelagee.png,CC BY 4.0,,Riccardo Salvatore Riggi,File:View from Tonelagee.png,"(6000, 4000)",a74393cb2ed4dc5d840a45df129f5e98,https://upload.wikimedia.org/wikipedia/commons/thumb/a/aa/View_from_Tonelagee.png/1920px-View_from_Tonelagee.png,0,13c7878f4fce6770
image_1705.hdf5,97527109,nature_landscape,wikimedia_commons,https://upload.wikimedia.org/wikipedia/commons/a/ab/Robinson_River_Shenandoah_National_Park.jpg,https://commons.wikimedia.org/wiki/File:Robinson_River_Shenandoah_National_Park.jpg,CC BY 4.0,,Fredlyfish4,File:Robinson River Shenandoah National Park.jpg,"(3024, 4032)",433d4f4cdc8b529ac6a5d5def26a68bc,https://upload.wikimedia.org/wikipedia/commons/thumb/a/ab/Robinson_River_Shenandoah_National_Park.jpg/1920px-Robinson_River_Shenandoah_National_Park.jpg,0,1e0e0dc38c2f0f9b
image_1706.hdf5,167198492,building_exterior,wikimedia_commons,https://upload.wikimedia.org/wikipedia/commons/3/3c/Klima_naprave.jpg,https://commons.wikimedia.org/wiki/File:Klima_naprave.jpg,CC BY 4.0,,Dibko,File:Klima naprave.jpg,"(4064, 3048)",311123e50d261f7e6efacb257f40f0e4,https://upload.wikimedia.org/wikipedia/commons/thumb/3/3c/Klima_naprave.jpg/1920px-Klima_naprave.jpg,0,5c465818a222a292
image_1707.hdf5,165262570,nature_landscape,wikimedia_commons,https://upload.wikimedia.org/wikipedia/commons/f/f8/Natural_Monument_38_%28Hanau%29.jpg,https://commons.wikimedia.org/wiki/File:Natural_Monument_38_(Hanau).jpg,CC BY 4.0,,KaiBorgeest,File:Natural Monument 38 (Hanau).jpg,"(5400, 3600)",35a9472328253793ce110fc622d093a5,https://upload.wikimedia.org/wikipedia/commons/thumb/f/f8/Natural_Monument_38_%28Hanau%29.jpg/1920px-Natural_Monument_38_%28Hanau%29.jpg,0,326171f8e0617171
image_1708.hdf5,38212179,building_exterior,wikimedia_commons,https://upload.wikimedia.org/wikipedia/commons/6/61/Heckelmanns_Building%2C_2015_-_1.jpg,"https://commons.wikimedia.org/wiki/File:Heckelmanns_Building,_2015_-_1.jpg",CC BY 4.0,,Kerry Raymond,"File:Heckelmanns Building, 2015 - 1.jpg","(3264, 2448)",9046223f28650ac3a17d065579f73b85,https://upload.wikimedia.org/wikipedia/commons/thumb/6/61/Heckelmanns_Building%2C_2015_-_1.jpg/1920px-Heckelmanns_Building%2C_2015_-_1.jpg,0,b373cfcc89cc4c08
image_1709.hdf5,84179565,nature_landscape,wikimedia_commons,https://upload.wikimedia.org/wikipedia/commons/f/f6/Zebra_at_Etosha_National_Park.jpg,https://commons.wikimedia.org/wiki/File:Zebra_at_Etosha_National_Park.jpg,CC BY 4.0,,Isabela Amaral,File:Zebra at Etosha National Park.jpg,"(1280, 853)",e1d892daf449880e55c4d02311a57121,https://upload.wikimedia.org/wikipedia/commons/f/f6/Zebra_at_Etosha_National_Park.jpg,0,781c562c0c92b232
image_1710.hdf5,154764473,building_exterior,wikimedia_commons,https://upload.wikimedia.org/wikipedia/commons/e/e5/OldFortNiagara2024SiegeOfNiagara1759FrenchCastleInTheMorning.jpg,https://commons.wikimedia.org/wiki/File:OldFortNiagara2024SiegeOfNiagara1759FrenchCastleInTheMorning.jpg,CC BY 4.0,,DanielPenfield,File:OldFortNiagara2024SiegeOfNiagara1759FrenchCastleInTheMorning.jpg,"(2560, 1920)",f362b94dd5bec1b8ae3c15d7a77db82c,https://upload.wikimedia.org/wikipedia/commons/thumb/e/e5/OldFortNiagara2024SiegeOfNiagara1759FrenchCastleInTheMorning.jpg/1920px-OldFortNiagara2024SiegeOfNiagara1759FrenchCastleInTheMorning.jpg,0,f0d6d775d6c0a740
image_1711.hdf5,151389103,building_exterior,wikimedia_commons,https://upload.wikimedia.org/wikipedia/commons/e/e4/Fachada_Radio_Sudamericana_1.jpg,https://commons.wikimedia.org/wiki/File:Fachada_Radio_Sudamericana_1.jpg,CC BY 4.0,,Yastay,File:Fachada Radio Sudamericana 1.jpg,"(4032, 3024)",db41658e06ca68eb45d5f5894919bf9f,https://upload.wikimedia.org/wikipedia/commons/thumb/e/e4/Fachada_Radio_Sudamericana_1.jpg/1920px-Fachada_Radio_Sudamericana_1.jpg,0,c0f07ccf3300f047
image_1712.hdf5,178843416,building_exterior,wikimedia_commons,https://upload.wikimedia.org/wikipedia/commons/e/e4/Paimpol_%2822%29_Abbaye_de_Beauport_Clo%C3%AEtre_24.jpg,https://commons.wikimedia.org/wiki/File:Paimpol_(22)_Abbaye_de_Beauport_Clo%C3%AEtre_24.jpg,CC BY 4.0,,Bo35bo35,File:Paimpol (22) Abbaye de Beauport Cloître 24.jpg,"(2736, 3648)",676d81fe4a5c707f1d34f183b185606c,https://upload.wikimedia.org/wikipedia/commons/thumb/e/e4/Paimpol_%2822%29_Abbaye_de_Beauport_Clo%C3%AEtre_24.jpg/1920px-Paimpol_%2822%29_Abbaye_de_Beauport_Clo%C3%AEtre_24.jpg,0,3c7c7ebadeccd8dc
image_1713.hdf5,171554768,nature_landscape,wikimedia_commons,https://upload.wikimedia.org/wikipedia/commons/d/d9/Tree_on_Lake_Gunn_Nature_Walk_in_Fiordland_National_Park_in_Southland_on_South_Island_of_New_Zealand.jpg,https://commons.wikimedia.org/wiki/File:Tree_on_Lake_Gunn_Nature_Walk_in_Fiordland_National_Park_in_Southland_on_South_Island_of_New_Zealand.jpg,CC BY 4.0,,Karel Stipek Austria,File:Tree on Lake Gunn Nature Walk in Fiordland National Park in Southland on South Island of New Zealand.jpg,"(3270, 2179)",5731d8a9106b93e07cf87135ad4a70f0,https://upload.wikimedia.org/wikipedia/commons/thumb/d/d9/Tree_on_Lake_Gunn_Nature_Walk_in_Fiordland_National_Park_in_Southland_on_South_Island_of_New_Zealand.jpg/1920px-Tree_on_Lake_Gunn_Nature_Walk_in_Fiordland_National_Park_in_Southland_on_South_Island_of_New_Zealand.jpg,0,b1b1f179b1a9d163
image_1714.hdf5,177888948,nature_landscape,wikimedia_commons,https://upload.wikimedia.org/wikipedia/commons/9/9b/Tottori_Prefecture_Sanin_Kaigan_National_Park_09.jpg,https://commons.wikimedia.org/wiki/File:Tottori_Prefecture_Sanin_Kaigan_National_Park_09.jpg,CC BY 4.0,,Zairon,File:Tottori Prefecture Sanin Kaigan National Park 09.jpg,"(5080, 3189)",f3c7c83628be78686465692590ba3cfa,https://upload.wikimedia.org/wikipedia/commons/thumb/9/9b/Tottori_Prefecture_Sanin_Kaigan_National_Park_09.jpg/1920px-Tottori_Prefecture_Sanin_Kaigan_National_Park_09.jpg,0,fdae52df9fdffb3d
image_1715.hdf5,157155201,building_exterior,wikimedia_commons,https://upload.wikimedia.org/wikipedia/commons/8/88/WA1214_36_St_Stephens_Cathedral_Vienna_1.jpg,https://commons.wikimedia.org/wiki/File:WA1214_36_St_Stephens_Cathedral_Vienna_1.jpg,CC BY 4.0,,VasuVR,File:WA1214 36 St Stephens Cathedral Vienna 1.jpg,"(6688, 4080)",d136bad1a80d83f8033f759afa6f3441,https://upload.wikimedia.org/wikipedia/commons/thumb/8/88/WA1214_36_St_Stephens_Cathedral_Vienna_1.jpg/1920px-WA1214_36_St_Stephens_Cathedral_Vienna_1.jpg,0,103031b552b57373
image_1716.hdf5,142358637,nature_landscape,wikimedia_commons,https://upload.wikimedia.org/wikipedia/commons/4/44/Watamu_Marine_Park_%26_Mida_Creek.jpg,https://commons.wikimedia.org/wiki/File:Watamu_Marine_Park_%26_Mida_Creek.jpg,CC BY 4.0,,Queen Asali,File:Watamu Marine Park & Mida Creek.jpg,"(4000, 3000)",4c8048b449dd6661864111ef529e5c16,https://upload.wikimedia.org/wikipedia/commons/thumb/4/44/Watamu_Marine_Park_%26_Mida_Creek.jpg/1920px-Watamu_Marine_Park_%26_Mida_Creek.jpg,0,83b09b3119b0e8e4
image_1717.hdf5,186269790,building_exterior,wikimedia_commons,https://upload.wikimedia.org/wikipedia/commons/d/d4/Sgt._Pepper%27s_Bistro_building_in_Liverpool.jpg,https://commons.wikimedia.org/wiki/File:Sgt._Pepper%27s_Bistro_building_in_Liverpool.jpg,CC BY 4.0,,Fatih Renkligil,File:Sgt. Pepper's Bistro building in Liverpool.jpg,"(6530, 4898)",824dddcc395ad7c70092d354b26bcc3c,https://upload.wikimedia.org/wikipedia/commons/thumb/d/d4/Sgt._Pepper%27s_Bistro_building_in_Liverpool.jpg/1920px-Sgt._Pepper%27s_Bistro_building_in_Liverpool.jpg,0,bcb23167c7e27f03
image_1718.hdf5,126402039,building_exterior,wikimedia_commons,https://upload.wikimedia.org/wikipedia/commons/3/37/Exterior-03%2C_Sankt_Petri_kyrka%2C_Ystad.jpg,"https://commons.wikimedia.org/wiki/File:Exterior-03,_Sankt_Petri_kyrka,_Ystad.jpg",CC BY 4.0,,"Lars Mongs, Arxfoto","File:Exterior-03, Sankt Petri kyrka, Ystad.jpg","(1300, 912)",035fc07da0b7f700851db81d4b9e6a87,https://upload.wikimedia.org/wikipedia/commons/3/37/Exterior-03%2C_Sankt_Petri_kyrka%2C_Ystad.jpg,0,9bada262709494e5
image_1719.hdf5,129037100,nature_landscape,wikimedia_commons,https://upload.wikimedia.org/wikipedia/commons/2/22/Aerial_perspective_of_Yalukit_Willam_Nature_Reserve.jpg,https://commons.wikimedia.org/wiki/File:Aerial_perspective_of_Yalukit_Willam_Nature_Reserve.jpg,CC BY 4.0,,Bob Tan,File:Aerial perspective of Yalukit Willam Nature Reserve.jpg,"(4032, 3024)",03d16bc915f143a837f35592d1d83107,https://upload.wikimedia.org/wikipedia/commons/thumb/2/22/Aerial_perspective_of_Yalukit_Willam_Nature_Reserve.jpg/1920px-Aerial_perspective_of_Yalukit_Willam_Nature_Reserve.jpg,0,ff824ce7a7a3cd38
image_1720.hdf5,150468488,building_exterior,wikimedia_commons,https://upload.wikimedia.org/wikipedia/commons/2/23/Anterior_aspect_of_Wiwaxia_papilio.png,https://commons.wikimedia.org/wiki/File:Anterior_aspect_of_Wiwaxia_papilio.png,CC BY 4.0,,Martin Smith,File:Anterior aspect of Wiwaxia papilio.png,"(3200, 2400)",809fd2828c31228179afa95ff08aadc9,https://upload.wikimedia.org/wikipedia/commons/thumb/2/23/Anterior_aspect_of_Wiwaxia_papilio.png/1920px-Anterior_aspect_of_Wiwaxia_papilio.png,0,ac4f1f9f6d6ba632
image_1721.hdf5,137743208,building_exterior,wikimedia_commons,https://upload.wikimedia.org/wikipedia/commons/f/f4/Exterior_picture_of_WIYN_building_%28noao-00874%29.jpg,https://commons.wikimedia.org/wiki/File:Exterior_picture_of_WIYN_building_(noao-00874).jpg,CC BY 4.0,https://www.nsf.gov/,NSF,File:Exterior picture of WIYN building (noao-00874).jpg,"(1300, 2000)",f571773c13ba46745b354ef6572decae,https://upload.wikimedia.org/wikipedia/commons/f/f4/Exterior_picture_of_WIYN_building_%28noao-00874%29.jpg,0,b34c48d8131ba3a4
image_1722.hdf5,193342630,building_exterior,wikimedia_commons,https://upload.wikimedia.org/wikipedia/commons/2/2b/MOA_FANCA_20260313.jpg,https://commons.wikimedia.org/wiki/File:MOA_FANCA_20260313.jpg,CC BY 4.0,,Szeronine,File:MOA FANCA 20260313.jpg,"(4080, 3060)",a5dae68b0fa5c3ee872306fdb9673f17,https://upload.wikimedia.org/wikipedia/commons/thumb/2/2b/MOA_FANCA_20260313.jpg/1920px-MOA_FANCA_20260313.jpg,0,28682921e1cc2828
image_1723.hdf5,152473132,building_exterior,wikimedia_commons,https://upload.wikimedia.org/wikipedia/commons/2/27/Reindeer_in_front_of_PaPaNa_in_Inari.jpg,https://commons.wikimedia.org/wiki/File:Reindeer_in_front_of_PaPaNa_in_Inari.jpg,CC BY 4.0,,Susannaanas,File:Reindeer in front of PaPaNa in Inari.jpg,"(1196, 1594)",6a8a3ced8959dcba72a8821d51b5ba56,https://upload.wikimedia.org/wikipedia/commons/2/27/Reindeer_in_front_of_PaPaNa_in_Inari.jpg,0,f0e0393bcee7f37f
image_1724.hdf5,190591857,building_exterior,wikimedia_commons,https://upload.wikimedia.org/wikipedia/commons/c/c9/Exterior_de_la_Biblioteca_Nacional_de_Colombia_-_02.jpg,https://commons.wikimedia.org/wiki/File:Exterior_de_la_Biblioteca_Nacional_de_Colombia_-_02.jpg,CC BY 4.0,,ProtoplasmaKid,File:Exterior de la Biblioteca Nacional de Colombia - 02.jpg,"(6000, 4000)",ef217635764f0a6ce4ec2f5fcf92ed4e,https://upload.wikimedia.org/wikipedia/commons/thumb/c/c9/Exterior_de_la_Biblioteca_Nacional_de_Colombia_-_02.jpg/1920px-Exterior_de_la_Biblioteca_Nacional_de_Colombia_-_02.jpg,0,3f1f73737373731f
image_1725.hdf5,183498786,nature_landscape,wikimedia_commons,https://upload.wikimedia.org/wikipedia/commons/6/6f/Buthacus_nitzani_in_Nitzanim_Nature_Reserve%2C_Israel.jpg,"https://commons.wikimedia.org/wiki/File:Buthacus_nitzani_in_Nitzanim_Nature_Reserve,_Israel.jpg",CC BY 4.0,https://www.inaturalist.org/users/5825627,Noah M,"File:Buthacus nitzani in Nitzanim Nature Reserve, Israel.jpg","(2048, 1904)",db57f38ce73175eb205676f9b495c2f4,https://upload.wikimedia.org/wikipedia/commons/thumb/6/6f/Buthacus_nitzani_in_Nitzanim_Nature_Reserve%2C_Israel.jpg/1920px-Buthacus_nitzani_in_Nitzanim_Nature_Reserve%2C_Israel.jpg,0,4444423200840400
image_1726.hdf5,154189378,building_exterior,wikimedia_commons,https://upload.wikimedia.org/wikipedia/commons/6/6e/305_Estaci%C3%B3n_de_Atocha_%28Madrid%29%2C_fa%C3%A7ana_sud%2C_pl._Emperador_Carlos_V%2C_3.jpg,"https://commons.wikimedia.org/wiki/File:305_Estaci%C3%B3n_de_Atocha_(Madrid),_fa%C3%A7ana_sud,_pl._Emperador_Carlos_V,_3.jpg",CC BY 4.0,,Enric,"File:305 Estación de Atocha (Madrid), façana sud, pl. Emperador Carlos V, 3.jpg","(4160, 2696)",5af965825caaa823071a7cb01a77d443,https://upload.wikimedia.org/wikipedia/commons/thumb/6/6e/305_Estaci%C3%B3n_de_Atocha_%28Madrid%29%2C_fa%C3%A7ana_sud%2C_pl._Emperador_Carlos_V%2C_3.jpg/1920px-305_Estaci%C3%B3n_de_Atocha_%28Madrid%29%2C_fa%C3%A7ana_sud%2C_pl._Emperador_Carlos_V%2C_3.jpg,0,229af0c72d78d984
image_1727.hdf5,47262343,building_exterior,wikimedia_commons,https://upload.wikimedia.org/wikipedia/commons/4/4b/Geovetenskapens_hus_R.jpg,https://commons.wikimedia.org/wiki/File:Geovetenskapens_hus_R.jpg,CC BY 4.0,,Calle Eklund,File:Geovetenskapens hus R.jpg,"(4780, 3186)",b48d836c39e5e0bc81d4f905ac51fe88,https://upload.wikimedia.org/wikipedia/commons/thumb/4/4b/Geovetenskapens_hus_R.jpg/1920px-Geovetenskapens_hus_R.jpg,0,245113121805c127
image_1728.hdf5,88840319,building_exterior,wikimedia_commons,https://upload.wikimedia.org/wikipedia/commons/e/e7/Kish_skyline.jpg,https://commons.wikimedia.org/wiki/File:Kish_skyline.jpg,CC BY 4.0,,Hossein Tahavouri,File:Kish skyline.jpg,"(800, 490)",d5d65aa846ffa230ec6b22c21844db59,https://upload.wikimedia.org/wikipedia/commons/e/e7/Kish_skyline.jpg,0,1f374da5e64b0006
image_1729.hdf5,148462319,building_exterior,wikimedia_commons,https://upload.wikimedia.org/wikipedia/commons/f/fe/Art_Wall_in_Pioneer_Women_Memorial_Hall.jpg,https://commons.wikimedia.org/wiki/File:Art_Wall_in_Pioneer_Women_Memorial_Hall.jpg,CC BY 4.0,,Epra266,File:Art Wall in Pioneer Women Memorial Hall.jpg,"(3024, 4032)",065a0afb0d1064fc219e499839b1f3f3,https://upload.wikimedia.org/wikipedia/commons/thumb/f/fe/Art_Wall_in_Pioneer_Women_Memorial_Hall.jpg/1920px-Art_Wall_in_Pioneer_Women_Memorial_Hall.jpg,0,c283077ccf8f8783
image_1730.hdf5,173721762,building_exterior,wikimedia_commons,https://upload.wikimedia.org/wikipedia/commons/8/8a/Catedral_de_Trani_-_Lateral.jpg,https://commons.wikimedia.org/wiki/File:Catedral_de_Trani_-_Lateral.jpg,CC BY 4.0,,Lohen11,File:Catedral de Trani - Lateral.jpg,"(3024, 4032)",b07291095fa7d94efe9b2dd1540ac8a0,https://upload.wikimedia.org/wikipedia/commons/thumb/8/8a/Catedral_de_Trani_-_Lateral.jpg/1920px-Catedral_de_Trani_-_Lateral.jpg,0,b0b630302b2b2669
image_1731.hdf5,150165193,building_exterior,wikimedia_commons,https://upload.wikimedia.org/wikipedia/commons/3/37/Fekri_House2024-04-23_6.jpg,https://commons.wikimedia.org/wiki/File:Fekri_House2024-04-23_6.jpg,CC BY 4.0,,Mohammad Rasool Moradi,File:Fekri House2024-04-23 6.jpg,"(800, 557)",64a6ded8930056a3a707a768b814b8a7,https://upload.wikimedia.org/wikipedia/commons/3/37/Fekri_House2024-04-23_6.jpg,0,f2d6cececececec4
image_1732.hdf5,184027105,nature_landscape,wikimedia_commons,https://upload.wikimedia.org/wikipedia/commons/f/fa/Pearl_Crescent_%28Phyciodes_tharos%29_-_Great_Smoky_Mountains_National_Park_-_September_3%2C_2023.jpg,"https://commons.wikimedia.org/wiki/File:Pearl_Crescent_(Phyciodes_tharos)_-_Great_Smoky_Mountains_National_Park_-_September_3,_2023.jpg",CC BY 4.0,,David Ratledge,"File:Pearl Crescent (Phyciodes tharos) - Great Smoky Mountains National Park - September 3, 2023.jpg","(2240, 1494)",8f63be6b8c4203e217ce93c5c6606dad,https://upload.wikimedia.org/wikipedia/commons/thumb/f/fa/Pearl_Crescent_%28Phyciodes_tharos%29_-_Great_Smoky_Mountains_National_Park_-_September_3%2C_2023.jpg/1920px-Pearl_Crescent_%28Phyciodes_tharos%29_-_Great_Smoky_Mountains_National_Park_-_September_3%2C_2023.jpg,0,333171566c3c9e0d
image_1733.hdf5,149871445,nature_landscape,wikimedia_commons,https://upload.wikimedia.org/wikipedia/commons/2/21/Swamp_in_Jasmund_National_Park.jpg,https://commons.wikimedia.org/wiki/File:Swamp_in_Jasmund_National_Park.jpg,CC BY 4.0,,DanelMar,File:Swamp in Jasmund National Park.jpg,"(5184, 3456)",74e86579fc700d788e478ae2e816c1c7,https://upload.wikimedia.org/wikipedia/commons/thumb/2/21/Swamp_in_Jasmund_National_Park.jpg/1920px-Swamp_in_Jasmund_National_Park.jpg,0,56560a0e4c4c1c14
image_1734.hdf5,179700038,nature_landscape,wikimedia_commons,https://upload.wikimedia.org/wikipedia/commons/e/e1/Cypripedium_parviflorum_in_Shenandoah_National_Park%2C_Virginia%2C_USA_513655317.jpg,"https://commons.wikimedia.org/wiki/File:Cypripedium_parviflorum_in_Shenandoah_National_Park,_Virginia,_USA_513655317.jpg",CC BY 4.0,https://www.inaturalist.org/users/434305,Alex Abair,"File:Cypripedium parviflorum in Shenandoah National Park, Virginia, USA 513655317.jpg","(1536, 2048)",366e61d486b5a211807e1cce87d2d0b5,https://upload.wikimedia.org/wikipedia/commons/e/e1/Cypripedium_parviflorum_in_Shenandoah_National_Park%2C_Virginia%2C_USA_513655317.jpg,0,9699861759140c63
image_1735.hdf5,92090907,building_exterior,wikimedia_commons,https://upload.wikimedia.org/wikipedia/commons/9/9a/Kopenhagen_am_13.3.2018_60.jpg,https://commons.wikimedia.org/wiki/File:Kopenhagen_am_13.3.2018_60.jpg,CC BY 4.0,,Christian Alexander Tietgen,File:Kopenhagen am 13.3.2018 60.jpg,"(4128, 3096)",10da10d013d91d70fb8bce21bd50e962,https://upload.wikimedia.org/wikipedia/commons/thumb/9/9a/Kopenhagen_am_13.3.2018_60.jpg/1920px-Kopenhagen_am_13.3.2018_60.jpg,0,70f4733f17358276
image_1736.hdf5,188408597,building_exterior,wikimedia_commons,https://upload.wikimedia.org/wikipedia/commons/c/c4/Lolita%27s_Sunbow_exterior.jpg,https://commons.wikimedia.org/wiki/File:Lolita%27s_Sunbow_exterior.jpg,CC BY 4.0,,RightCowLeftCoast,File:Lolita's Sunbow exterior.jpg,"(4032, 3024)",e1aa512e0de9c6675b9f21bbf6fa12bb,https://upload.wikimedia.org/wikipedia/commons/thumb/c/c4/Lolita%27s_Sunbow_exterior.jpg/1920px-Lolita%27s_Sunbow_exterior.jpg,0,71e5bcbca9b1397d
image_1737.hdf5,36998914,building_exterior,wikimedia_commons,https://upload.wikimedia.org/wikipedia/commons/e/e5/10_2014_Trento-Castello_Buonconsiglio-Castelvecchio-Mastio_Torre_Augusto_Sodegerio_da_Tito-_Loggia_interna_Johannes_Hinderbach_-_ITALY-_K-5_II_-Tamron_AF_17-50mm_F2.8-photo_Paolo_Villa_FOTO8909.JPG,https://commons.wikimedia.org/wiki/File:10_2014_Trento-Castello_Buonconsiglio-Castelvecchio-Mastio_Torre_Augusto_Sodegerio_da_Tito-_Loggia_interna_Johannes_Hinderbach_-_ITALY-_K-5_II_-Tamron_AF_17-50mm_F2.8-photo_Paolo_Villa_FOTO8909.JPG,CC BY 4.0,,Paolo Villa,File:10 2014 Trento-Castello Buonconsiglio-Castelvecchio-Mastio Torre Augusto Sodegerio da Tito- Loggia interna Johannes Hinderbach - ITALY- K-5 II -Tamron AF 17-50mm F2.8-photo Paolo Villa FOTO8909.JPG,"(3264, 4928)",e25930cf9a2be36cd275bcf4617dbd60,https://upload.wikimedia.org/wikipedia/commons/thumb/e/e5/10_2014_Trento-Castello_Buonconsiglio-Castelvecchio-Mastio_Torre_Augusto_Sodegerio_da_Tito-_Loggia_interna_Johannes_Hinderbach_-_ITALY-_K-5_II_-Tamron_AF_17-50mm_F2.8-photo_Paolo_Villa_FOTO8909.JPG/1920px-thumbnail.jpg,0,6acfce0c094c4d81
image_1738.hdf5,193346456,nature_landscape,wikimedia_commons,https://upload.wikimedia.org/wikipedia/commons/1/18/Beauty_of_Nature_around_the_Eibsee.jpg,https://commons.wikimedia.org/wiki/File:Beauty_of_Nature_around_the_Eibsee.jpg,CC BY 4.0,,Jp.Deguo,File:Beauty of Nature around the Eibsee.jpg,"(3456, 5184)",ad5da5f14f8553534ccaa507e353fc53,https://upload.wikimedia.org/wikipedia/commons/thumb/1/18/Beauty_of_Nature_around_the_Eibsee.jpg/1920px-Beauty_of_Nature_around_the_Eibsee.jpg,0,841070a431014672
image_1739.hdf5,183896757,building_exterior,wikimedia_commons,https://upload.wikimedia.org/wikipedia/commons/2/2a/Shopfront_Arts_exterior.jpg,https://commons.wikimedia.org/wiki/File:Shopfront_Arts_exterior.jpg,CC BY 4.0,,J03098,File:Shopfront Arts exterior.jpg,"(2807, 2115)",cd90c4136b8e36582535ad347dc1330f,https://upload.wikimedia.org/wikipedia/commons/thumb/2/2a/Shopfront_Arts_exterior.jpg/1920px-Shopfront_Arts_exterior.jpg,0,c8c8b4da76b68ea1
image_1740.hdf5,80952768,building_exterior,wikimedia_commons,https://upload.wikimedia.org/wikipedia/commons/2/29/Chloris_chloris_%28profile%29.jpg,https://commons.wikimedia.org/wiki/File:Chloris_chloris_(profile).jpg,CC BY 4.0,,Martin Kunz,File:Chloris chloris (profile).jpg,"(3508, 2732)",e894ab0659bbab54197a848e971e4bbd,https://upload.wikimedia.org/wikipedia/commons/thumb/2/29/Chloris_chloris_%28profile%29.jpg/1920px-Chloris_chloris_%28profile%29.jpg,0,3ad6deccc5c16472
image_1741.hdf5,147675214,building_exterior,wikimedia_commons,https://upload.wikimedia.org/wikipedia/commons/d/d3/Moscow_State_University%2C_Exterior%2C_Moscow%2C_Russia.jpg,"https://commons.wikimedia.org/wiki/File:Moscow_State_University,_Exterior,_Moscow,_Russia.jpg",CC BY 4.0,,Vyacheslav Argenberg,"File:Moscow State University, Exterior, Moscow, Russia.jpg","(4912, 3264)",022790baab8a37d0f5afdd301f77bcc8,https://upload.wikimedia.org/wikipedia/commons/thumb/d/d3/Moscow_State_University%2C_Exterior%2C_Moscow%2C_Russia.jpg/1920px-Moscow_State_University%2C_Exterior%2C_Moscow%2C_Russia.jpg,0,90919715145455d4
image_1742.hdf5,147944745,nature_landscape,wikimedia_commons,https://upload.wikimedia.org/wikipedia/commons/4/46/Miopithecus_ogouensis_%28Bat%C3%A9k%C3%A9_Plateau_National_Park%29.jpg,https://commons.wikimedia.org/wiki/File:Miopithecus_ogouensis_(Bat%C3%A9k%C3%A9_Plateau_National_Park).jpg,CC BY 4.0,,Tony King,File:Miopithecus ogouensis (Batéké Plateau National Park).jpg,"(2048, 1536)",c07650d1119c2aacff82d5b3a9955889,https://upload.wikimedia.org/wikipedia/commons/thumb/4/46/Miopithecus_ogouensis_%28Bat%C3%A9k%C3%A9_Plateau_National_Park%29.jpg/1920px-Miopithecus_ogouensis_%28Bat%C3%A9k%C3%A9_Plateau_National_Park%29.jpg,0,0db4746d0b1e3cfb
image_1743.hdf5,48966180,building_exterior,wikimedia_commons,https://upload.wikimedia.org/wikipedia/commons/3/3f/Astorga_64_by-dpc.jpg,https://commons.wikimedia.org/wiki/File:Astorga_64_by-dpc.jpg,CC BY 4.0,,David Perez,File:Astorga 64 by-dpc.jpg,"(3872, 2592)",8f61354f7d6a2a3bf01c3563d0402b8f,https://upload.wikimedia.org/wikipedia/commons/thumb/3/3f/Astorga_64_by-dpc.jpg/1920px-Astorga_64_by-dpc.jpg,0,37233b64656363cb
image_1744.hdf5,113548330,nature_landscape,wikimedia_commons,https://upload.wikimedia.org/wikipedia/commons/3/37/Kaluzhskiye_Zaseki_Nature_Reserve_%2810.3897-BDJ.8.e58688%29_Figure_2.jpeg,https://commons.wikimedia.org/wiki/File:Kaluzhskiye_Zaseki_Nature_Reserve_(10.3897-BDJ.8.e58688)_Figure_2.jpeg,CC BY 4.0,,"Shashkov M, Alexeev S, Ivanova N (2020) Communities of ground beetles (Carabidae, Coleoptera) in broad-leaved forests of protected and urban areas of the Kaluga Oblast (European Russia). Biodiversity Data Journal 8: e58688.",File:Kaluzhskiye Zaseki Nature Reserve (10.3897-BDJ.8.e58688) Figure 2.jpeg,"(3008, 2000)",5c3b7d4fb33a26505c79f82487d7eb90,https://upload.wikimedia.org/wikipedia/commons/thumb/3/37/Kaluzhskiye_Zaseki_Nature_Reserve_%2810.3897-BDJ.8.e58688%29_Figure_2.jpeg/1920px-Kaluzhskiye_Zaseki_Nature_Reserve_%2810.3897-BDJ.8.e58688%29_Figure_2.jpeg,0,9e87979724280e3d
image_1745.hdf5,160050439,nature_landscape,wikimedia_commons,https://upload.wikimedia.org/wikipedia/commons/b/b1/Chital_in_Mrugavani_National_Park.png,https://commons.wikimedia.org/wiki/File:Chital_in_Mrugavani_National_Park.png,CC BY 4.0,,Mitsingh,File:Chital in Mrugavani National Park.png,"(361, 362)",54f417689bcf45f5cfe7845042a30c0f,https://upload.wikimedia.org/wikipedia/commons/b/b1/Chital_in_Mrugavani_National_Park.png,0,0713460006061000
image_1746.hdf5,82879132,building_exterior,wikimedia_commons,https://upload.wikimedia.org/wikipedia/commons/5/50/Nagomari_culture_house.jpg,https://commons.wikimedia.org/wiki/File:Nagomari_culture_house.jpg,CC BY 4.0,,M.,File:Nagomari culture house.jpg,"(4032, 3024)",6762fe186743332488c6392fee065df8,https://upload.wikimedia.org/wikipedia/commons/thumb/5/50/Nagomari_culture_house.jpg/1920px-Nagomari_culture_house.jpg,0,4858141454d45864
image_1747.hdf5,86271513,building_exterior,wikimedia_commons,https://upload.wikimedia.org/wikipedia/commons/f/fd/Bornem_Hingene_E._Vleminckxstraat_1_Afsluitingshaag_kerkhof_%283%29_-_176514_-_onroerenderfgoed.jpg,https://commons.wikimedia.org/wiki/File:Bornem_Hingene_E._Vleminckxstraat_1_Afsluitingshaag_kerkhof_(3)_-_176514_-_onroerenderfgoed.jpg,CC BY 4.0,,"Van der Linden, Geert",File:Bornem Hingene E. Vleminckxstraat 1 Afsluitingshaag kerkhof (3) - 176514 - onroerenderfgoed.jpg,"(640, 480)",98ab37d2f2ca1b87895cfebeab10cb9f,https://upload.wikimedia.org/wikipedia/commons/f/fd/Bornem_Hingene_E._Vleminckxstraat_1_Afsluitingshaag_kerkhof_%283%29_-_176514_-_onroerenderfgoed.jpg,0,170e0fff3d9e9f1b
image_1748.hdf5,174394321,nature_landscape,wikimedia_commons,https://upload.wikimedia.org/wikipedia/commons/8/88/Anzali_Wetland_2025_A_Spectacular_View_of_the_Nature_of_Northern_Iran_15_Mehr.jpg,https://commons.wikimedia.org/wiki/File:Anzali_Wetland_2025_A_Spectacular_View_of_the_Nature_of_Northern_Iran_15_Mehr.jpg,CC BY 4.0,,Behnam Yousefi,File:Anzali Wetland 2025 A Spectacular View of the Nature of Northern Iran 15 Mehr.jpg,"(1280, 853)",814af67d6ec78e3e8d17ed9110e5a999,https://upload.wikimedia.org/wikipedia/commons/8/88/Anzali_Wetland_2025_A_Spectacular_View_of_the_Nature_of_Northern_Iran_15_Mehr.jpg,0,0068244661644464
image_1749.hdf5,166206793,nature_landscape,wikimedia_commons,https://upload.wikimedia.org/wikipedia/commons/a/ad/Giraffe_in_Serengeti_National_Park_with_Trees.jpg,https://commons.wikimedia.org/wiki/File:Giraffe_in_Serengeti_National_Park_with_Trees.jpg,CC BY 4.0,,Maximilian Staub,File:Giraffe in Serengeti National Park with Trees.jpg,"(4560, 3040)",a0ae312e5fe7cefcf7800e0c2658887c,https://upload.wikimedia.org/wikipedia/commons/thumb/a/ad/Giraffe_in_Serengeti_National_Park_with_Trees.jpg/1920px-Giraffe_in_Serengeti_National_Park_with_Trees.jpg,0,380d88cac6574103
image_1750.hdf5,128337509,nature_landscape,wikimedia_commons,https://upload.wikimedia.org/wikipedia/commons/0/01/Cultural_program_was_held_in_Ala-Archa_National_Park_in_Bishkek_05.jpg,https://commons.wikimedia.org/wiki/File:Cultural_program_was_held_in_Ala-Archa_National_Park_in_Bishkek_05.jpg,CC BY 4.0,https://commons.wikimedia.org/wiki/User:Freiheiten,Freiheiten,File:Cultural program was held in Ala-Archa National Park in Bishkek 05.jpg,"(1774, 1292)",e7902774c66cb7e5ed7e5c15d1cac315,https://upload.wikimedia.org/wikipedia/commons/0/01/Cultural_program_was_held_in_Ala-Archa_National_Park_in_Bishkek_05.jpg,0,0facd29266489966
